text,emotion
pagi2 udah di buat emosi :),marah
"kok stabilitas negara, memange 10 thn negara tdk aman, bahkan sby menyuburkan ormas2 radikal, intoleran, teroris, yg berafiliasi ke partai tertentu..narasi klhtn intelektual tp bodoh..",marah
dah lah emosi mulu liat emyu,marah
"aib? bodoh benar! sebelum kata aib itu muncul, terlebih dahulu sudah ada tindakan. yakni kekejian! jangan kau sembunyikan caramu menelaah masalah. semisal anak perempuanmu ditempeleng! apa kau juga setuju untuk dia bersikap bungkam? melapor polisi adl benar. lantas apa bedanya",marah
dih lu yg nyebelin bego,marah
"asli malu maluin org indo tolol yg rep latah ""cilukba"" pake huruf hijaiyah sm ""ngntd"" sama ganti huruf t pake salib, ada tiktok filipin lewat fyp aku dan repnya ""ngtd"" semua, dasar goblogg trend tiktok ter tolol",marah
drama abg tolol,marah
masih emosi sih sama katla kemarin. mana keterangannya gini aja. ((hasil mengaci)) kzl.,marah
"bangsat tribute no.1, bencana no.2 mau ngalahin ini keknya",marah
pengen pergi jauh terus teriak sambil nangis sekencang kencangnya nanti balik kalo gue udah lupa segalanya wkwj kn tolol mustahil banget,marah
ya allah mau marah tpi gimana ya,marah
silibus kita memang kbat gila babi. bodoh yang buat silibus ni. learning should be fun.,marah
"pagi-pagi dikerjain orang haha dikira gua bego, ya gua ladenin lahh liat sampe manaa",marah
"angka covid lagi naek. kalo masih dilanjut event offlinenya, asli bodoh sih ni brand.",marah
"bukan lebih ke sangar sih , kalo menurutku goblokk bin tolol . di ingetin untuk kebaikan malah acuh",marah
"mas ngelonte dulu mas, biar otaknya jadi seger lg, bagi org kafir seperti lu ngewe dgn lonte ibadah yg utama. punya tolol kok kebangetan bgt sih",marah
1-10!! marah aku,marah
tolol banget. mana ada bercinta. yg ada mimpi di kejar kejar setan semalem. asu bocil nih yang iya iya aja kalo bicara,marah
"izinin suami poligami buat menghindari zina? lol banget, heh mmngnya nabi saya poligami gegara mata keranjang trus sangean? trus ada niatan zina, tpi biar gak zina jdi dinikahin? ngelirik cewek sambil nyebarin ajaran agama gitu? tolol, belajar agama lagi sana",marah
gua nyerah joki aja kali ya tugas poem ya allah kenapa aku bego b ing,marah
hah? kaya dendam bnaget sama ibu,marah
huahh benci covid bangett. semoga berhenti di jimin tidak ada jungkook dan juga taehyung. no god pliss,marah
"benci banget sama diri sendiri, gampang nangis kalo ngobrol sama orang tua.",marah
"ni geng lgbt patutle. libtard, gay, bodoh, tahi",marah
iya ni tvn kan suka memancing emosi penonton,marah
sei ini ya gue baru bangun tidur udh bikin emosi aja,marah
mau marah bangeett kenapa orang orang jahat bgt si,marah
kadang suka emosi baca beginian tapi orang goblog emang susah kalo diajak ngobrol,marah
si mutajir mancing emosi sih pagi2,marah
udah gw baca panjang-panjang kirain analisisnya bakal boom. ternyta hanya hasil pikiran otak pendek. tolol,marah
emosi bung,marah
mvp pun kene marah tak capai kpi ke ?,marah
opini lu jelek bro. menutup keburukan dg agama lu benarkan. poligami untuk menghindari zina? tolol! palkon banyak bacot ttg agama ya gini,marah
kapan ya manajemen di rs diubah biar ga lempar lemparan gini anjimm orang ke rs tuh butuh penanganan cepet bukan bolak balik ribet. emosi kan gue ajgg,marah
dari turunkan ayam 2 kupang baik buat polisi majukan industri sumber makanan negara. kita negara tropika kot apa jadah harap makanan ternakan import? bodoh sangat ke orang malaysia sampai dedak ayam pun tak boleh buat sendiri?,marah
unesco org arab hahaa kata yg benci anis,marah
"satu kata jangan mengundi , sebab semua bodoh",marah
"diam, adalah jawaban terbaik untuk menghadapi orang bodoh!",marah
"sangat tolol bbm langka,beras mahal cuma sarapan jagung dan ubi sebelum berangkat sekolah itu sekitar 2006 sampai 2011",marah
bangsat ini akun sy di hack kah?,marah
"lah kakak gue yang umur 33 harus manggil gue yang umur 23 apaan anjrit kalo bukan adek? ""oh saya anak tunggal, ada anak perempuan satu lagi punya ayah ibu saya"" gitu? tolol ih.",marah
ni betul2 punya marah..,marah
"ternyata ada yg lebih bego dari aku, jauh malah",marah
harus nya dihukum mati itu bangsat. rusak nama sumut karena dia,marah
hmm siapa lagi yg harus aku benci,marah
tyhan gue ga kuat banget bangsat,marah
sumpah gw emosi banget yoo,marah
yg dinamakan org prik bin tolol,marah
ini faisal basri ngga lagi kena stroke kan? atau tiba2 mental retarded? ciri khas jokowi? ketukar sama sby pak faisal. jgn bangsat drun.,marah
dipta kamu jangan bego bisa ga?,marah
iya anjrott jangan jangan dia punya dendam sama gue ya,marah
"apa bedanya coba awal chat huruf kapital apa engga ? sahabat, kamu kok tolol",marah
"bangsat, mang lu udah?",marah
"saya bisa masak, saya ini sudah ada bekal untuk main benda tajam dan minyak panas, jadi tolong hargai saya dan jangan bikin saya marah",marah
bego ya begi diba astaga,marah
gue baik tapi gue ga tolol. semoga orang tua gue sehat terus lancar rejeki. biar ga usah gue ngandelin sodara kaya anjing.,marah
bangsat,marah
"eh, kau tidak pernah merancang kejatuhan orang kau benci dengan perempuan lain kah?",marah
hah bodoh kali kau pantek,marah
emosi mlu nnti jd burag loh,marah
yaa kann ga ngerasa cape cuman larinya jadi lemot bangett. emosi gue,marah
shipper sebelah kalo ga suka sama noren ga ush mampir uda tau benci sama noren malah baca au nya kocak bngt lo,marah
tak sempat la ni nak balas dendam minggu depan. mesti sakit dh hilang time tu,marah
"islamofobis/buzzerp, yaitu: 1. para *njing sepilis dan komunis, pelaku maksiat yg ingin mencari pembenaran atas kelakuannya. 2. para b*bi kafir, pecundang debat teologis scr akademis yg ingin melampiaskan dendam kekalahannya.",marah
iya juwi emosi nih gw pagi2,marah
aku benci kata jenuh,marah
gw benci sekolah,marah
bacoot kadrun emang bangsat,marah
bangsat masih berani main sosmed,marah
ajarkan kepada anak lelaki; tolong opininya jangan kelewat tolol.,marah
km nyinyirn q sma antek2 nya berharap q marah tenang q punya jurus jitu q bales pake solawatan dzolim kesel sendiri kan hahaha,marah
gausah kaget kalau tiba2 gue jadi benci sama sodara gue. dasar orang gatau diri. benalu. kacang lupa kulit. bajingan sama sodara sendiri.,marah
hahah bangsat,marah
"ha tuh lu doang, tau definisi adek ga sih lu ilah bikin emosi.",marah
"nnton sis, masih on going. emosi mulu yah, sekarang nntonnya udahlah ikutin aja",marah
"kenapa agama yg lurus dr tuhan yme bs menjadi bengkok hingga bermacam2? sebabnya krn ada org2 bodoh dan sesat spt itu. sdh banyak dr zaman dl, namun motifnya tetap sama yaitu utk kepentingan perut dan sekitarnya.",marah
"dpt mimpi kok mendukung keparnoan, bangun2 bangsat bgt bete au ah, mending ga usah tdr apa ya",marah
haah .. belajar chargeman a1 sekali kerja amik former kat kilang jadi worker .. dengan orang atas yang kejap okay kejap tak okay nak ikut cakap dia macam kerja tak pernah siap kimak .. semua kerja siap tapi bodoh nak memekak jugak .. baruah,marah
"woii bodok.. klo semua komplain, beropini,berargumen,berpendapat dkk mngenai kbijakan pemerintah. buat apa pileg dlakukn?? goblok di pelihara. lu lakukan itu malah buat anggota legislatif terhormat itu makan gaji buta.. tolol. pendapatan aggota dewan itu 10x gaji umr tiap bulan",marah
terserah dan masa bodoh jika kamu tidak suka atau bahkan membenciku . rasa kesalku belum juga hilang,marah
jangan sampai rakyatÂ benci,marah
"gue kira di menfess sblmnya lu mau ngejokes trnyata bego beneran wkwk lo ga tau definisi ˜adik ™ atau gimana? semua org nyebut saudara kandang yg lebih mudanya ya ˜adik ™, ga usah nyuruh2 org buat ngaku deh, lo doang yg mikir bgtu bego! ga jelas lo",marah
marah btol bang,marah
"auto belit apa? mmg ah dia org marah bila kena kencing oleh gov india. indira gandhi gunakan perkara ini sbg peluang untuk politikus dia, itu yg menyebabkan ltte bunuh indira gandhi. ko pergi baca sejarah kenapa ltte tu diwujudkan. tak sama langsung mcm taliban.",marah
cok pagi pagi dibuat emosi,marah
bersabar dengan emosi yang ada di dalam diri ini.,marah
"benci tasik, benci jakarta",marah
sepertinya opung msh dendam bu,marah
aduh bangsat ganteng banget lagi ni orang,marah
paling benci kalo lagi diem terus panik sendiri gatau bingung kenapa :),marah
kalau cerita kat laki aku pasal mimpi malam td mesti kena marah,marah
bangsat ntarnta pasti nangis haha pengecut nada tolol mati aja lo,marah
bodoh punya statement ..baik gi minum arak ..melacur ..main judi ..baru betul thrill,marah
((ngaku aja)))) lah bego ngajak2 gak nder yg nganggep adek cuma anak kecil lu doang,marah
gajadi soft malah emosi.,marah
elu jangan bikin gue marah,marah
jarina hasebe hobi ngomel dan marah marah.,marah
capee lagi puasa ada aja yg dibikin marah nya tu,marah
anjinglah brengsek bangsat,marah
emosi yaa........,marah
tahulah nak luah kat siapa. terasa bodoh gila,marah
"benci juga karakternya cheol. kek itu uda keliatan han sakit hati, knp harus ditegesin dlu baru peka??!! ga mempermasalahkan his feeling towards nu, tp the way he treated han that i hate the most. dipermainin bgt haha, jerk.",marah
"poin 1-2 okelah, poin selanjutnya itu lho, gw cowok aja marah bacanya",marah
nape lo yg emosi?,marah
ya kalo mau poligami ikuti sunah rosul tunggu istri pertama meninggal dulu dan lu nikah ma nene2 yang udh tua dan miskin buat diurus bukan mau enak nya doang tolol,marah
"betul org cakap, kalau tak bodoh bukan bn namanya..",marah
kalau bad day sangat pun takde hak nak emosi kat orang lain. tak professional!,marah
pagi pagi bangun dah fucked up. bodoh,marah
percaya tapi benci gua kalo suka diem doang kaga ngomong lgsg kek gua kaga gigit elah dan lu cowo yg gentle dong masa kalah sama gentle jen,marah
akhirnya bangun siang. tp si bodoh ini kaga solat subuh,marah
"aku pura-pura tidak tau saja kebohonganmu yang terhakiki, entahlah aku pura-pura bodoh saja nanti juga akan ketahuan sendiri biar waktu yang menunjukkannya",marah
tetep aja namanya selingkuh kok ya tolol banget. kakean alesan,marah
"nah ini yg gw ksl gw si b aja lah liat si bright sm tu soalnya kek phinong bet tpi yg gw benci klo kek gt suka ngelunjak anjr fans nya mn ngejelek""in iwin lgi trs pasti udh kek berasa real bet pdhl cmn fanservice",marah
aku dendam sama ntu dua orang itu.,marah
sange sama perempuan lain? puasa. tahan diri. jaga pandangan. bukan poligami bangsat. lo miskin tapi gegayaan poligami tuh gimana ceritanya?? nanti istri jelek ga keurus karena lo ga kasi duit langsung ditinggalin. heran gue kenapa laki-laki punya otak ga dipake dah,marah
"dulu waktu smp saya jengkel banget sama ibu saya, mau pergi naik bus dari jombang ke bojonegoro (jawa timur) pake dianterin ke terminal bus. padahal pinginnya naik angkot saja.",marah
eh bukan jadi mangsa maki atau kena marah but concerned pasal tak bercakap. tetiba.,marah
"tolong jangan benci fany, fany baik-baik kok gak makan orang kok",marah
gabole marah  nanti cepett tua,marah
si gwinam?? kayaknya dia punya keinginan hidup yg tinggi kan ada dendam sama chongsan,marah
permulaan yang bangsat untuk febuari 2022,marah
baca komenannya sungguh menguras emosi asu,marah
lagian sih kemarin siapa sih yg milih ini gubernurr ???? wong dudul koyok ngene .,marah
"kata mama harus baik samaa orang lain tpi kalo orang itu ngelunjak yaudah diemin aja tapi gue orangnya ga tega an.. jdi ya gtu, jatohnya malah tolol ngebantuin orng yg ga bisa usaha sendiri",marah
"bahkan ada dari tweet yang maksudnya supportive. parahnya tuh nggak dibarengi dengan nanya baik-baik atau diskusi, tapi langsung ngegas. bener-bener jadi ruang marah-marah aja",marah
"iya ituu benci bgt, makin hari ada aja peraturan ga jelas kek gini huhu",marah
jgn la marah dia. lesen l pun dia takde lagi tu.,marah
"mak yng darah tinggi andin makk, knp mamak yng marah marah, lanjutkan makk",marah
"tolol, namanya adek ga harus anak kecil. adek ya, yang posisi lahirnya setelah kakak, mau jecil atau gede ga ada urusan.. dongo",marah
bangsat bener krn pelakunya adalah guru yg seharusnya mengayomi,marah
"diorang ni semua dah lama nak borak dengan kau. tak fun kata diorang, kalau tak dengar kau buat lawak bodoh satu hari.  tu dulu la jepp. haha.  kitorang dengar kau tengah on satu projek. big project. semua bercakap pasal kau jo.  takde la. benda takde pape lagi. ",marah
tiati bego beneran,marah
"yhh marah  mulu lo, cepet tua mampus",marah
bloon. mana ada yg mau kalah. mang bego anjing kntl,marah
"mun sepatah ku becakap, kau utuk. baik tah ku diam. pastu kau marah pulang aku diam? ngak paham",marah
aku benci kau..,marah
contoh orang tolol bin dongok,marah
selama perintah suami tidak melanggar syariat. hormat tapi nggak tolol. makanya islam buat org yg mau berfikir..,marah
"ahahaaa khas buzzerp jokowi nuduh org mau, dituduh marah",marah
"lah bego, itu all of us are dead kali gwinam",marah
aing macan marah?,marah
bangsat banget,marah
"padahal gw stay di lokasi jg dianggurin lol buat apa lu nge-hire org luar klo kyk gini ceritanya tolol jd ga pengen gw duitnya mereka gajelas bgt, bikin stress doang, padahal mah ya tinggal beresin doang si, proyek dah kelar juga, dibikin pusing amat",marah
tolong leon jangan sampe kebawa emosi ya,marah
benci banget gue sama ini orang.,marah
makanya pada ngaji yg bener biar gak bego..,marah
ledik jancuukk tai anjingg setann tolol babi monyett,marah
supaya generasi yg sekarang jadi bodoh..kan mudah di begoin,marah
atheis punya rasa benci? kirain umat beragama aja. lalu apa bedanya :)),marah
trus hubungane opo bangsat!,marah
"bangsat, ngagetin aja",marah
emosi mulu kek ahok,marah
"pebenda lah org penuh dgn emosi last episode, time tu jugak dia nak sumbat ppl",marah
gue benci hari sabtu,marah
"gatau,gue benci banget",marah
suka nih yg bikin emosi gini jadi tag aku dong kack,marah
aneh banget bego lu,marah
"jujur shock di bagian bangsatnya sih, biasanya kayaknya drake doang ga ampe bangsat",marah
we ustzh marah sbb takde orang masuk kelas pai lepastu rupanya dia yang salah masuk link,marah
buat dan kalo mau nyerang pemerintah itu janjian dulu gitu..keliatan pada bego nya kalo begini !!??,marah
gw bukan paling mulia tp gw manusia normal yg jijik liat kaum homo. lagipula di agama di larang tolol. masih aja lu ngeyel. kl lu masih blm benar jgn bgt kata2 lu. kaya lu uda benar aja homo.,marah
ya allah marah betul tengok video ni,marah
semangatt walaupun dalam hati berkata bangsat,marah
"sebb tu kalau org2 macam ni nak jalan aku buat x tahu je, selamba je jalan. kau x de hak nak halang2 jalan org. kecuali ambulans. bodoh",marah
"aneh ga sih? padahal dia lebih sering keluar berdua diem-diem ga ngajak aku tapi aku gada marah samsek krnapa giliran aku minta tolong buat ditemenin beli sesuatu dianya marah anjim aowkaowkaow padahal kan skornya juga 2:0,5 klo dipikir-pikir",marah
"hiyahiyahiya. terpesona, ku pada pandangan pertama. dan tak kuasa menahan emosi.",marah
"dipakai untuk acara pernikahan tuh, bodoh.. kunjungi ke tkp jangan cuma maen jempol aja luu.. keree gk punya ongkos, gw bayarin dah, gw mah gitu orangnya",marah
padahal yang suka marah marah itu lo,marah
bukan pens emyu namanye kalo gak ikut2an tolol,marah
aa maaf pagi pagi malah marah marah,marah
asli asli tolol bat gw yaampun,marah
lu yg tolol anjir,marah
marah mulu perasaan,marah
bodoh betul g la check org yg xcden tu dulu,marah
ntah tolol beneran atau 'pura-pura tolol' yang masih butuh informasi tentang saya ketika semua akun sosial saya terbuka untuk umum.,marah
"makanya anjir gue emosi, kesel banget nontonnyaa",marah
"bener, tpi juga bikin kesal lama2 liat mukanya",marah
main pakai first e pon kalah gak dengan kelab bodoh. apa bala la m.u ni,marah
bodoh banget gak sih,marah
pagi2 kok udah emosi,marah
ya gimana ya bangsat ya gitu gasii,marah
"ga jadi deh, aku mau kak mark aja biar kamu emosi.",marah
jangan biarkan satu hal yang bodoh ngehancurin kebahagiaan lo seharian.,marah
lah ngapa jadi bawa sby? bro pada hakikatnya sah2 saja apabila ada orang yg muji maupun benci asal alasannya konkret dan tdk munafik ngomong apa ngasi gambar apa.. jaka sembung bawa kembang ga nyambung sayang,marah
"gue punya facebook ,coba buka bem ternyata sama aja banyak virus adm, wabahnya nyebar, ini manusia bodoh perlu banyak didikan, ampe urat malu putus kurang didikan",marah
orang bodoh jadi ustad pengikutnya jadi bodoh semua,marah
khai lu bego bgt tolol brengski oon gblok aaaak ksel bgt gw kesell,marah
kebawa emosi,marah
"dari awal gasuka karakternya nu, knp dia bisa seserakah itu?? dan bodoh bgt segitu butanya. this is why i called him a jerk",marah
mu tolol,marah
"rasa macam terlalu bodoh untuk law ni, nk ambil course lain lagi la bodo keje grab je la",marah
emosi bgt klo ada yg bilang cakep harus putih. makan taii!,marah
"anjir bsbsnya mimpi iparku ternyata jelmaan siluman babi, y tp kalo dipikir2 ada korelasinya si sm sikap, sifat dan tingkah lakunya yg ga layak disebut manusia wkwk cok baru kali ini aku bisa benci banget sama manusia",marah
dah bodoh dah relax nanti sendiri sakit,marah
"lo yg menganggap poligami adalah solusi dari perzinaan. oiya dan ngga semua laki2 mau poligami juga. poligami ngga gampang. banyak orang yg benci poligami karna manusia2 kayak lo. inget ya, tanggung jawab poligami itu berat.",marah
pickaw punya dendam kek nya,marah
"bokap: ngelarang anak & istri nunjukin rasa jengkel also bokap: kalo jengkel nada ngomongnya ketus, banting pintu, narok barang kasar",marah
"si bodoh, minta monthly salary gak ngitung dulu kalo diannual ternyata sama aja sana sama sini pas di approved bingung kelabakan",marah
mungkin dia pengikut pimpinan pesantren yg cabul itu makanya bisa bikin opini se tolol gitu,marah
bodoh ajgg,marah
bapak pengkhianat negara bergaduh dengan bapak songlap negara dah tikam belakang ph nak jadi good cop  pulak lawak bodoh!,marah
"diselingkuhin mereka belum sampe pacaran sih, tapi main belakang aja. diem diem gitu tapi ga mulus, bego banget mereka pdktnya jadi ketauannya cepet",marah
"anjr kesal bgt sm yg suka curi"", semangat ashh smoga lancar jd bisa di td punya si pencuri mana judulny dari yg keren jdi cuman bridge, tree, fragment",marah
sabar sabar gak boleh marah,marah
"mestinya yg benci pemerintah di obatin sampe sembuh,tdk hanya covidnya yg sembuh tapi sakit hatinya juga sembuh..",marah
"1. jangan main klarinet. 2. jangan pernah melambaikan lampu senter ke depan dan ke belakang terlalu cepat. itu dianggap undangan. 3. jangan pernah berhenti menatap sekitar. 4. jangan makan keju, kecuali yang kotak. 5. jangan pakai topi sombrero. 6. jangan pakai baju bodoh.",marah
bangsat dah ini,marah
"yang no 3 ""izinkan suami berpoligami,untuk mencegah perzinahan"" aduhh goblok banget ya jadi orang, jadi selama ini pernikahan itu zina gitu? dan poligami itu bagus & dianjurkan diagama gitu? helloww diagama gaada tuh 1 kontol harus 2 lubang. bajingan bangsat lo",marah
dah emosi og dari tadi wkkw,marah
say! gimana cara mainin perasaan cowo dan nantinya si cowo kek nyesel udah ninggalin cewenya gitu? kata temenku si gitu biar berpikir si cowonya ninggalin si x adalah pilihan bodoh ,marah
"klo naksir ada si nder cuma setiap mau dideketin aku selalu ngasi lampu merah, jd pada mundur sendiri sendiri. aku disuruh sekolah dlu sm ortu, aku benci penolakan maka dari itu aku kasi lampu merah aja drpd pas nembak aku tolak, aku takut mereka sakit hati",marah
"taik gua benci twitter, suka ke refresh sendiri bangsaat, padahal tadi ada tweet lucu jadi gak kebaca",marah
konyol bego,marah
boleh benci tapi jangan bodoh,marah
"salah sendiri baperan, tolol!",marah
dah hari ke 6 pun still kena marah pasal panadol,marah
bangsat bener juga,marah
pengen keliatan pinter tapi tolol,marah
tolol bgt nilo jilat tai sebdiri guwvtakut siiii bayangin omar marahh eumm,marah
luv emyuu tolol sumpah,marah
nah ini satu lagi cebong tolol nongol..,marah
klo mau di suruh mati berarti kamu tolol,marah
oh pantes orang mengakui bodoh og. panjang umur dualisme ckck,marah
"mereka ini ga pernah liat orang negro apa ya, rasis banget bangsat",marah
gua benci dimana setiap gua mulai suka sama orang kenapa orang itu seakan-akan menghindar,marah
biarin marah banget aing kali ini,marah
pagi tiba tiba baca banyak berita di tl cebong ngamuk ngamuk dan cari banyak alasan tentang dewa nya tidak di hargai luhut saat pidato.cebong menghibur diri pura pura bahagia.cebong cebong bodoh idiot kalian itu permanent.mentang mentang gratis loe ambil semua bodoh nya.idiot,marah
"lagunya sakusa habis diputusin atsumu habis itu misuhin lagu ""yakali ajg gue bisa benci lo. yakali ajg gue cari yang baru. gue maunya lo gak yang baru gak dengan benci lo""",marah
"soalnya dari kecil udah dicekokin kalo yang cakep itu yang kulitnya putih, alias tolol",marah
kesel bgt anjir pagi2 udah ribet lu bangsat,marah
bodoh,marah
"jengkel bgt sama call centernya buru2 bgt closing nya, padahal masalah belom kelar. parahh!! oia kan sicepat namanya",marah
kegaduhan yg ditimbulkan dan efek demo bersilit silitnya sampe skrg ga ilang2. meski pd akhirnya mrk marah krn kecewa jebul sing didukung malah pada dadi mentri kabeh,marah
janji dapat dedak bodoh pun bodoh la..,marah
ini yg kelimaa anjing sial mulu dalam seminggu bangsat ntar besok apa lagi nih taiik,marah
sdh banyak masyarakat yg tau gerak-gerik pembohong penjual dalil si bangsat provokator hh pemecah belah anak bangsa.. mmg polisi hrsnya sgr menjebloskan bui bajingan jnj,marah
minta nak makan macam2 minta la suami ko. minta org lain suruh beli pulak. bodoh,marah
bodoh lah takda flight terdekat,marah
masi pagii tahan jangan emosi:),marah
bisa-bisanya mark gak calling gue /marah,marah
emyu yg kalah kok aku yg emosi yaa?,marah
aku yakin mereka bakal jengukin sih tapi kita ga tau ya mereka mau share apa enggak. yang penting jm ga sendirian lagi ahh copit bangsat. minta maaf lu bikin mimi sakit dan sndirian,marah
hukum bangsat hanya buat bangsat !,marah
lagii rame kalo suami boleh pukul istri yaa. kalo pukul bercanda ga bikin lebam aku sih biasa ajaa tp aku tipe org yg gasuka disakitin jd kalo aku dipukul kupukul balik soalnya sayah semasa hidup gapernah pukul aku marah aja ga pernah krn ak anak satu2nya,marah
"bodoh banget dah checkout maybelline lupa pilih hadiah,",marah
"gamau eskrim mau balas dendam sama om jev anjg maap kak esmosi jiwa - gpp, lagi, om jevan shibal..",marah
"di satu sisi, kalopun emang proses kemaren gue gagal, gue gapapa banget minum obat lagi. yang penting kelar. please banget. gue udah benci banget di situasi di mana gue cuman keep rasa sakit sendiri dan gue susah kemana mana. benci banget.",marah
"dari 15 match competitive, yg menang cuma 4, tolol mending uninstall lagi aja udah, emang gk berbakat",marah
gue masih jengkel yaa sama temen temen sekelompok gue,marah
"slogan tu dah boleh buang, ganti dengan ""semua polis adalah bangsat""",marah
wkwkakak faker tolol ye,marah
"setelah kucing gua udh di steril selama 13 hari itu udah dikurung dirumah, dan hari ini kabur dong main lagi ke rumah si tetangga sinting ini langsung gua kejar eh berharap gak ketemu dia tau2 malah sapaan ketemu amnjing bener dah bangsat",marah
baru juga reda emosi nya udah emosi lagi,marah
sorry bang gue paling benci kalo ada yang bilang dia lebih cape dari gue,marah
"masih pagi, udah marah marah aja",marah
"frik ambis gajelas, males gua, merasa bodoh gabisa nyimbangin asu, kesannya jelek mulu gua padahal rata rata udah oke",marah
"jangan buat gua spill lu di rl ya njir, gua udh sabar udh hps twt udh ganti username tapi lu kayaknya emg nyari ribut sm gua ya cwek bangsat",marah
tau apa yg buat gue marah? lg baca au tbtb ke out sendiri,marah
bego bgt knpa maksa ya,marah
mmf yh say! menanyakan hal bodoh xixi,marah
"parahh bangsat banget ya, planga plongo dongo beleng2 bangsat2 yg cr makan dr menghiaap darah orang dn nyawa orang",marah
"genius kang taehyun happy birthday anak lanang sehat terus jan sakit klo sakit aku marah kangen tyunn sulap, jg pengin tyunn ada konten masak trus upload di yt gitu _ __",marah
"kenapa sih gw malah download valorant lagi, tolol",marah
ni sume sbb rakyat bodoh!! pi pilih lagi org yg menyusahkan rakyat tu watpe?? asal melayu isle tu betul la?? hanggok hang!,marah
"jujur gue malu jadi orang indo, kok bisa tinggal senegara sama orang2 bodoh kyk gini semua",marah
awan lu dendam ama gua ngomng wan,marah
lagi kesal gegara kelompok,marah
bilangnya realistis butuh duit sbnrnya lebih ke oke gw cari yg banyak duit gt ga si org materialistis tuh. iinget segalanya butuh uang tapi uang bukan segalanya. agak emosi emg sis kalo sok sok realistis tp trnyata materialistis,marah
gue benci sama lo!,marah
kenapa pagi-pagi gini udah ada yang bikin emosi,marah
wkwkwk tolol,marah
karena saya egois dan bego,marah
"setan kribo ini model 2nya kyk si murtad saefudin ibrahim yg skrg pendeta yg selalu mendeskriditkan islam..si setan kribo klo mo murtad, murtad aja sekalian..jd umat islam cm bikin masalah n nebar fitnah..klo pemahaman agama islamnya dia bener gak kyk gini narasi si bangsat ini",marah
masih pagi gue dah emosi.,marah
"ternyata gue di block sama cowo kr di ig gegara dia pas minta foto yg aneh"" ke gue trs gue tolak, lagian minta foto yg aneh"" mulu dikata gue bego apa",marah
anak cucu para bangsat bangsa?,marah
hal yang paling gue benci dari sebuah proses adalah.. nungguin. dan lebih menyakitkan adalah nungguin hasil di kala badan masih belom membaik. capek banget tiap hari harus bergantung sm ibuprofen dan obat-obat lainnya biar sakitnya berkurang.,marah
menghindari perzinahan kok poligami sih tolol banget goblokkkkk. makanya titit nya gausah gatel liat perempuan tetangga.,marah
marah,marah
emosi gue emosi asu,marah
"malah ke kirim yg ini jancuks bau"" bakal marah:)",marah
"terlalu cuek dan capek berantem terus, tiap gue complain karna dia terlalu sibuk dan cuek malah dia yg marah, like what??",marah
marah muluu,marah
selamat pagi mari memulai hari dengan emosi yuk mampir~,marah
masih pagi udah emosi,marah
"apasih bawa2 tahun, tolol",marah
anjing gue baru nonton all of us dead bawaannya emosi bgst,marah
"haduh jangan pjj dong, udah mulai ngerti pelajaran tiba tiba pjj jadi bego lagi ntar",marah
"bener bgt sih. banyak bgt yg benci ama gw. salah satunya pas gw kerja di penulis. ada nih 1 tmn gw yg didepan baik, dibelakang malah bilang ke kakak ipar gw kl dia gk suka gw, malah cenderung ke benci. pas gw diputus kontrak, dia tuh seneng bgt njir.",marah
"gua steril kucing aja abis 1 juta 3 ratus 80 ribu men bangsat mahal kan tapi karna kucing gua udah tua jadi reaksinya lama bgt masih suka spray urine sembarangan, suka teriak2 minta keluar nah itu yg bikin gua pusing",marah
"kalau tak p blaja tak p keje jauh, tak bergaul. rasanya aku pun benci ngan perangai aku thanks everyone sebb jadi contoh terbaik :)",marah
"daftar orang tolol dan idiot yang menolak kemajuan peradaban indonesia.. nanti akan dicatat sejarah penolak kemajuan indonesia, fotonya di pajang di tempat sampah",marah
"gue suka bingung, orang tuh kenapa sih caper banget mau atensi orang dengan ngehate sc? barangkali lo baca tweet'an gue nih, tolong ya lo baca, kalo lo gak suka sama mika sok ngomong to the point gak usah kek kontol sukanya ngehate pake sc kayak orang tolol, pecundang. :)",marah
tolol banget ini mah mana 17 lagi yang udah liat,marah
"kalo di sinetron itu yg jahat jahat banget yg baik bego banget --""",marah
"twt w mulai nga jelas ni keknya, mulai sedih, marah, kesel, nyinyir, lambe turah. bukan kind human lagi:(.. ok let's go ke pak ayi, aku ngobatin mental ku dulu gais",marah
fagg benci bgt gue liatnye.,marah
"gua benci sama orang yg hidupnya kaya mp3, banyak lagunya",marah
bisaa dong yah! jgn bikin emosi dulu pagi-pagi !!,marah
"saya sungguh benci akan seto , dia ialah seksual anjing pokok pelukan sahaja",marah
kalo marah balik kek anjg lah,marah
"serius gue kangen banget wkwkw sampe nangis kadang kepikiran. tapi sekarang gue lg benci banget sama tuh agensi. sadar ga si kalo lu diem aja nih idol lu yang kena imbasnya. percuma diem  buat redain masalah, pastinya di sepanjang karir jake nih masalah bakal di ungkit",marah
"kita tengah bersiap dia call, memang kena marah la duit pun takde, hutang apa pun tak tahu la",marah
siap tolol,marah
yg membuat rakyat tdk mempercayai penguasa: 1. sering bohong pemimpinnya 2. melarang rakyat melakukan sesuatu tp dia sendiri yg melakukannya 3. terlalu vulgar mempertontonkan kebodohan dan mengaggp rakyatnya semua bodoh,marah
benci bat sama kumpulan ibu ibu,marah
"pinjem duit di leasing, giliran ditagih marah ke penagih bayar listrik nunggak, giliran petugas pln cabut fasilitas listrik, eh petugas pln malah dikeroyok. pesan barang cod, enggak sesuai ekspektasi, malah kurir yang disuruh bayar. wow, luar biasa!",marah
salahnya dimana ketika harus marah pada hal yang salah?? sedang kebaikan kebaikan yg juga ada pada video engkau potong potong.. gak kelas komisaris ndul..,marah
"masih pagi jangan marah"" bundaa",marah
orang2 itu perlu di ajarin attitude berbelanja deh kyk nya. emosi,marah
"opini lo yg nomor 3 bodoh, zaman nabi poligami itu untuk ngebebasin wanita dari budak dsb, kalau kata"" lo disini lo cuma mau cari enak di elu aja sumpah gedeg bgt gua manusia modelan gini",marah
kalau tunjuk muka dgn anak dan isteri kemudian buat kenyatan bodoh ni..tu bukan berani bang..tu bapak bangang lagi bodoh degil mcm kaldai yg tk fikir anak2 dan isteri tersayang..ibarat kau bgi gambar kau dgn isteri kau tengah berjubo depan anak2..then berlegar dlm sosmed.,marah
"halah hidup kok cuma modal kontol tapi pengen cewek banyak, berlindung dibawah sunah rosul. nih nabi yg denger pernyataan lo kayak gini nangis anjir, sesat bangsat! belajar agama boleh, tapi jangan sampe mabok kayak org ini ya teman.",marah
pagi pagi dah marah marah,marah
ya ampun pagi pagi udah bikin emosi wkwk,marah
another manusia tolol yang cocok dikebiri,marah
marah marah terus! keriput!,marah
enuf la buat drama acah masalah sosial masyarakat ni. most of the story lebih pda tnjuk negative yg 'lekat' kat kepala je.. acah je pdhal nak rating = masalah sosial increase.. and then nama melayu. tukar la nama lain. bodoh pny director,marah
tp lebih tolol fenss nya sih,marah
yg bego gue maraton baca seminggu doang di wt eng pas tau dia bakal daily pass,marah
sabar sabar jgn emosi,marah
jarta ama ael pagi pagi udah bikin emosi anjing,marah
"habis itu sakit hati, tolol banget emang",marah
astaghfirullah marah marah,marah
jalanan masih luas lu ngapain klakson tolol depan belakang lu kaga ada kendaraan,marah
"eh tiba tiba si a ini masuk jadi kelompok aku, aku yg emng agak punya dendam *maaf ya allah* kaya dih apasih, udah mah dia bawa kating tanpa ngasih tau ke aku dan temen aku t lagi",marah
tolol sampe ke dna nya ni orang..,marah
dia pasti marah,marah
dengan berlindung merasa punya hak imunitas dpr ih bodoh amat saya gak pilih dia sebagai perwakilan rakyat sok orang sunda diam wae santet saja dari jarak jauh si orang pdi p itu nanti nglunjak dan besar kepala nya ..si anjing,marah
"semua yg dari arab pasti halal cuy bagi sebagian orang-orang bodoh yg ada di indonesia kdrt aja dibenarkan kencing onta aja diminum teroris dijadikan anggota fatwa mui teroris dijadikan ulama, ustadz n guru agama kok",marah
"maaf nih mus, kl mnrt sy yg bodoh ini, bknya yg mau pdh ibu kotanya tok to, emange wong sak jakarta arep melu pindah kbh? kan kantor2 perusahaan2 kabeh isih neng jakarta, cm urusan administrasi negara sing pndh to? kui mgk ngko yo isih ono perwakilan kementrian2 sik neng jakarta",marah
gerombolan ngawur bin tolol..,marah
buzzerrp bani bipang kafer komunis komen kepanasan.. 2022 masih bodoh bin dungu mudah di bohongin dan di tipu.. manusia rendah moral dan akhlak,marah
pengen marah tapi ngga tau ke siapa,marah
karena saya kesal di detik2 terakhir masih ada aja yg jd,marah
"hallo.. gue makin kesini makin gangerti knp se kepo itu sama masalalu doi gue. kek seneng aja liat masalalu doi gue tu ga bahagia kek tolol banget lu nyia""in doi gue yang emng superduper baik gue bertrimakasih si sama lo karna lo dah buang doi gue.",marah
"tapi walaupun ada scene uwu di rs, rating malah turun. karena setiap scene ada si jessi yg muncul, jadi pindah2 chanel tiep dia muncul. lebih baik ku lihat konflik perebutan reyna walaupun harus emosi juga liat tingkah kuyang. tapi ketimbang aku lihat si jesika",marah
hahaha tuh kan udah bangkotan bodoh pula,marah
aku benci kenapalah korg tepuk masa ni! hoi!!!!!!!,marah
makin jeblok suara pdip di jawa barat ..buat orang sunda semangkin benci ..,marah
pe yg kau benci sangat siel ngan aku,marah
"udah gw duga, soalnya tumben bgt cube ngegas bgt promosinya dll, jadi keinget cb helicopter kmrn . cube, kalo lo sampe ngapa2in anak gw awas ya. gw marah bnrn, marah bgt.",marah
"nah kan banyak homophobic nyampah di lapak itu foto mana kebanyakan dari indo lagi. mancing sih pake aplod segala, ujung2nya kan ada yang bawa2 w dan dia kena hate. bangsat emang yang nyuruh fanservice!",marah
pagi2 udh dibikin jengkel. heran,marah
"eeee bak je baca ni ak gamau emosi sndirian, dia yg minjem kok dia yg ngatur pantek ajan leme cicingan ne",marah
"lucu menurut saya itu adalah wilayahnya presiden, dpr, dan mpr. bukan gubernur. kalau begitu artinya gubernur memiliki wewenang utk menyatakan diri merdeka. diksi yang bodoh. artinya pemindahan ibu kota tdk pernah memikirkan nasib jakarta selanjutnya mau dijadikan apa?",marah
langsung melek gw bangsat,marah
"terus lawan siapa? tambah suwe tambah koyok wkwk lanjutkan lawakannya nawak nawak, gak emosi blass kok malah lucu lak nyawang",marah
aq sumpah benci nerd yng main romen buku setiap hari pastu poyo nn hotboys,marah
kok lu tolol bgt sih nder,marah
"giliran sgala hal yg berbau islam dikebiri,dpojokkan dg alih omikron. srius yg muslim kaga marah??imannya turun atau emnx pura2 muslim?",marah
"kurang tolol apalagi cb ni agama? tuhannya gak ngasih hukum cerai malah yg nikah lg dianggap zinah. dan gobloknya masih ada aja yg mau jdi kristen, emg sih setolol-tololnya monyet aja ga nyembah sesama monyet, lah ini manusia dikasih akal kok nyembah sesama manusia.",marah
tolol bersama..,marah
ini boleh ga si aku kecewa or marah sama dia haha.. cuma krn aku beli acrylic frame trs majang pc bareng sama polaroid ortuku dia blg gini apa aku doang yg sensi nih ya dikira nge kpop bikin lupa semua hal? bahkan ortu sendiri? lo bikin gw makin ga mau kenal spesies cowok,marah
brengski w benci bgt sm matek,marah
bentar bentar masih pagi jangan emosi dulu. mau ganti akun dulu buat maki-maki,marah
reply la ws apa yang susah sangat nak suruh fix app je pun kang aku tak masuk kelas pastu kata aku ponteng bodoh betul,marah
"sumpah, shara bangsat anjeng bajingan",marah
baru bangun kena marah tiba tiba but we should keep kiyowo,marah
"poin ke 3 kayak org bodoh ga sih? ngapain udah nikah berzinah sama wanita lain, ya di pikir aja. itu mah emang nafsu lo yang kayak gitu, sok-sok an berlindung di balik kata zinah.",marah
ckp macam ni pun tk rasa nk marah ke kecik hati ke hmm,marah
"katanya orang bisa jadi bodoh karena cinta, tapi aku ngga peduli semua itu. aku cuma mikir, betapa bodoh	Anger
gue senin kmrn ampir di serempet motor karena bule tolol naik nmax lawan arah. gue posisi liat kanan karena laju kendaraan dr sana kan, eh si bangsat ngebut dr kiri. bener2 1 inch from terrible2 accident..	Anger
aku marah karna dia berantakan bgt dah gamau beresin tpi aku yg disebut gila harus diruqyah anjing pengen punya rumah sendiri biar bisa pergi jauh dari keluarga ini minimal aing lah yg mati duluan	Anger
sama diri sendiri aja gk jujur, kalo sakit yah bilang bodoh, obatin, bukan di sangkal !!	Anger
etmin harus banyak banyak sabarr:') walau sebenernya ak liatnya juga ikutan emosi	Anger
sampe gua pernah bilang ke dia kalo ketemu kucing saya dirumah situ tabokin aja pake sapu, tusuk kepalanya, lemparin aja dari lantai 2 situ"" saking udah kesel marah bgt",marah
gw mau marah bgt bacanya yaallah masi pagii ini emosi gw di uji mulu perasaan,marah
"masih pagi loh, udah ada yg bikin emosi aja",marah
goblok mah goblok sendiri aja buibu.. tetangga di gresik kmaren gini semua. miris. punya komunitas bego nan tolol itu hal tergaenak yg pernah gua alami 3 tahunan disana.,marah
gue marah tapi gue sayang sama lo !!,marah
aduhh si tolol keceplosan,marah
yg gak menyebalkan di dunia ini cuma reinernajskakeksbaku pgn marah anjingg pgn teriak ngentot sekeras kerasnya,marah
"terpantau balas dendam goro"" sumpek ndek dosen sing sak penake dewe",marah
bodoh..,marah
kenapa bangsat,marah
tak sah tak bodoh,marah
tahu tak benda bodoh apa yang aku dengar dekat radio pagi ni? lagu hael 'kelentang kelentung' diorang nyanyi translate ke english tak memasal era ni dah kena maki,marah
hah paling benci emang hal begitu.,marah
"sjshhd yaampun iya pantesan, ih bego banget aku",marah
padahal kubu kamu juga buat naik daun kan anis rakyat juga gak bodoh tolol,marah
"lain kali otak tuh biarin aja stay di kepala jangan dipindah pindah ke kontol juancok, tolol kan jadinya. gih musnah aja, ngehabis2in oksigen aja kalau hidup",marah
"baju ilang lagi laundryan, pagi2 dah bikin emosi",marah
bodoh tdk apa tapi jangan dungu om said didu belajar mufon dari sakit hati om,marah
"¼kata kasar // harsh word ¼ bismillah asu babi bajingan celek jancuk kontol monyet tai anjing ngentot goblog tolol asuu astaghfirullahalazim, maaf",marah
"padahal de gea baru dapet penghargaan, udah dibuat sedih lagi sama tim tolol",marah
bangsat,marah
salah bank katanya tak bagi paperwork pakai letterhead firma dia. eh eh. kau yang bodoh ok. bank pon kata kau tak check sebelum bagi cust sign,marah
no 3 sama 4 tolol banget bngst,marah
"dia siap kata kalau alter perkataan kena sign tepi tu. hello, aku ke yang kena sign? tanya la front hang apesal aku lak yang diragukan. nasib x kena carut aku dahlah ak marah betul kalau org spoil mood ak pepagi",marah
"luffy : selain bodoh, kau juga pengecut! aku tidak menyukaimu..!",marah
di bilang kalau sudah hatinya hitam mana ada bisa bedain putih atau hitam. yg pintar bisa mendadak bodoh kalau sudah hatinya penuhin dengan penyakit hati,marah
"jangan bodoh, ga boleh kena umpan",marah
apalagi bodoh,marah
marah nih nunaa,marah
"5/6 aakkkk benci kalo pulau2 kecil, ga paham",marah
takan ada kesempatan kedua jika tahun ini kalian masih bego semua data hasil kaya saya sia sia buat cerdaskan kalian,marah
"baunya busuk banget sumpah, gatau kucing w nih punya dendam apa sama gue pokoknya tiap dia kentut pasti deketin dan sok2 manja. aslinya kentutt",marah
centi bgt bangsat,marah
lagu ngegalau kelas 10 pas lagi jaman jamannya galauin cowo yang seharusnya ngga gue galauin haha dasar bodoh,marah
"inilah contoh orang2 yg belum siap bersosial media ya gini nih udah close minded, racist, bodoh attitude gak ada",marah
tiap kali nak marah mesti kena mcm ni. hahah takpela tak jadi nak marah,marah
"emosi dri kmrn ga ilang""",marah
"kyak gini nih manusia paling tolol! dikit dikit bawa agama, pola pikir goblok berkedok agamis.",marah
harinih nak pegi sekolahkan lawyer bodoh yang menyusahkan customer. haritu dah sign paperworks semua alih2 dia kata document silap print and i pula kena all the way pegi sign balik. firma bodoh itu langsung taknak bertanggungjawab even datang half way to meet client,marah
bodoh punya orang ! aku doakan makanan yg kau beli jatuh terburai tanpa sempt kau masuk mulut pun. amin,marah
emang emosi,marah
sumpah bikin emosi aja pagi pagi,marah
"satu keluarga suka kucing tapi ada 1 orang yaitu nenekku yang benci banget sama kucing kalo ketauan main kucing pasti diomelin, diperingatin toxo, penyakit, terus bulu nempel sebel banget apaan sih",marah
aku benci isi kepala ku isi hatiku dan semua,marah
iya tuh bapak emak w emang bodoh,marah
bodoh kau emang.,marah
"saraf pada otak mutanjir kena, ini mah udh ga ketolong tolol nya",marah
cebong memang bangsat,marah
"nah ini. kalau yg kita benci kejahatan2nya, siapapun wajib dilaporkan. dalam kejahatan itu siapapun bisa terlibat, kan?",marah
aku benci tahun ini,marah
pagi pagi dah bikin emosi yaa,marah
"oematmu tolol sih, gabisa bedain mana bunglon mana asli. kebanyakan halu ngentod ama bidadari transparan ya gini jadinya, otack tydak dipakai ya gesya",marah
artinya lg marah,marah
terus ujaran naon? ujaran bangsat? ujaran kunyuk?,marah
gpp gw emosi aja sama lu.,marah
ayo emosi jangan sabar,marah
azab jualan ayat lha bego,marah
duh adek gw bangsat dikasih duit buat infak malah dijajanin,marah
idih maunya enak di elu aja bodoh,marah
"benci banget sistem kredit. ok lah mereka mau cari untung lebih, tapi ngotak dikit lahh.. pantes emak w bacot bgt kalo 1% itu banyak beli cash di suruh indent 1 bulan udah gitu di diemin (gak ada basa basi atau nawarin lain). kalo kredit dah tuh heboh sendiri mereka nihh",marah
[cuping marah],marah
"jangan marah marah, namanya juga sepak bola, wasit juga manusia, bisa bikin salah tapi dada dari mana ya lord",marah
"no 3 kaga bener banget menurut gua mah. woii mencegah perzinahan ya lu tahan napsu bego jangan minta poligami. sekate kate banget minta poligami cuma buat muasin nafsu sendiri, jerk. dan no 4 menurut gua penyampaiannya salah distu seolah olah istri ni cuma alat pemenuh kepuasan",marah
lah adek gue udah lulus kuliah juga masih gue panggil adek. ade ade aje lu yee pagi pagi bikin emosi ni maap,marah
poin ke 3 tolol banget anjir astagfirullah,marah
tata lo juga bego yaa,marah
"santai buat cowok , gak ush emosi , sabar ok. biarkan mereka menilai seperti yak apa tentang cowok , kita cukup memilih mana yg lbh cocok haha",marah
btw perayangan ini lama lama bikin jengkel ya hmm,marah
ih tolol ya ketakutan tantrum bocahnya dikampus sampe malem,marah
gausah nambah emosi tad,marah
jgn percaya org yg berpihak pd rezim bong.. cerdas dikit ga usah banyak2.. kebanyakan ttp aja tolol..,marah
anjing!! akun tolol,marah
"halah taik. pagi2 dibuat emosi gw, support system support system tatai anjingan",marah
balas dendam dg cari ini mmg paling elegant,marah
aneh lu bangsat,marah
"iya itu kan dulu, taun lalu, sebelum tobat jadi pemuja fol ges, ngeyel banget kamu. kamu gatau saya ini pemuja fol ges, profil pake fol ges, mengakui klo fol ges itu godfather saya? kamu tolol banget sih. aku jijik banget sm kmu. capekbbggt:((",marah
"aku benci banget sama kamu,hatimu itu bagaikan busway yg sering mengeluar masukan orang lain",marah
mau marah ayank update gua udah tidur,marah
"dit, gue bodoh. ranking 35/36 jadi menurut lo, apa gue paham arti md itu sendiri selain mercedes benz?",marah
"bangsat orang yg suka minjem duit pas ditagih"" malah lari gausa dikasi ampun",marah
"ahaha benar, pagi pagi sarapan saja. jangan marah marah, nanti lekas tua.",marah
"emang bangsat para netizen, sampe bayi aja dihujat macam itu",marah
biasaa ada aja org bikin emosi,marah
kata bapak gua kl dapet mertua atau suami pola pikirnya begini di pikir pikir lg kena bukan cuman bikin sakit hati tp sakit batin dan sakit segala galanya . karena mertua atau suami yg baik gabakalan ngelakuin atau nyuruh hal bodoh,marah
"bangsat, lu jg member malik anjim",marah
"mungkin ngerasa gaenak pak karna gopal udah tinggi jabatannya di aafikabbogor, dan mungkin juga dikira cuma bercanda, mau negur ga berani mau marah juga ga berani mungkin gitu yaa",marah
kalau nanti 2024 suaranya tetap dapat banyak.. berarti kalian memang pantas terhina dan jangan marah kalau dihina.,marah
dimesjid jaga jarak..di mall desak desakan..demi kaos rebutan wooii..udah 2022 msh jg tolol..,marah
"tolol banget gue, anjing. kok bisa kelepasan",marah
pagi2 mmbuat emosi gan,marah
"ada bws yg ngert tweet ku, dia ngira ak benci krna gaada moment bw tah?? ak benci krna trailernya penuh sad moments..",marah
maless org bego dia soalnya,marah
"faisal basri udah kesal sangat. abisnya si bakhun bela jokowi pake gigi lima, gaspol. sebelum live ngomongnya lain, pas live lain lagi. ya udah, saatnya keluarkan aji pamungkas.",marah
"makin benci dan sebel terhadap agama2 terutama sekali agama yg entu, udah bisanya cuma bikin susah orang, ngga ada gunanya lagi..",marah
karna kucing gua itu belum di steril jadinya dia cari kucing jalanan biar sama dia dikawinin karna kucing gua ini jantan akhirnya karna kucing gua suka main ke teras tetangga ini dan katanya suka berak sembarangan sama berisik jadinya tetangga ini marah bgt,marah
lo berdua bego gausah rebutan,marah
"topa tolol, bukan berarti semua orang ikut pindah",marah
"mau apapun yang aing post di medsos ya berarti aing merasa hidup aing udah cukup , bukan buat alesan saria nginjem duit ka aing dan ga bayar hutang, makin sini kaya makin tolol aja emang orang2",marah
"ioe la wax nga doug si yeufou xalei,lolou nga tolol",marah
vu que wahd marah yesraf 3liya w 3amarli jibi yedkom fougeh je vis kima nebghi ana n3ish w ntweeti cha nebghi w ndir cha y gouli rassi,marah
bego dimananyaa. eluu ihh,marah
"eitss jangan marah marah mom, nanti asi enggak keluar",marah
kau lagi bodoh kalau percaya papagomo yang kau panggil papa bodoh tu buat video bertaraf hollywood haha,marah
tolol sekali jek,marah
dan hal tolol ini gak akan gue ulang lagi,marah
"pagi pagi udah emosi baca au kesel, gak blh ada yg bikin bian kecewa atau sedih ih",marah
"please jangan buat gue emosi ya pagi pagi, hey para homophobic",marah
komenannya bangsat semua,marah
soumu bangsat.,marah
kalo lu ky gt ya sama aja donh sama kawan2 lu itu yg kalo deadlock ujung2nya cari serep. padahal lu sendiri yg bilang kalo kawan2 lu yuh pada bego. kerja kok modelan ky gt ga nyari mandiri.,marah
takde warning bodoh ni tikus just brushed past my leg,marah
"aneh si, orng kalo udh cinta kdng kadar kebegoannya meningkat. maaf sender tapi jujur lo bego",marah
goblok kau bangsat !!,marah
aduhh ngtd gamau gue bales lg tp kesel ampe ubun2 lohh sini mendingan beb dm gue kasih tau lo dirumah kapan.. gue paranin trus gue jedotin:) pake bawa2 anak gue lagi lo bangsat!,marah
gatau anjg kesal,marah
ahok yang nyata pro rakyat yang kalian benci?,marah
"apasi ngentot gajelas. mau kecil, gede juga kalo tuaan gue itu org jadi adek. tolol",marah
maksudnya apa ya. orang ke begini sengaja atau memang bego presidennya? anj,marah
"gue kagk,gue suka jedotin cewe gue ke lampu merah karena benci gue lamer lama banget,lbh lama lamer drpd masak mie",marah
"cuy ajg wkkwkw tolol semua di rnjna uda paling bener emg aku cuma baca lfs aja, karakternya bener semua tida seperti di rnjna yg mostly pada problematic toxic selfish",marah
masi pagi ni jangan bikin sy emosi,marah
nangisin cowok muka pas2an dan attitudenya jelek is another level of tolol,marah
saja pilih yg kontroversi. mcm saja nak suruh org benci,marah
pertanyaan salah jawaban salah jawaban salah emosi salah emosi salah keputusan salah keputusan salah tindakan salah tindakan salah hasil salah hasil salah nasib salah nasib salah hidup salah,marah
arghh emosi liat bang ziel,marah
dih tolol,marah
"gini amat punya motor kudu nyuci sendiri, ntr kotor sendiri dhehxhwh kesal",marah
baju bodoh yg gimana sih,marah
emosi mulu nih lansia,marah
"kasian nih org, istilah ""anak kolong"" aja gak tw.. bisax main medsos tp malas membaca, bego beud",marah
lah iya ya pernah agx tolol ak,marah
mau marah,marah
"eh, ngomong gitu di benci sama orang jepang lah jangan sampe kau ngomong gituan terus orang jepang ngangep negara kau nih gk benar etika ny",marah
bangsat ini siapa yang setel lagu galau pagi pagi,marah
"satu sisi teriak-teriak darurat pandemi, di sisi lain melakukan hal2 bodoh macam ini. kasian sekali nasibmu rakyat",marah
"bohong ya, biasanya marah marah tuh gue liat",marah
klo benci sama,marah
"makin benci sama jumat. 24 jam termual untuk sebuah perjalanan darat, tasik cirebon tasik. sabtu udah kerja lagi, mantaaaap. badan makin ancur udah ini, tinggal tunggu matinya aja lah.",marah
kalean apa bangsat,marah
"adaa aja yg memancing emosi pagi""",marah
"nyenye nye, cowok sekarang banyak yang bangsat",marah
"aku jengkel liat si akun yunnie azza a.k.a princes manula inj mb. cari nafkah aja masih berjuang di negara orang lain, sibuukk ngejahatin circle mb ivone di tl. dr kemarin sy liatin ss tweetnya, ngefitnah terus2an.",marah
si tolol lupa membawa seperangkat alat mandi:)),marah
semua kadrun benci ahok. itu sdh lumrah.,marah
"di anyara anggota dki, aku pingin macarin model kasino marah aja lucu sewotnya, apalagi pas ngerayu cewek",marah
"benci bgt liat seorang profesional begini, keliatan bgt tukang nyinyir. emg di kedokteran gak ada kode etik yang mengatur tentang etika bersosmed ya?",marah
"hdeuu gw marah yhh tempe digituin, pdhl tempe makanan terenak dimuka bumi inie",marah
ngomong dari pagi kek bangsat nyusahin bngt,marah
"disgusting. sejak kapan poligami diijinkan oleh agama buat mencegah zina? rasul juga poligami bukan sama wanita muda, tapi sama janda dan untuk melindungi mereka, bukan buat ngewe halal. tolol",marah
jangan bodoh ya ta. dia udah hapus nmor ita. berarti dia pengen hapus ita dri hidupnya. so ita harus bisa untuk tidak peduli dengan kehidupan sosmednya. dia aja bisa masa ita gk bisa. please jadilah kuat,marah
"undang2 bodoh pala hangguk ko dah hentam blkg, sah2 laa salah. jarak between kenderaan tuh 3 saat atau selang 3 kereta. takkan tak tau undang2 jalan raya bodo piang ngat aaiihh. meh sini keter ko aku sodok dgn backhoe 18 kali, tgk undang2 bodoh ke tak.",marah
marah beneran ya allah,marah
bego pelihara! yg dipelihara itu kudunya tuyul ya ceu!,marah
"ah alibi siamah, bebeja weh teu bisa nahan sange, embung coli jadi weh predator. emosi pagi pagi.",marah
"eps 7 saya kesal dengan gwinam ni ngapa kaga die sih? emang zombie immortal yak? udah jatoh dari lantai 4 bos, apa harus di shot gun baru die ni orang? terus namra bisa feel gwinam, tapi gwinam nggak bisa atau nggak ngerti?",marah
emosi bgt miu tahan aku supaya ga gebuk ele,marah
bikin gue emosi aj,marah
"orang tuanya ; ""oh gini toh kelakuan anakku yang sebenernya"" sambil muka emosi ala sinetron yang ngomong dalem hati.",marah
makin banyak orang tolol asu goblok,marah
kamu aja yg tolol bin dungu..!!,marah
"kalo bodoh jan ngajak2 org lain dah, stress",marah
ada banget kan paniknya lo hahhaa eh eh kenapa? kirain sakit gatauny bego,marah
oh gitu ya? kalau w mah dr awal w masa bodoh dg corences w ga minta ya tp kalau w mati dibunuh dia w ora urus berarti itu emang suratan takdir w sampai skrg aja w anti vaksin kq dr awal w anggap corences itu sama dgn flu kalau w ada gejala cukup w menjauhi org aja,marah
pagi pagi emosi,marah
"bodoh ya bodoh aja, tapi jangan ngajak - ngajak!",marah
"pas mlaku ijo dikon ngucapke habede tau, ilopyu jangan marah yo tau tur nek pas oren kok kon ngucapke ngene njuk le ngomong kepie gek lanang?",marah
taik kau goblok !! bangsat !!,marah
kriting bego syiah laknat,marah
"sakit hati, tapi ga berhak marah juga karena bukan siapa2",marah
"sumpah gue benci banget orang kaya gini.. kalau g suka lebih baik diam drpd melakukan sesuatu yg bikin sakit hati, kl ibunya sampai tau gimana sakit nya anaknya digituin mb nya udah sempurna apa? benci banget sama org yg mandang fisik",marah
bukan emyu namanya kalo ga tolol ya goblok,marah
"males, bikin emosi",marah
"anjing u kontol bangsat memek, munculkan lagi semua karakter yg ada di s1, lanjutkan s1, tp endingnya cacad no good",marah
"oii mangkuk ,sblm ph 22 bln pun harga ayam lat tesco mmg 5.99 bahalol untungla kontol + bodoh free",marah
anda memang bodoh.,marah
"banget hehe, apalagi kalau lg tidur trus kaget rasanya kaya pengen marah marah",marah
temen-temen gue aji mumpung semua bangsat,marah
"ntr klo di sadap balik marah, ups.",marah
suka marah,marah
"apakah kamu juga harus berbuat hal yg sama pada orang lain meskipun org itu tak bersalah padamu? hanya untuk mendapat perhatian dan balas dendam? c'mon,hal tsb justru hanya akan tambah membuatmu semakin dibenci dan dijauhi. cobalah belajar utk menahan emosi dan perkataan +",marah
"punya acara pagi bukannya disiapin dari malem atau bangun lebih awal malah milih marah marah di pagi hari, hdehh",marah
mental lo tuh miskin banget anjingggg literan 17k giliran lo butuh baru koar koar. benci bgt dah gue kalo begini,marah
"apa apaan ini , benci bgt pagi pagi lewat tl bikin iri dengki",marah
kurang ajar bgt manusia yg nyebarin id tele gue di gc 'anonymous chat' yg ngcht org sange semua tolol,marah
mba kuntil bikin emosi,marah
jangan memancing emosi pagi pagi,marah
"kalo dia marah sampe ngancurin barang kaya hp dia atau apa, plis tinggalin",marah
"lah, tibe kena marah",marah
kesel ga si anj lo tuh dibanguninnya kyk di kagetin gitu marah kan bgst emg emosi gua,marah
"gosa bebawa mu nad, banyak yg marah. urus liga italy aje",marah
marah marahh:(,marah
"aku ngadu ke dia dong, tatang marah ngajak aku ke tempat ayato. disana dia langsung ngomelin ayato. ""lu jadi ketua kelompok ga becus banget sih?! malah anggota lu yg nyariin buat ngajakin kerja kelompok sampe babak belur begini diboongin preman sekolah!""",marah
"dia diam diam benci gua, tapi dia cerita ke orang orang yang benci ke dia. dari 10 orang yang dia kenal kira kira 11 orang lah yang benci sama dia",marah
"tapi aku gamau sambil bilang ""kalo buat manas manasin mantan mending sama bestie kakak aja biar makin berasa"" dengan nada bercanda. dianya malah.. marah. dan aku gak sadar kalo aku udah ada di.. tempat nongki gengnya.. dia fitnah aku abis2an",marah
bangsat off target lagi,marah
"sudah makan belum bang, janganlah marah atau sedih karena kalah..",marah
"itulah pukimak ny cebong .. udah dy yg d bodohin, teteep jugak bilang org yg bodoh .. kepala hotak kw lah ceby",marah
"kayaknya netizen di tiktok, jauh lebih tolol dibanding netizen sosmed lain deh",marah
kaya gimana yaa lo tuh baik emang aslinya baik tapi selalu baik ketika keadaan ga baik baik ajah itu susah dan lo di tuntun bgtu kesempurnaan yang harus dilakuin saat lo jd idol bs bikin lo stress depresi yaa kaya gtu lah tpi giliran emosi lu udh bs sedikit demi sedikit di,marah
tolol bgt asu,marah
"enemy to loversnya bukan yang ""omg dulu gue benci dia tapi gegara dia bantuin gue kok gue degdegan sih ternyata dia gak seburuk yang gue kira"" tapi yang ""gue benci sama lo tapi kalau lo mati gue bakal ngehidupin lo lagi dan ngebunuh lo dengan tangan gue sendiri""",marah
itu lengkong bego,marah
mkd kan sudah dilapori. hukumannya cuma ditegur. bangsat kayak arteria cuma ditegur ya gak mempan.,marah
makikan je. vvip gampang lagi tolol kayak gitu,marah
"yang lebih sedihnya di tempat kejadian gaada yg nolong abang gw njing, dia nelpon ke bunda, pada nolong perempuan kontol bangsat tu, secantik apa dia, dia yg ditolong duluan, abang gw kakeknya robek aja gk ditolong",marah
pen marah marah tanpa sebab,marah
sender tolol bikin emosi aja pagi2 gini,marah
"gue orang kota, tp tiap pulkam tuh waktu pake legging 7/8 diliatin mulu. apalagi sm yg laki, pdhl gue pake oversize hoodie ttp ngeliatnya ke daerah privacy mulu, risih lah bego. paling aneh, masa gue gowes pake sepatu di blg ""ra sah nggo sepatu, nyeker ae"" mkstlo ap njir ngatur",marah
"gue ngetwit lumayan emosi, ampe bikin thread berantakan gini",marah
tuhkan marah..,marah
"gua mau nyemangatin org"", tp gua sendiri lg ga semangat, aduh keenan knp bodoh bgt si. haloo moots, tetep semangat yaa, luv u.",marah
"ahay bocah tengil tolol, cuma pintar foya2 ngabisin hasil warisan. mumpung masih banyak warisan, terusin aja halunya.",marah
"dibilang setia itu tuntutan. aneh bgt anjingg kalo emg udh namanya sayang mah bakal setia dgn sendirinya tanpa diminta, apalagi kl udh nikah hrsnya punya kesadaran sendiri buat setia sm pasangannya lah. tolol bgtt kesel pagipagi udh dibikin emosi",marah
"aku bukan bermaksud nak biadab tapi ko faham tak bila dalam ramai2 adik beradik dlm rumah ni, parent ko asyik sebut nama ko je, cari barang tk jumpa pun marah ko sorang je faham tk? rasa mcm aku sorang jeke anak knp smua org x blh tngok i bhgia",marah
"sorry to say, gk dulu deh opini nya kak. gamasuk di akal dan hati nurani soalnya. ya kalo sekali dua kali mah gpp, kalo tiap pagi(?) hmm. mending aku rusak hubungan daripada trus trusan nahan emosi jiwa nglawan rekanan gatau diri.",marah
"pak anis for presiden? insyaallah saya dukung, why ? karena rekam jejak beliau yg baik, walaupun beliau pernah dikhianati, tapi beliau tidak dendam & membalasnya dgn pekerjaan & hasil yg baik, bukan cuma omdo & bacot yg di kedepankan, namun mengedepankan hati & kecerdasan",marah
emang bangsat tuh yang bancaan duit rakyat. semoga azab perih menimpamu maszsehhhhh,marah
otak mesum ya kayak gini nih. tolol,marah
"prettytitit pencitraan lo udah sampai kelangit 7 pemprov lo kekurangan dana pajak lo hilangkan itukan aneh ,gua gak tau itu namanya dungu atau bodoh dua""nya julukan kamu!!",marah
lebih baik gua marah dari pada benci! kalo udah benci ga bakal mau kenal lagi,marah
electro batman emang bangsat sih,marah
pagi2 udah dibuat emosyennnn gangerti pikirannya apa posting2 foto cewe mau marah emang yaa nyokap udah gaada tapi mau ga marah jujur pengen marah jujur jadi ga mood hari ini,marah
blm di tuduh pki da marah lu drun.,marah
benci bnget soalnya kepikiran bagian si kawan mninggoy abjingkkkk,marah
si bego nyalain lilin semaleman alhasil bangun bangun dah habis,marah
eh anjing emg baim mana baim tu rada tau ga lo? bangsat emg lu sibuk / gabut gak? menyebut oknum2 untuk digibahin (iya yg di gibahin ga cuma 1) ya allah wkwkw mbabung lu frik,marah
"masih pagi makannya begini. pdhl baru beres sikat gigi. perut jd kembung krn minum air hampr 500ml. klo diingat - ingat kmrin g mkn berat samsek. pagi mkn roti, diskul mkn kue sm puding. pulsek.. ga ada, cm tidur. stress bgt menguras emosi. tidur tp kek tdk tidur",marah
ramah tamah rajin marah tak mau mengalah,marah
harusnya udah ketebak bakalan banyak kek gini.. tapi tetep aja emosi bacanya..,marah
entah harus bersyukur karena dikasi tips atau emosi karena secara tidak langsung tertampar kenyataan,marah
bego emang nggak bisa apa apa lu zar cuman beban doang,marah
"keluarga besar aku, jgn risau sbb korg termakan hasutan puki lahanat adik-beradik aku.kecuali bapak si murni. kau hina si syahirah ni gile,makan gelojoh,hitam,buruk. anak kau pon gile lah bodoh lagi teruk dari syahirah.anak aku lyn baik je anak kau siall!!- ayah suratman",marah
terserah kalian lah..apapun kata kalian pasti dibenarkan oleh yg bodoh..,marah
apaan ini trending nft.. jijik bgt kalo mau abisin uang di hal yang gak membahayakan bumi bisa gak si tolol,marah
gua benci sabtu,marah
"two twts rj ni, bikin emosi,, mmpir kuy",marah
kecewa w bangsat,marah
"halah tolol, ngang ngeng ngong ngilang juga lo",marah
udah lah lu tuh bodoh jadi mereka ngira lu nyogok gitu aja,marah
"knp ya hati ini sangat marah ketika pak jokowi d fitnah ,,",marah
gamau emosi tahan tahan,marah
anjing babi bangsat abang gw kecelakaan pelakunya kabur setan,marah
"lu tuh udah bodoh,pendek,ngga pinter, ngga bisa apa apa,cuman beban doang,hidup lagi haha masih mau hidup lu zar ??",marah
"dah mulai mentalbreakdance~ lg kemarin menjauh sbntar krn ga pgn bocil kena vibe negatifku, emosi bgt smpe banting pintu kmr mandi, mandi siram kepala smbil nanges, keluar kmr mandi dah mendinganlah",marah
pakai rasa bukan pakai logika tolol cara berpikirnya. ngajio seng jeru ojo mung neng you tube,marah
noo waayy abang aku no no pacaran dulu nanti mama marah,marah
kamu marah gak kalo digetok?,marah
"uish. kena tarik pt la bang. sem 1 teruk, sem 3 tak dpt pt. selang satu sem. kes aku, pointer sem 3 bawah 2.0, sem 5 tak dpt pt. maka survive la korek saving sendiri tanpa pengetahuan ahli keluarga sbb takut kena marah haha",marah
kalo boong aku mau marah pokoknya :(,marah
"iya cakep, emosi nya dapet banget pagi pagi",marah
arrgh pagi pagi emosi,marah
si kapitalis politik yg bodoh,marah
lu bego bgt deh asli,marah
ah lu tolol. males bacanya,marah
"gila ya, emosi lo aku liat komen-komennya, anjgggggg",marah
lagi benci banget dengerin lagu bucin,marah
pertanyaan tolol,marah
masih bisa menanggapi dengan candaan walaupun dalemnya emosi sih wkwk,marah
"kereta milik cm sarawak, abang johari. celaka punya vvip!! aku paling benci dengan golongan puk**k ni",marah
"ingin kesal, tapi benar",marah
hahahha bangsat team bingung ini diservice tp senin uda mulai kegiatan aduh gmn yak layarnya kelap kelip takut klo musti ganti trus mahal babikk takut filenya ilang kalo tau2 diinstal ulang mager nginstal2 lg mn blom dibek up mn hari sabtu tutup semua begee,marah
kelisa tu mmg marah sampai berasap hidung,marah
ngp y klo pc udh sold tbtb banyak yg dm nanyain masj ada apa ga knp pas udh sold bamyak yg cariirurigkekf *marah*,marah
kalo orang uda benci sama orang yg ngroko atau ngevape bahkan pake pod keknya dimanapun tempatnya ttp benci deh,marah
jangan marah,marah
ws ra emosi tp weruh koe reply hawane pengen ngamok,marah
kdrun bego tuh..,marah
tka gak usah asal jeplak kalau tidak tahu budaya orang indonesia.. bodoh jangan di pertontonkan.. tka buzzerrp dapet berapa receh.. dasar lambe arus,marah
benci banget gue njing sama kegiatan yang namanya bangun pagi!!,marah
emang gak bisa kalo urusan yg menuntut kinerja profesional tuh libatin keluarga. ngegampangin bgt. mau marah jg rasa gak enakannya masih kentel. ntar yg ada ngaruh ke hub keluarga.,marah
"emang benci bngt si kalo liat"" komen di tiktok, kalo maen tiktok jarang buka komen biar gak emosi sendiri wkwk",marah
"dah tetiba kaitkn malaysia si bodoh libertard ni, takde lagi genocide di malaysia spt berlaku di papua sekarang lol",marah
abang mantannya gemini ya? emosi kali kayaknya,marah
"wes ngene wae nder serlok saiki, marakne emosi esuk2",marah
"dah dekat 2 tahun jadi kerajaan, baru nak cakap tak setuju. kata tak setuju dari awal. so patutnya tak payah la terlibat terus. bodoh.",marah
hukum penguasa beraninya ke rakyat kecil bangsat plus bajingan!!,marah
wkkw ribet banget. udah paham kok di paksain jadi tolol gak paham. hadeh,marah
mau marah aja skg udah males..,marah
"ini bukan rp, dan juga jelas dong banyak minor plis jangan bodoh kirim ginian ke base",marah
lu berdua sodaraan tp lg flirty tolol gini aku yg stress,marah
"aq dh 5 kali approach..smua ke reject..sedih siot..siap depress..tu la nk ckp takut nk approach dulu x la tp effect after approach tu yg prob..klau diterima ok..lau x sedih,malu,marah semua ad..and its effect ur life..kdg rasa penat dah nk hadap",marah
ini yang dicari. bood mah jangan marah marah. tapi healing hehe..,marah
"hadehh, bego bgt dah",marah
"meme gk jelas. tangganya ki step by step proses gitu harusnya, mosok random, bego banget.",marah
masi pagi bikin emosi aje,marah
lu ga lebih dri org iri yg kebetulan tolol.,marah
kek orang tolol,marah
"jd inget kmrn, niat masuk kamar mandi mau pake pembalut tp malah pipis. pas udh pipis pembalut nya kaga dipake. emosi sama diri sendiri",marah
"woy tolong lah mu klo lgi tolol, tololnya kebangetan banget",marah
"makin kesini ya makin yaudahlah ya serah deh mau gmna pokonya kalau udh dibuat kcewa ya lepasin ,ga dendam cuma ya udah gtu aja ,jdi cukup tau aja lah ,intinya ga bisa sama orang yg ga bsa nghargaiin orng lain,,",marah
"tidak peduli, marah, ataupun kesal ketika grup lawan memenangkan award. karena itu, netizen geram dengan tingkah ""sok hebat"" dari rae. beberapa netizen berkomentar positif maupun negatif, apa-apaan dia!? baru saja debut sudah sok-sok an",marah
"kenapa sih, dapat yg tulus maunya yg brengsek bodoh",marah
"kek apa ya gasuka sm teman yang ngasih tau tapi kaya sambil marah marah gitu, apa ga bisa kalem gitu",marah
"bayangin aja ryo: ani sihh aced: tau tuh, kena marah kan lyan: lah kok aku?? berakhir gelut bertiga",marah
"nggak nunggu lebaran pak,minggu bsk sdh mgatur2 org kerja,keluar rumah dan ngatur2 shaft masjid lagi. diusik terus, dibuat tidak adil terus. umat islam selain penyabar, jg bisa marah. jgn ditanya gmn kalau sdh marah.",marah
pagi-pagi bangsat,marah
record of youth walau gue benci bgt sama endingnya,marah
syaraf bin edan..g puny malu goblok cebong tolol sama dngn s mukidi,marah
"kalo pasangannya tau, bakal marah nggak ya?",marah
kucing apa anjg bangsat,marah
bangsat banget!!,marah
itu namanya pembodohan.. kok mau ya kdrt dihalalkan demi menutupi aib pria.. ini ustazah bodoh.. bukannya membela kaum perempuan malah memberikan kesempatan pria besar kepala..,marah
"iyaa bestie tp saya ky orang bego kalo online, ini krn banyak yg positif soalnya:(",marah
"rawedi di benci, ramekso dikonco. be your self ngadek jejek tampo basa basi.",marah
bukan emosian mba tapi bikin emosi,marah
"kamu yang tolol + kayak tytyd. ngejawab tapi ga rinci, pakar apaan kek gitu, iq 69. emang saya ngomong klo saya ateis? saya kan nebak skrip kamu, pasti kamu bakal ngatain saya bukan ateis gegaran ga follow akun ateis. dan benar tebakan saya",marah
"dulu pernah install tiktok gr2 pandemic, iseng di rumah nganggur mo ngapain, tp begitu lht komen2ny gw kyk kebawa ikutan ""downgrade"", gw miskin, gw mgkn bego, tapi ga sehina itu, ngehujat org pakai komentar2 yg kl lo baca, 'heh, serius ini org indo yg komen'?",marah
srs benci giler dgn org yg tak sabar n tak hormat cuti org.,marah
"berarti gravity probe-b sudah menyerah? oke. fix. kamu ini baperan, bodoh dan ingin terlihat pinter. ngaku psnteis, yang dibicarakan perasaan. huek. pakai simbol biar kelihatan anak pinter ngerti atom, padahal nggak tahu apa2. malu aku malu, karena ketahuan bohong",marah
punya lama guna sonicator. pastu semalam najmi cakap tahu tak sonicator ni boleh buat jadi mandul? i was like aneh aneh lah dia ni. pastu tanya akmal. akmal iya kan. benci aa tanya diorang ni double confirm kat google dengan adnin. tipu je diorang ni,marah
"dari subuh udh ga mood, pas main ml pun jdi emosi an",marah
"begini nih kalau punya netizen goblok banget! ini bahas bola apa mau bahas tentang apa?! emang lazio gak di roma?! pinter dikit kenapa? apa harus semua di jelaskan sejelas jelasnya?! kalau kagak paham diem, jgn norak! kalau bilang lazio ibukota prancis nahh protes gpp. tolol.",marah
"akhh kenapa bang mark ganteng banget bangsat di mv child, pengen gw gak bisa",marah
lo ngerti nggak drun dia sdg menjalankan krj sbg anggota dewan yg dpt hak impunitas. kadrun bego bgt sih. klo si edi mulyadi udh jelas menghina luar biasa merendahkan dgn nyebut kata2 binatang dan setan. lo kau gt dong aja nggak ngerti drun..,marah
"pram said ini lgu buat kalian, yang punya rumah tapi terpaksa pergi karna suatu keadaan bangsat itu aku",marah
"maklum mereka sdh pada gila semua .. gila cari untung untuk pindah ibu kota gila cari untung dengan uang pasokan aseng gila cari untung dengan akhir masa jabatan lalu sama sama rampok nkri, bangsat..",marah
agak kesal tp gapapa,marah
"i biasa i balas dendam, kalau dia main game melampau lampau, i palau msg dia. sape rasa adil? tibee",marah
"dia marah yae di ship sama ayato, katanya yae miko based on yae sakura on honkai yang emang canonically lesbian tapi ini kan genshin impact",marah
tolol lu,marah
nah si cwe bego ini lah contoh pengguna tiktok yg bego nya udh smpe dna.,marah
tapi meningkat banget hasilnya gimana kalau ditanyain? trus kamu pikir dosen cuma bakal lihat dan jadiin laporan evaluasi kita jadi bungkus gorengan? ya bakal ditanyain lah bambang bikin naik emosi pagi2.,marah
"ihh, mau marah!!",marah
ihh kok marah marah sihh,marah
kan tolol enggak baca berita yang terdahulu malah terlihat tololnya juga enggak baca rpjmn kamu kan juga tolol,marah
konyol og.. ngajak 'panas-panas'-an neng grup chat.. ketemu langsung laah gontok-gontok-an ketok moto sekalian.. tapi bar kui beres ga ono dendam/rasan-rasan.,marah
"pas ketemu, ngak jdi marah, jdi tambah syg hmm",marah
mau marah bgt anjingg ini dr kmrn mau ngeluarin kecoa 1 susah bgtt kabur mulu,marah
lepaskanlah hati dan pikiranku dari keterikatan yang menjadikanku mudah marah dan berkecil hati,marah
paling benci kalo emak bapak udh ngomongin jodoh. im still fuckin 19,marah
gue juga dibebasin dulu sama bapak mau main sampe jam berapa. tapi kalo sampe pagi ya tau diri aja. bapak ga marah yg was wes wos. tapi diem. ini mending ada yg ngingetin. karna sekarang ya taulah. gada tempat yg aman buat kaum hawa,marah
emang dasar nya pada tolol semua yang komen begitu,marah
"bodo amat anjrit bulan kemaren terakhir gue minjemin lo duit, itu 2,7jt gue balikin dulu bangsat",marah
"kamu sih protes, jadi kena marah kan.",marah
woilah pagi pagi bikin emosi anjir,marah
"sek pagi wes emosi, udaah mau 3 hari gabisa login.",marah
"balas dendam, biar yakin kl suami istri bs saling nutup aib",marah
dia pasti ngerasa bersalah banget sama sone dasar agensi bangsat,marah
"gua bangun-bangun jam 6:45, panik bat anjir. udah siap-siap mau ngga mandi kesekolah, eh ternyata hari ini libur gegara guru ada yang meninggal. bangsat emang. udah panik bat anjir",marah
wkwkwk iya bener2 emosi kalau lihat nino dibanding irvan wkwk dengan ketidak tahu diri dan magadirnya tuh buat gedeg,marah
"emosi juga tgk byk post dr owner yg kematian kucing akibat virus parvo. bkn emosi sebak, emosi nak marah. tolonglah vaksin kucing. dulu aku taktahu juga pntgnya vaksin utk kucing",marah
pagi2 dah emosi,marah
hidup di negara isinya kenthu doang bangsat,marah
bersin dikit gw parno pengen swab astaga benci bgt omicron bikin idup ga tenang,marah
drtd absen harus emosi dulu baru sidik jari benar2 kebaca,marah
gue benci banget sama mantan,marah
"yg dari kota sebelah kena penjara 8 bulan denda nya 20 jt gegara kerumunan lah yg ini??..kok bisa ya, maaf sya org biasa yg bodoh gak ngerti..atau jangan2 sya ini yg dibodoh2in ama yg beginian ya?",marah
"halah, ntar pas gw jawab, gw dikatain nyontek gugel lagi, jawab salah ga jawab salah. oalah, angel ancen lek wes debat karo banci tolol koyok ngene, aku seh isin wakak",marah
emang bener bangsat,marah
"yang komen buruk ini beneran ada masalah sama otaknya kayaknya, tolol banget. .",marah
ini rcpc ga ada kabar comeback? lim sudah waktunya tolol,marah
"punya gasi lo temen yang dateng pas butuh doang, giliran kita yang butuh dia malah ngilang kek diculik setan. pagi pagi dh buat emosi aja anjingggggggg",marah
"kenapa bisa ada orang terserah terserah sih cape anjg, lo kalau ditanya jawab dong iya atau engga, mau atau engga, yaallah emosi sy",marah
pagi pagi udah emosi gara gara baca 2ha,marah
"ini klo gue isiin kyk gini bisa2 abis di comot ponakan gue trus di bagiin ke temen2 nya, baik nyerempet bego dia",marah
lo benci jamet sih sebenernya bukan pesepeda motor,marah
bangsat!,marah
"wanita ini pamer ogah beri tip ke pelayan, ternyata balas dendam karena pernah jadi korban ghosting",marah
"simpanse memiliki kecerdasan yg mirip dgn manusia - mampu menampilkan berbagai emosi, mengenali diri sendiri di cermin dll. juga dpt belajar bahasa isyarat utk berkomunikasi dgn manusia. bijimane dgn masih bodoh & betah jd jongos peng peng oligarki n cukong",marah
gatau lg gaada lg tempat buat lo curhat gada lg tempat buat lo cerita karna satusatunya tempat udah lo sia siain tolol,marah
otak kaum lo yg tolol. pake sumber yg nasional drun.,marah
"i ship both tho, tapi kalo gatekeeping itu tolol",marah
bagus tapi mau marah,marah
semua harus di bayar dengan balas dendam -sasuke uchiha,marah
terlampau taksub pun susah ended up nampak macam orang bodoh,marah
ho'oh kalo aku malah makin jengkel,marah
"nonton pilem, antagonisnya ngeselin, ""benci banget gue lihat muka lo, jijik pengen gue ludahin.""",marah
"halah bacot mulu nih si tua tolol, jawab dlu org panteis tuh harus kek gimana, pengertian panteis yg ga nyontek gugel tuh gimana, kok jauh banget ampe ke ui/ugm. ini kita lagi bahas apaan sih? kok makin ngalor ngidul gegara kamu. jgn baper gegara cewe viktor, malu ama tytyd",marah
"manusia bodoh, sm anak kecil aja begitu. kalo gk suka yaudah tinggal skip. jgn rasis gitu, hadeehh setan setan, itu yg komentar pasti lebih serem dri setan",marah
lagi marah,marah
"knp au yg ak baca masi pd on going, aku kesal",marah
"kalo aku marah, ngambek, kalo aku bls/jwbnya singkat2 & akhirnya cuekin kamu. itu artinya aku pengen kamu peka, perhatian & perduli.",marah
"goblok bin bodoh. kalau kamu ateis kamu akan memfollow akun2 sains, bukan perasan. bahkam dalam berbohong pun kamu bodoh sekali sekarang ngaku ateis? iya?",marah
"mantep tri, gk kayak bank mandiri, gblk minta ampun ditanya beda orng jawabannya gakjelas dan muter muter, emang swasta didikannya beda ama didikan plat merah jikubiniu asli gedek bngt, pulsa habis bnyk cuma telp callcenter bodoh",marah
tp kalo yg tbtb kata mba nya bilang mau putus sekolah ya ky nya bukan mak w aja yg marahh bapak w jg lebih marah lagi jgn lupa tetangga pun pastinya ikut bergonjang ganjing atas hidup ini wkwk,marah
jangan bodoh merasa baik baik saja seakan tak perduli dasar bego,marah
"itu tukang sate bego amat yaa! | kenapa emang ? | masa bara api dikipasin, sampe mampus jg gak bakal dingin | -__-",marah
mending lo baca dm gue biar gue pagi2 tidak emosi,marah
"nah kalo ini bukan pick me girl lagi, lebih ke tolol banget anjing girl",marah
rich itu udah lama sekali rich ngehapus sebagian memorinyaa kaah? kek dia benci sekali memori ituu dan dia gamauu inget?,marah
"saya gak habis pikir petani kita sudah dibeginikan tapi masih aja mau pilih yang itu lagi dan lagi. dikasih tau malah marah, kapan sadarnya??",marah
bodoh apa petik2 nama aku,marah
aku akan sentiasa akan bapak ang tu selagi aku tak dpt tumbuk muka dia tu bodoh ingt aku ni takdak muka ka selamani babi betui la kurang ajaq.,marah
"cjr bangsat! perusak moral ! masih kecil udh ngajarin cinta""an, belum sunat aja sombong ! dah sono pergi kelaut aja ! cc : all comati",marah
"kesel bangett apalagi d masukin ke grup ga jelas begini, rasanya emosi bgt, kenal jg enggak, hadeh.",marah
"kenapa w benci bgt ptm di saat kayak gini, krn adek udah mulai ptm, dan dapet kabar temen2 sekolah nya pada sakit massal, banyak yg sakit, gatau apakah emang c word or not, yang jelas adek w juga tiba2 sakit dan ya w berasumsi awalnya dari sekolahnya",marah
enak bgt bangsat bisa bisa nya di bilang flop,marah
demi allah benci banget sama gwinam,marah
"baru mau sedih kenapa close, endingnya bikin emosi. semoga hari lo senin terus",marah
aku benci ppkn,marah
benci bangett,marah
bangun tdr liat fans mu pada marah marah taunya hadehh,marah
bangsat w lagi nyanyi nyanyi di dapur ternyata ada orang luar yang liat dari pintu dapur,marah
wordle 231 4/6 bego banget nebak huruf lain di percobaan ketiga,marah
"iy anjink ngakakk sampe kudu menampar diri sendiri trs kek hidup lo, bego ",marah
cape bgt bacain opini org tolol,marah
"tlong jgn bikin emosi pagi-pagi, aku lg puasa",marah
cuihh benci banget yg jualan agama basii,marah
dih tolol,marah
bener-bener kalau lagi emosi ga ada yang bisa kontrol. tapi ujungnya selalu ada yang ngalah duluan buat bilang maaf .,marah
"blibet ini basictnya apa koq tiap hr bcra bodoh trs, seolah pekerjaan sipil gt aja spt sesuatu yg ndak mgkn bs dikerjakan, jokowi yg ktanya sarjana kehutanan sja bs bkin toll langit dn toll laut.",marah
boleh ngomong bangsat gak sih? :) masih pagi uda emosi jiwa,marah
"short au leejeno udh end, bikin emosi",marah
bacot bangsat,marah
tweet yang sangat menghadeuhkan.. *bego dipiara kagak beranak dodonk!!,marah
marah ke,marah
"astronomi? iya emg saya ngikutin, kamu emg tolol sih cuma menyimpulkan dr following akun saya, bener2 tolol. berarti saya bukan ateis dong gara2 ga follow akun ateis. gitu kan logika kamu? logika cacat pakar kok cacat",marah
"yakan dia adeknya anjir?? gimana sih maksud lu anjir, masih pagi ini ya jangan buat emosi bgst.",marah
bangsat dikira gue hidup cuma apa2 buat suami apa?? gila ya,marah
"dulu marah marah, skrg diem aja terus marahnya ke yg dipercaya",marah
anaknya jadiin model aja bund biar bisa balas dendam,marah
masih pagi udah adaa aja yang menyalakan api emosi,marah
"ajg ad aja yg bikin emosi baca gini pagi""",marah
` aku udah sabar ya. gak marah-marah atau ngata-ngatain. jangan ngelunjak.,marah
tolol aja yg ngeseriusin,marah
"berkoar-koar sajalah yg kek gini sudah di sumpal pakai duit la diem la termasuk yg ngamuk-ngamuk di sebut jin buang anak, jin nya saja gak marah kok..yg manusianya ngamuk-ngamuk, sadarkah kalian itu sudah di provokasi woii ? di kampung saya jg ada tempat yg disebut gitu",marah
"tbh pengin marah karena dia yg mendadak pake ikut masuk mobil. cuman yg ditakutin bukan diri sendiri sakit, tapi takutnya bawa penyakit ke orang rumah",marah
marah.,marah
"lebih marah aku, kenapa kamu make bangun",marah
marah kat diri sendiri,marah
pagi2 pasti emosi,marah
benci banget gw sama yg jualan agama.. agama cuma topeng.,marah
pagi-pagi udh dibikin emosi aja ama skuad ferrari.,marah
"saya boong drmana? saya kan udh ngaku saya pemuja fall guys dr kemaren? saya bukan panteis. kamu lupa? dasar tua bangka najis. udah mabok agama, banci, gabisa ngacenk, pikun pula. jelasin deh letak boong saya dimana, palingan ntar ngatain saya cewe bego lagi, so disgusting",marah
"gausah ngasih gua aturan diluar kemampuan gua, lu bukan siapa siapa bego.",marah
iya ajgg ih benci bgt,marah
"bikin emosi aja pagi""",marah
"aku sudah pernah ""menonton"" kisah seperti ini sebelumnya, dan aku benci endingnya +-+",marah
"emang paling bener pagi pagi gausah buka twitter, emosi anjg",marah
ekspresif marah di tl iya ke temen juga iyaa,marah
"dinamik socmed au joongdok gak jauh dari physical attack lahir batin. selamat pagi, saya bawa kisah kebodohan (fresh from the oven) seseorang yang memang pantas dikatain bego. ga sanggup lagi gua anjir.",marah
oalah masi pagi sudah dibikin emosi.,marah
kapan kau tdk lagi jadi penjilat.. manusia paling bego di indonesia adalah ruhut,marah
pagi pagi dah rosak mood lah thial. nak orang tolong kau tak payah la marah marah elok orang ikhlas jadi terpaksa pulak halah.,marah
"mls bgt, msh pagi ud ad aja yg bkin gondok hadehh emosi",marah
lu paling susah di ayoin sih bangsat.,marah
dijamin emosi,marah
"tbtb dikirimin kuis tebak mana fotoku dan salah nebak, malah marah marah, kan ga keliatan",marah
tinggal like aja kan bisa kok marah si,marah
"jangan jadi orang tolol lah anjing, semua orang tau kalau lu ngelakuin salah semua orang tau kalau lu sampah lu bajingan jadi jangan ngarepin belas kasih dr orang yg udah lu kecewain",marah
"kadang"" suka bingung ama cewe yg nyari sugar daddy pengennya yang baik,tulus,pengertian giliran di apa""in gamau ya itu bapak lu kan ada tolol kalo konteksnya sama",marah
dgr suara org yg makannya ngecap asli emosi aink,marah
yaallah kenapa sih pagi-pagi udah dibikin emosi aja please ini weekend tolonglah kalau mau pulang ya pulang aja kaga usah tanya-tanya gue kan gue juga jadi ikut mikir!,marah
bodoh banggang tak sedaq dgn kediri sendiri tu org kata jenis tak reti nk bersyukur bg p la bnyk mna pun ttp takkan cukup nk ada hati pulak nk cantas aku bukan main bodoh banggang lagi habaq kta lani nk tukaq senang org tua takdak dh nanti semua aku potong nama,marah
benci tau rasanya harus bertengkar sama perasaan diri sendiri,marah
aduh benci ah last2 minit xnak hantar.,marah
"tau elah tolol banget finishingnya busuk aslii padahal di lapangan nguasain pertandingan, nyeselkan absen trophy lagi aja musim ini mengcape bener lah",marah
"mana katanya ngehargain keberadaan gue? kalo minta aja maunya diturutin, giliran gua minta gak diturutin. giliran gue marah gue juga yg salah hadeh yaallah",marah
"lu tau seberapa gue keselnya? di shop gak ada sama sekali paketnya, harus cek history sama recommend for you baru keliatan. kan gak jelas bikin emosi pagi pagi benci bgt pake mytelkomsel gak jelas!!",marah
dh fb kau unfollow alah bijak ingat aku bodoh,marah
"si tolol udah tau crush nya ga ngerti bahasa inggris, malah ngode pake lagu western.",marah
bodoh sekali anda liga spanyol nmr 1siapa?,marah
dah la paksa paksa pastu nak marah,marah
bangsat gue kayak orang gila ngegalauin cowo orang,marah
nanti derang keluarkan la statement minta maaf dan senarai alasan bodoh tu. macam tak biasa.,marah
emosi bgt liatnya,marah
"pagi"" suka dh ad uwu uwu bangsat males in",marah
"harusnya bisa lebih bijak, tapi efek booster dan kecapekan jadinya melu emosi deweeeeeeee. can't control my seellffff",marah
bangsat tau aja lg lu dip,marah
"masio jengkel maksimal. tapi tetep. ada ditengah-tengah. ada 2 kaki yg terus berusaha di seimbangkan. you did well sis, keep goin, cuma, lebih objektif dan bijak aja. jangan mau dibodohi 1 pihak. ini hidupmu, kamu berhak bahagia. jangan ga bahagia demi bikin orang lain bahagia.",marah
"aku sbg yg pernah + juga berusaha utk tidak panik, aku kasih tau lah kalo temen2 yg lain hrs lgsg pada swab, antigen dulu aja blabla. ternyata, dia ngeprank doang. aku emosi dong disitu. dikeluarin lah semua stiker kata2 mutiara aku. aku marah2 di grup. krn ga lucu becandaanny",marah
weekend ruined. haih penat la bodoh jadi supporter mu ni,marah
"wkwkwk emang lo punya agama, benci banget sm yg berbau islam gitu",marah
"jijik. kamu menjadi pembohong untuk menutupi fakta bahwa kamu ini, selain baperan, juga bodoh. ini adalah perbuatan paling menjijikkan yang dapat dilakukan manusia. ngaku panteis, bohong. ngaku ngikuti astronomi bohong. pembohong huek. ngaku anak ugm/ui?",marah
bukan pick me tapi dijamin emosi,marah
"kalo main tiktok bikin lu jadi orang tolol, gak beradab, gak tau toleransi better u stop main tiktok. hanya karna konten jadi kehilangan attitude",marah
"lakik lo tuh cuma parasit doang, kaga kerja tapi nambah beban. cuma numpang idup doang tolol",marah
haha fans aot marah gara2 kalah rank sama sono bisque doll,marah
"ngimpi koq bikin emosi org .. bikin laper lg.. pokok'e maadyaaaaang.. sugeng enjing, happy weekend",marah
"ruhut kader terbaik dlm hal menjilat..bego di pelihara, ga punya urat malu",marah
baru kemarin ketemu spesies yang begini. mana dia ngomong dibesarin lagi suaranya sampe sekelas denger. aku balas lah emosi kali aku wak,marah
kayaknya ini udah lama bangt gue nggak marah-marah abis baca ff..,marah
dikira kaget bisa menyelesaikan masalah anggaran yg membengkak.. ?!,marah
kaget doang ga guna banget,marah
"kasian temen acara ultah, kmrn ditunda gara2 contact +, setelah ditunda banyak yg pamit maap ga bisa datang tanpa ngasih alesan. bilang aja congor2 tervaksin lu pada takut heboh season 3. sendirinya gak percaya keampuhan vaksin tapi nyuruh2 orang vaksin. gak lucu.",marah
ngentott cacat kabeh toto kromone,marah
malaysia ni. tokey besar la jadi payung orang politik. sebab tu nak kawal harga barang pun takut. nak tekan orang tengah tak berani. tokey besar bagi komisen banyak kat orang politik. subprojek dekat tokey besar. dapat komisen pun dah boleh kaya 7 keturunan,marah
"iyalah ci aku yakin 100% pas aq ribut sama akun aja dia ada dm ngaku2 mantanku trus tujuannya apa coba kalau gk jualan cerita palsu dia, babikk bener orng itu , dan laporan buat si udah tak cabut tak suruh dia buka dm nya dlu yg ngaku2 mantanku, kesel",marah
"profesor begini, saya resign dari kampus mendingan, bikin malu almameter, kesel",marah
"jika kita tidak membangun apakah lebih kaya!? kalian khawatir indonesia akan dapat dana yg sangat besar dari timur tengah dll, mengawatirkan ya? bisa maju negara ini? sulit dibodohi.",marah
lebay bgt anjir nangis smpe tersedu sedu kaya diapain org malu anjir,marah
"palu kau kira kuli, pea",marah
anjirr ini akun gilak bego dongo bikin gw kaget aja,marah
"ini maksutnya malu shy apa malu ""palu"" sih?! yang jelas dong!!",marah
ngeri kieu euy gg tilil idiot bego bodoh,marah
gak kaget kalo tau pendukung gubernur kafir,marah
"rakyat sudah ribut dari kemarin, lalu dpr baru kaget sekarang. mereka digaji dengan uang rakyat kemarin ngapain aja? bukannya dpr harusnya check balances? Bikin eksmosi",marah
udah deh ngaku aja siapa yang mbeking nih bupati. ga takut dihisab panitia hari akhir tah?,marah
"aku butuh kepastian, bukan harapan palsu!",marah
"tetangga yang gue anggap deket bgt karna baik k3bangetan dan royal bgt, eh taunya dpo invest bodong hampir 1m. bangke! jadi takut soalnya byk org2 dtg trus dm2 gue nyari2 info malesin anjir",marah
liatliat! tweet! jangan kaget! jangan anggep alay! namanya juga bot! jangan nyesel udah baca! ntar gue kasih panserpis kok! botbot,marah
gerombolan penjilat tdk tau malu,marah
"anjing kaget, typing lo minta di tabok apa gimana?",marah
malu anjing line gw ugh jijik dan kesal,marah
"makanya baca mbak baca. itu disuruh gembira brrti jgn panik. klo panik imun turun. tanya yg ahli, org genbira biar imun bgus apa sebaliknya? Bikin kesel aja",marah
"jangan bikin gue panik dan jangan ganggu gue kalo moodnya ga bagus, bisa?",marah
"sok""an kaget , dasar beban",marah
jangan bikin orang khawatir napa sih julllll,marah
"pejabat kaget itu budaya kumpulan orang 2 bego bermain drama, prestasi menjilat , korupnya ga kira2.",marah
"udah gue tebak, dari kemarin gue khawatir mereka bakal turun ya bener aja turun. terus ini gue jual produknya gimana anjirrrrr masa itu liplipan gue pake, bangun tidur gue pake yg mocha, nanti siang gue pake dahlia, sore gue pake sweet, malem mau tidur gue pake romantic",marah
"pake pura2 kaget segala, sok iya -_-",marah
"tolong adain fitur unsend, gua malu bngt jancok !!!!",marah
ketularan jd tukang boonk semua mereka ..gak punya malu muka tembok china ..,marah
kemaren haha hihi haha hihi pas skrg mau simpen permanen portalnya error ajxbsggxhsb panik x kesel,marah
"semua hobinya kaget, jengkel",marah
gua yg panik masalahnya bangsat,marah
"dalem hati padahal panik juga si anying, bego",marah
"halah ngaku aja na gak usah malu-malu, dasar munafik!",marah
ajuin aja kenapa takut untuk mencoba? ragu? mundur aja.,marah
"siapa tau lewat tl twitter anaknya, biar malu tu orang, makhlk tdk tau diri gitu",marah
"07 februari 2022, hari ter shibal bgt kenapa gitu lo di bikin jatoh di depan jalanan mana di liatin byk orang sakit sm malu nya netral 7 februari prik",marah
skr baru luu semua bikin gerakan cuci tangan??belajar dulu sana sama dokter odgj gk tau malu bangsa ini,marah
"tbl tbl takut banget loh, iri kan lo ga bisa gitu makanya jangan gatel",marah
kmana aja kliaan.. ?? kok bru kaget sekarang ?? freak,marah
"kok bisa bisanya kaget, bukanya ente yg ngawas? -_-",marah
"ah itumah katanya palsu maskernya, mengecewakan",marah
"3) jangan malu minta foto real, real pict jaminan anda cocok atau kagak. dpd dateng2 kecewa beda foto, mana jaman skr app edit foto dah jahat2!!",marah
"yg fungsinya ngawasin roda pemerintahan aja baru kaget belakangan. pdhal rakyat udh pd tereak2 kapan hari. dahlah.., semakin miris dan makin acakadut aja negeri ini.",marah
tapi ttep gue msi g trima anjg mksd lo apa td buka baju tdi? kaget ajg,marah
"ga usah pura"" kaget. Bikin jengkel",marah
berita bangke.. dan mereka makin exis dan dah kgk punya malu sama sekali.. keheed keheed. jgn sampe anak cucu ane kayak gini. najiiss,marah
ga tau malu ga tau malu ga tau malu!!!,marah
gaduh dengan jiran sendiri ni entah lah. in the end of the day muka aku yang hari2 kau nampak dari bengkel kau tu. jangan menyampah n benci sangat takut nanti aku yg kau cari balik. i said what i said huu,marah
"yg bawah raja palsu, bikin eksmosi",marah
kau cuma kaget2an.. ayam gw juga bisa kaget.. Idiot amat jadi orang,marah
"kalian pernah mimpiin seseorang yg random? dan lgi ga mikirin org itu, mimpinya absurd dan kerasa nyata, kaya klo mimpiin org lain tuh aneh aja padahal sebelum tdr biasanya udh prepare diri (doa dll). dan sebel jg apalagi pas tidur kebangun gara2 kaget/ada suara bising:(",marah
"kek gimana ya, kadang tu melihat kebodohan orang tu bikin pengen hihh. udah tau ada gejala lu bilang lu sakit tenggorokan, waktu tes positif kok kaget g ada gejala lah itu yg lu tulis sebelumnya apaann",marah
"yg membantai guru di perancis itu bukan jaringan teror. hanya karena anak pelaku memfitnah guru tsb telah menggambar nabi, maka dipenggal lah guru tsb. keji.",marah
"itu rizki orang kenapa dia urus. coba saja, apakah dia bisa dibayar ceramah dengan bayaran sekian? harusnya malu untuk membicarakan penghasilan orang lain yang diperoleh secara sah, dan tidak diatur oleh negara.",marah
gatau malu ya,marah
anjingg kaget bikin kesel,marah
"busyet bujubuneng.., elu baru kaget sekarang, selama ini ke mane aje tong!? ngapain aje elu pade..?!",marah
"malu-maluin punya temen kayak lo, idiot!",marah
"malu maluin anjrit sinyal begini, katanya doang kenceng, tae",marah
"takut kok sama sky, ancem aja gajinya bunda potong bulan depan, diem pasti, keki dengernya",marah
"gw ptm 50% lagi bangkee,, padahal udh enak 100% arghhhh",marah
"ngga ngotak emg. adenya positif, ngajak diskusi ngomong ga enak-enakan. pinter doang tapi ga ngerti psikologis org down.",marah
"mari thn 2024 semua bangsa ini pilih pks, agar negara indonesia bisa seperti syiria, irak, yaman, iran, afganisthan, krn sbg bgs indonesia bosan kan..?? klau adem ayem saja. khan bahagia klau lagi bercinta sebelah kita bom meledak, truss ada yg jual anak gadis kita bisa beli..? idiot",marah
bisa ga si kaya masalah tuh datengnya ntar malem aja jing biar mau nangis sama overthinknya juga enak gitu jgn pagi pagi setann,marah
asu pjj lagi dah enak ptm padahal,marah
kok enak e kerja woi!! dikira duit datang dari langit apa,marah
"kalau dari awal nak set senang je, baik awak cari anak orang kaya je. Kesel",marah
kalau emang mau negakin syariat jangan setengah2 dan yang enak aja. orang2 kayak gini yang bikin citra poligami buruk dimata orang2. banyak orang jadi nganggap poligami karna sangean doang. bikin emosi,marah
"rambut rontok, depresi, gila, overthinking, kangen keluarga, ngerasa hancur sm hidup skrg, gabsa ngejalanin semua skrg. hancur semuanya, gak kuat ngelewatin nya. kenapa segampang ini km hancurin hidup orang? dan skrg km bahagia diatas hancurnya hidupku sendiri disini?",marah
"kadang jdi anak yg ga dibolehin bawa motor kemana mana tuh ga enak anjirr. contohnya gua, setiap ada acara kelompok pasti kudu nebeng ke temen. kan nyusahin bat anjirr udh klas 12 masih tetep kaga dibolehin heran",marah
"dokter ngmongin pola pikir sama treatmentnya disebelah mana? mati semua? ini gue masih idup. gue ngmong ortu gue bahagia setelah mati,karna gue ikhlas? kagak!! gue ngajak debat biar pro pemerintah? kagak najis. reply gue baca lg, yg gagal nanganin pandemic ga indo cma indo ko",marah
"kamfrett aa, nyese gue vaksin ke3. udah tau badan lagi kurang enak, malah sok2an. alhasil sakit beneran kan",marah
"pagi pagi liat orang bikin pie keliatan enak banget gataunya slime day=ruined, jengkel",marah
nugget rebus ga enak anjir,marah
poin no 3 solusinya kontrol your kntl pak! enak aja udah dikasih 1 buat seumur hidup masih minta cicip yg lain. poin no 4 juga geli bacanya. ujung2nya yg dipikirin juga perkelamninan ye ini buaya2,marah
"dh mbak ga usah dilanjutin debatnya. cowo cuma mikir enak mah, udah mbak stop aja capek ntar. Bikin kesel aj",marah
yg bisa wfh mah enak bang. sarkem mana bisa. cacat nih kantor w,marah
gak beli motor gak beli rumah kalau cash resikonya ya dibuat ribet salesnya kaya gak senang ngehe,marah
liatnya aja udh panas tpi gpp semangat meski emosiii,marah
fb gak enak banget..,marah
"jadi nanti anaknya tertekan, menikah tujuannya bahagia trus memulai kehidupan baru dengan orang yang kita cintai jadi kalo mau punya?idak punya anak gapapa karena itu pilihan mereka asalkan mereka bahagia dan kalo mau punya anak disarankan punya persiapan yang mateng bgt!! bukan karna ortunya yg heboh sana sini, aneh"" aja -_-",marah
ini mah enk di suami semua kga enak di istri gblk,marah
maksud loo?? ngajak ribut? matcha enak banget woyy!!,marah
"salah sih bang gua liat retweet lu pagi2 gini. auto kesel baca twit mutajir. jadinya kan gua memulai weekend yg cerah ini dgn kekesalan. emang bener kata emak, kalo bangun tidur jangan langsung buka twitter.",marah
hadeuh.. kita rakyat ini dibodohi duble dong.. enak sampeyan dapat gaji hanya utk kepentingan ketum partai..,marah
"point ke 3 tuh kek apa banget yah,mutajir mutajir,deketan lagi coba biar enak nampolnya.",marah
"anjeng gw kan make dn puasa gelar, kenapa pada bilang semangat puasa. bikin sakit hati aj",marah
"sering banget update sw, pas abis minjem duit eh, kukira kontaknya udah terhapus anj.. foya-foya sambil ngumpet gak enak tau, bangsat",marah
bisa bisanya ada orang yang ga suka liat orang lain bahagia,marah
"susah bgt liat orang lain bahagia sih, dasar para pelakor",marah
"ga biasanya subuh2 nlpon, dg semangat bilang semua pegawai dikantornya hari ini wajib di pcr & swab gw yg dengernya spontan jwb ""moga semua masuk sorga"" auto nyolot & maki2 gw, anti rezim dan labeli kadrun cebongmah emang gitu, kayak pentol korek, digosok langsung ngegas",marah
"ngapain mikirin buat gitu!!! wasting time bgt dan tak penting, mending hidup bahagia hahahihi trs menjadi lebih baik.",marah
udah semangat on soalnya ada ayang yang nyemangatin. sialan lu idang,marah
ya kalo mau poligami ikuti sunah rosul tunggu istri pertama meninggal dulu dan lu nikah ma nene2 yang udh tua dan miskin buat diurus bukan mau enak nya doang tolol,marah
"orang mah enak punya tempat curhat *selain tuhan ya maksudnya* lah gua kalo curhat ke sape? guamah ngomong bener bisa disalahin, apalagi salah huft",marah
"kalo gak dipenjemin duit tuh yaudah gt loh gausah yang ""lo mah enak bla bla"" diem aje lo diem sebelum w gebug puting lo.",marah
"besok disuruh ikut acara keluarga di puncak, badan rasa-rasanya lagi gak enak dan salah satu saudara jg ada yg gejala mirip covid tapi tetep mau datang dan gak mau diperiksa. udh bilang ibu biar gak usah datang, eh, malah disuruh pakai masker double aja di sana. bete bgt.",marah
lama2 nyebelin bgt ya anak2 hasil keluarga bahagia ini -_-,marah
"emang emang yang ngeliat gue dari luar tuh pasti kek asik banget yekan kerjaan enak, sesuai passion, gaji ya oke lah buat foya2 ama nabung masa depan, kaya happy terus, keluar sana sini, jalan2, banyak teman, apalagi ya .. ya tapikan kau tidak berjalan di atas sepatuku memek.",marah
nie ayam kampung kenapa suka banget ribut sikk,marah
"yang ngehoax itu kalian dan media kok nyalahin ridwan kamil lawak banget, yang jadi permasalahan itu patung garuda yang 2t bukan keseluruhan istana negara baca baca makanya biar ga kemakan hoax terus sama aja kaya kaum sebelah kalian suka hoax, idiot amat jadi manusia",marah
"betooll bodoh banget yg suka ngmg: matiin rejeki org krn sinet tamat! sok tau bangett tp ya gitu, ngeyel",marah
"biasanya jga kalo titip2 ke aku toh? knp ke ibu? udh tau ibu suka lupa masih aja nitip ke ibu, biasanya jga nitip ke aku trs di bls ""apa, nitip apa? nyenyenye"" mlh ngegas gue kasih tau biar klo nitip2 ke gue aja biasanya jga kaya gitu ajg",marah
ini pasti type buyers yang ribet aku ngga kasih proof kok bilang aneh lagian setiap seller punya s&k sendiri kali kalo ngga suka mah tinggal skip ribet banget bikin kesel dulu,marah
"asuh opung ini.. tolong hargain ya pung, tdk semua orang suka dengan postingan opung ini kara ini sumpah enak banget",marah
"friendlyy banget ofc ke cewe, playing victim, suka bgt umbar - umbar dia lagi deket sm cewe lain ke gue, mksdnya apa ya kak? suka gedeg gue tuh",marah
"sumpah yaa, instagram tuh kadang resee suka gak kasih notiff",marah
kenapa kalo dengerin lagu sendirian suka cepet banget bosen gue hshsss,marah
"eh kok papa kenal? namira liatin bokapnya penasaran. ""ini alex anaknya pak adin yg kecilnya suka kelai itu kan?!"" alex ngangguk, ""sampe sekarang juga masih suka kelai, om. cuma gak ada lawannya."" berani banget emang ini anak, bikin malu campur kesellll",marah
"risih, gak suka banget soalnya kayak yang terlalu .. gimana gitu",marah
"pas sma ga pernah bawa uang saku karena sekolahan deket banget dari rumah, bisa jalan. kadang males banget kalo kerkom jauh-jauh banget karena pulangnya suka malem dan kalau bayar ojol jadi mahal, mending aku kerjain sendiri. bikin sakit hati",marah
sayang tidak suka ya kalo sih pacar mu itu dateng pada acara meet and greet kamu nanti saya harap kamu menghargai perasaan fans saya tidak mau acara kamu kacau hanya karna pacar mu itu dateng .,marah
"aga emosi pengen datengin ksy terus tanyain ""elo udah punya pacar beneran ga si? emosi banget, suka tmi ke anak yang ngecrush in elo, gelud kita yokk"" ayo lanjut lagi pengen marah2 tapi gada hal yang mau ku marahin",marah
sumpah anjrit ngerjain revisian tuh kenapa berat banget siihh males nya ituloh. kek paling beraat banget suka heran sama diri sendiri,marah
"emg org suka gitu.. udh nitip gatau diri setidaknya kyk haii kak.. atau pagi kak,aku boleh nitip menpes ga? gitu aja pasti bisa kan.. trus jg jgn lupa bilang terima kasih itu tata krama yg pasti di ajarin kok dari kecill. bikin jengkel aja pagi-pagi",marah
heran banget sama orang orang yang suka nunda kerjaan tanpa alasan.,marah
"gue pernah nih dapet cerita soal begini dari mulut anak cowo langsung, yang diginiin tuh anak cewe yang kebetulan emang gk terlalu di sukain sama anak kelas. walau gue juga gk suka sama nih cewek karena kelakuannya yang begitu tapi keterlaluan banget gue denger ceritanya juga”",marah
"gue baik banget apa ya sampe orang suka minjem duit, minta jawaban maksa",marah
"w clingynya suka peluk peluk bkn ini anjing, ini apaan gajelas banget",marah
"fi: lucu cara ngomongnya kayak arashi ih. ci: idih fiel jelek banget suka mleyotin orang, suka ngajak gelut pula, aneh…",marah
gue gak sanggup banget sama gacie. tumbalin aja ke zombie secara suka rela nanti.,marah
"sorry. kesel banget sama orang2 kaya gini. harus berapa kali gue jelasin. capek. lo pada suka anime lah, bola lah, blabla gue mana ada sih komen??!?!",marah
"aku lumayan kesel sama jawabannya, jadi aku cuma ngangguk2 doang. terus kedua temenku juga bilang gini, ""aku keluar karena army banyak banget yang to*ic. suka mancing keributan."" batinku, ""halah, apa nggak salah?"" bayangin, sakit hati nggak digituin padahal mereka jelas tau--",marah
knapa dh suka banget nyerang love language gue,marah
"tp di dunia yg skrg ini kek nya malah jadi ancaman deh buat para cewe. dan sekali lagi kalo ada cowo di luaran sana yg masih suka cat calling cewe, lo tuh freak banget anjj.",marah
"suka gak abis pikir klo orang punya pikiran selingkuh/main belakang kek heh anjg pacar lu mati""an jaga lu, ngurus hidup lu yg gak seberapa bagus, ngerawat lu, tpi masih mikir buat selingkuh?? sumpah sampah banget",marah
"haha, itu jaksel day ngebekas banget jadi bikin aku suka ngetik i bercampur language. t ____ t keki banget",marah
emang gublug sih org2 yg suka banget masang lampu2 led begini dibelakang mobil. dia ga tau apa bs bahayain mobil belakang nya kalo malam apalg di tol. biasa bawa angkot kali ?,marah
suka ksl sama bt banget dehh dia suka marah klo aku ga ngabarin dia dlu klo mau pergi tpii dia sendiri klo mau pergi ngabarinnya pass udh di tempat ks gaksi,marah
"ge tuh heran juga ya, video video keluhan kayak gini tu kan udah banyak banget, apa yg suka pasang pasang beginian ini gak pernah nonton, apa gak punya sosmed, apa kuper, apa emang bebal aja otaknya..",marah
"biasanya yg pink sekarang yg ungu, ternyata ga suka wanginya plis ini kaya bau orang yg aku ga suka banget, sialan ternyata dia pake ini",marah
"negara emang suka gitu ya, ada isu satu yg gede, dia bikin kebijakan biar bikin pecah fokus. itu isu anak pak lurah dah ilang gegara ikn, ini isu wadas ilang lagi nih gegara jht cuma bisa dicairin pas usia 56 tahun. jago banget emang main caturnya heuheu, miris nasih rakyat",marah
chenle gamau di halu'in' gue saat itu kesel banget anjwingg kayak buat apa gitu loh bilang gituan heran gue kalau lo emg ga suka ya udah ga suka ngata2in ga ada yang maksa juga lo tu suka sama chenle itu hak lo but kalau ga suka ga usah hate emosi gue,marah
paling males banget dapet message yang suka ditarik2 iss masalah hidup lo apa sii?!,marah
"bener banget jaman sma dulu ada lgi temen yg suka gitu,mana dia bangga bgt abis nipu demi bantuan didepan gue padahal tinggalnya di komplek perumahan yg bagus. mau marahin tapi asyudahlah dianya juga gada kesadaran",marah
"sekiranya ig dipegang sm cowonya, jangan followan sm sec acc aing karna gada cowo di sec acc aku dan tbtb cowo tmn w ngeliat gtu aja suka ngelike ngelike. ga banget",marah
"ga suka banget org sembarangan naik ke kasur aku pas keringetan, atau kakinya ga dibersihin dulu padahal abis dri luar trus berpasir, naikin kaki seenaknya, badan lengket sama keringet. kamar aku apek kan jdinya aku mesti bersihin ulang. dilarang ke kamar, dibilangnya rahasia2an",marah
"aku dulu ada temen sekolah gayanya selangit, sok kaya banget, mana julid lagi, suka berantem dan ngerasa punya kekuasaan, eh ternyata minta keringanan biaya karena dia miskin trus temen kuliah dia orang kaya punya warnet, minta keringanan dr kampus buat bayar sampe 3 semester",marah
"tapi kami suka kpop itu tulus kak. gak ngerasa juga dimanfaatin. karya mereka juga bagus kok. menurut kakak, karya mereka ga bermanfaat? mau aku kasih liat penghargaan2 yg mereka trima? julid amat sih. gitu banget bencinya sampai dibentur2in ama even motogp. aneh.",marah
kenapa si suka banget memaksakan kehendak -.-,marah
makanya orang tuh kok ya aneh banget. suka overthinking gak jelas trus ngajak2 orang lain. jadi heboh sendiri,marah
"gemini plin plan banget, suka bgt ngerubah rencana seenaknya. mn orgnya ga jls",marah
demi tuhan risih banget. twitter ada fitur kayak gini di timeline ih. udh di silang masih suka muncuull,marah
"kenapa ya orang2 kok suka banget cari2 kesalahannya aespa? iri bilang sahabat. damn, kalo gasuka mending gausa diliat.",marah
"nah. selingkuh tuh penyakit. ga ada kata khilap. lo selingkuh kan dalam keadaan sadar. udh salah masih aja bela diri. please, jgn suka jajan diluar atau sex sembarangan, lo sakit yg kena orang rumah lo anjg mbak2nya kuat2 banget ya allah semoga selalu sehat mbak",marah
"gue ga suka banget dichat terus.. ya kalo pembahasan lo bagus dan menarik bakal gue tanggepin, masalahnya pembahasan lo tuh itu"" aja dan hal"" yang lo bahas tuh hal"" yang menurut gue sensitif.. jadi ya gue males balas chat lo",marah
sampe gapaham apa salah aespa ke bts sampe fans bts alias army suka banget ngehate aespa. kayak yaampun fandom idol umur 7 tahun lebih hobi banget ngrusuh fandom idol yg baru umur setahun. kenapa ya army2 ini toxic bgt. terutama western/non asian army. asli sih rese bgt.,marah
"dihh ga sopan bgt, ini kurir kurir anteraja sama jnt pada ga bener apa gimana sih, suka banget bobo paket orang buat hal yg ga berguna gitu",marah
bagus untuk menampol sisi patriaki warga sokor yang sangat super duper kuat paling suka adegan mereka makan malem bareng kantor terus si ketuanya (yang mana cowo) bisa seenak jidat makan dimeja karyawan cewe (jiwoo) terus berantakan banget lagi makannya sumpah itu adegan,marah
"setuju, makanya kadang gue suka gedeg sama yg pro sm banget kayak anjir mereka aja urus artisnya ga becus",marah
"pasti guru gue dah ini, kaku banget sih gue kesel",marah
ya terus kenapa? ga suka? iri? dengki? ribet banget yak ada orang asing bikin konten karena lagi pramusim di indo terus dikomenin nyari engagement? terus harus ngapain? ga posting kegiatan pramusim mereka? manusia ribet anjir.,marah
"tiap sabtu kebangunin anjir grgr dibelakang rumah ada ibu ibu suka senam dan pake speakernya tuh gede banget anjing suaranya kaya bener bener gede banget gila, udh pernah ditegur sebenernya tp diulang lg gt kaya minggu depannya pasti gede lagi si suaranya :) bgst pen tdr aku",marah
"males banget, nge-chat w kalo cuma mau nirun, huh. di sekolah aja lagaknya kayak orang pinter, tapi suka nirun aing",marah
"kesel banget sumpah, gimana ya. bisa2nya ngomong ""nanti kamu suka sama yang lain, aku ditinggal"", punten, kamu suka sama aku aja aku udah keong2 (hah?), kamu ngeliat ke arah aku aja aku udah beruntung banget loh, ""aku ditinggal"" gue ninggalin lu kemana sih? tukang martabak?",marah
suka banget ikut campur nih kanye pdhal ga ada yg nyebut nama anjir.. dahlah problematik emng,marah
"hadeeh kadang gue bingung banget yah sama cewe suka update2 kalo dia jadi selingkuhan gini tuh ceritanya merasa cantik banget apa gimana sih? jahat tauu beginii.. udah jahat diumbar2 jahatnya, gue aja yg cewek ilfeel liatnya, huftt.",marah
jends ngasih info kadang suka banget dadakan deh kampus bikin keki,marah
"pernah, pas ngomong sama twice, aku bilang temen ku suka sama exo ke nayeon, goblog banget anjing, exo mah ke grup exo ya bukan ke twice, mana nayeon mangut mangut kayak bangga",marah
"alasan utama nya adalah karna sangat"" melokaal (dari yg dia cover lagu cinta luar biasa, trs kalo ngomong indo tuh udah kek orang indo. bener"" yang kek ni orang beneran orang korea gaasih?! terus juga warna kulit nya yang aku suka. beda aja gtu dia sama temen""nya yg lain)..",marah
"nenek ma mak ku nih, tapi klo ada orang lgi ngomong kadang suka ikut njawab, heran banget",marah
ini twitter knp sih?? suka banget nyesi ga,marah
"bapak sialan ya gabagus buat contoh, songong, bgst, capek bgt pasti punya bapk kek gitu. ha ha ha, arsen zeyeng, suka bgt gaya lu broo sayang arsen banyak2",marah
bnsatt anjirr pagi2 bikin emosi. kalo ga suka anjing kenapa pelihara?! tiap hari selalu denger anjing nangis kena pukul. emosii. mending lu kasih orang dah tu anjing daripada disiksa setiap hari. kesel yatuhan dengernya ikut sakit denger anjing nangis,marah
"honestly im not the cheerful type orangnya lebih suka diem, kalo ngga penting males ngomong, ngga mau sok asik juga. but.. karena tuntutan peran, jadi sok baik deh haha lucu banget maksain buat two-faced, kesel juga sebenarnya",marah
"eh buset gedeg bgt bacanya anak setan lu pada, justru ini yg gua suka dari 2gether di ceritanya bener bener nunjukin cinta ya cinta, bukan cuma tentang nafsu doang.",marah
"jujur gw kesel banget banget sama si anak kecil yang suka ketawa. kek. sumber masalah, ketawanya nyebelin bgt. hhhhhhhhhhhhhh walaupun dia dr desa yg org2nya kebiasa ketawa krn keadaan, harusnya dia bisa ngatur mulutnya buat diem lah. dikutuk apa gmn si",marah
suka banget menyengsarakan rakyat.. kemarin ngotot gak mau menaikan ump skrg mau atur atur iuan pekerja yg dipaksa potong dari gaji,marah
"polos banget kamu v ada yang hate kamu malah kamu anggap bercanda, bener"" gak nyangka msh aja ada yng gak suka ama org baik seperti ini",marah
gak suka banget kalau ujung2nya kek ngebandingin kerja keras orang. kek apa anjer masing2 orang udah kerja keras sebisa mereka,marah
"suka banget ya dikasarin, giliran ditampol beneran nangess, dasar orang ga jelas",marah
"sumpah benci banget kalo dibalesnya gini. iye sehat-sehat aja sekarang, merasa bersih, tapi di dalem badan nggak ada yang tau. apalagi kalo main sana-sini dan suka seks berisiko. masa sih tega celakain orang yang katanya lu sayang?",marah
buat sendernya emang harus banget ya semua orang harus bisa bawa motor? kalo temen lo atau siapapun itu suka gatau diri ya lo bilangin lah,marah
"lo aja kali yang terbebani aneh, kalau gamau nolongin yaudah gausah aneh banget si lu. gua aja gak terbebani malahan suka nawarin boncengan. kaaya baru bisa naik motor aj monyet.",marah
kan emang anjing si simon ini tuh si chio emang da suka sama ibel tapi dia takut kalo dia jatuh cinta sama si ibel bakalan melakukan kesalahan yang sama kek si simon,marah
"rame banget mall. kenapa juga semua orang pergi ke mall hari sabtu, minggu aja gitu sekalian. keluh kasper. ada lima belas menit mungkin mereka berputar cari tempat untuk parkir. ini salah satu alasan kenapa kasper kurang suka menyetir dikota, susah sekali parkirannya.",marah
"makanya gak suka banget kalo udah ikut campur, krn bukan bikin benar dan menenangkan, malah campur campurin makin awur awuran. i lost respect to you since years ago. so shut up",marah
"yg suka merusak tatanan, jangan di kasih ruang. wahabi lokal..",marah
"kalo bocah koar koar kasih bukti aja biar diem, gua gak suka kedamaian",marah
tai banget weh ini udh r9 mbak mas baru ngomong gini skrg napa kaga dr dulu2 sebelom event? pc suka disold out in tapi tau2 sedekah r1-r9 komplit ke influencer monmaap kalo jujur2an prioritas fans adalah pcnya bukan produknya ya gimana ya,marah
"tak jamin kasih rumah perumnas ku satu ,jika loe bukan grombolannya mereka ?? sdh kelihatan pki pkinya di nkri nusantara siapa sih ?? ya yg suka teriak teriak pki .?? ditanya pki nya ,eehh ga ada ,diajak laporin ke polisi ya ga ada ,tapi jualan bakar bendera baru. ??",marah
"amit amit banget gila kek bangga bgt tu orang suka ngentot sana sini, kek big rewards buat dia, sinting banget goblok",marah
"rumit banget jadi orang ya ,kalo ga suka ya simpel keep aja sih.ribet banget hidupnya",marah
"sumpah ya tuhan, maaf banget. tapi semoga dia dpt balasan karma setimpal krn ga adil dan suka nipu bawahannya.",marah
"heran banget temenku knp suka ngajak gelud si anj udh tau lagi di jauhin lagi ga chat"" an ya brarti aku lagi ngehindari percecokan kok malah nyari ribut geoblog sia teh",marah
"sch! ini caranya gimana yaa biar temen temen ekstrakurikuler ndak pake kelas sender buat jadi ruang pertemuan. udah ditegur sama wali kelas sender masih bebel banget, mana kalo pake tuh suka gak ijin, terus kelasnya dikotorin lagi, sama kipas gak dimatiin lagi. sebel liatnya",marah
"benar banget, cancel culture dan pembenaran diri sendiri ala sjw zaman sekarang benar-benar sudah ditahap sangat menjijikan. gak beda jauh sama orang-orang di jalan, yg suka main hakim sendiri sampe bikin nyawa orang melayang",marah
suka gatel banget mas kalo yg ginian ga disebarin yawloh,marah
"gue liat ada yg ampe bilang ""lo ngarepin apa dari fandom ini"". kayak, anjir bgt lo! kalo sekiranya lo ga nyaman ada di satu fandom, dan lo cuma suka sama salah satu membernya, tolong deh, gausah ngaku bagian dari fandomnya.",marah
oalahh jadi elu yang suka kentut diem diem?? mana bau banget lagi njink,marah
gak paham gue. emang harus banget gitu gvk lo laporan kalo punya pacar ke ja3? justru itu waktu yg tepat buat ngenalin kalo te itu pacar lo goblok! gimana te gak kecewa. gue jg bakalan marah kalo jadi te. ini lg si ja3 suka sama lo hadehh,marah
sinyal kenapa suka banget bapuk tibatiba y. emosi allahu,marah
suka heran sama tipe manusia yg ga ada angin ga ada ujan tau2 sinis bgt tiap diajak ngobrol. tp cuma ke lu doang. ke yg lain b aja. kek why? kasih tau aja napa salah w dimana,marah
"semenjak bisa belanja online, beliau suka beli barang yang sebenernya nggak dibutuhin banget, ujung ujungnya disimpe di sembarang tempat terus ibu ngedumel karna jengkel",marah
"bener banget. gue exol dari jaman overdose. pas orang tau gue exol pada bingung gitu, kok gue masih suka sama mereka padahal mereka udah ga terkenal dan udah tua. pengen banget gue sumpel mulutnya pake kaos kaki. gue ga jawab karna takutnya jadi ribut, langsung gue tinggal aja.",marah
"itu gatau harga akun apa gimana, suka nyesek kalo ditawar sampe jatoh banget mana upf sekarang susah",marah
kelakuan temenku tuh suka kek gitu.. bilangnya otw eh tau taunya lama banget :),marah
guru gue campur campur aksennya anjir.. suka kudu teliti banget liattin gerak bibirnya t_t,marah
"suka kesel nggak sih, ketika udah dibantuin tuh nggak bilang makasih. bukannya gua mo ngemis ucapan terima kasih, tapi kek sifat lo kesannya jadi jelek di gua. apa susahnya ngetik makasih gituu, apalagi lo minta bantuan ama orang random ketemu di internet",marah
"saat itu juga pengen gua tonjok tapi ditahan jadinya gua dorong aja ampe jatoh dari bangku kalo suka tu bilang, lah ini malah bikin 3 kelas benci gua semua manaan ada yang bikin grup ""haters nya bella"" kenapasi alay banget goblok",marah
"masalah nya yang spread hate nih cowo yaallah gua keseringan ribut sama cowo mulu jaman smp tuh anjrit bolak balik masuk bk soalnya ribut mulu, pas ditanya alesan nya bangsat banget ""saya ga suka dia bercanda nya sama yang lain selain sama saya bu"" anjingg",marah
jahat banget!! buat kalian laki laki tolong jgn suka jajan sembarangan dong!!,marah
"dia nie ngeselin bngt ke guee suka bngt ngisenginn, tp dia tu kek andalan para guru, trs wibu (cm g banget), produktif tidak seperti sayaa, social butterfly bngt, gampang akrab sm orang",marah
kasian ceweknya pasti sedih banget dia. ya kalau lo punya pcr cowok jg jangan begitu anjir.. w tau diindo tu susah ya nerima itu masih dan kadang w aja yg suka masih nutupin tp jangan nyakitin org lain demi buat nutupin kenyataan sama aja lo selingkuh woy kasian cowok sm ceweknya,marah
"duh tuh anaknya nanti kelakuannya mirip gue banget deh. biar bisa dinasehatin terus tiap hari. daripada dulu suka nyindirin gue berkedok self reminder, mending langsung kasih copy pastenya aja ke mereka tuhan haha",marah
"saya sering banget ini gini, apalagi sekolah suka banjir kalo ujan. kan jadi nya nyusahin",marah
"kanye nih napa suka banget nyenggol yang lagi naik deh, toxic anj",marah
mereka suka playvic gitu knpsi sumpah pajamas kesel banget. nanti merembet kemana mana ya kayak semalem ngebela th dibilang solo stan kan anehh,marah
"gua emang orangnya suka becanda, tapi bukan berarti ga bisa serius. please be smart, ga semuanya bisa lo candain. jangan biasain bikin orang risih dengan sikap lo, jadi sekarang gua minta tolong please lo semua uncrush gua tolong banget. gua ga nyaman sori",marah
"brisik banget, ga suka.",marah
"buset! parah banget ya logika ibu ini, ini keluarga ibu yang jadi karyawan ga ada yang merasa keberatan ya, dengan kebijakan timpang ini. u cek deh lapangan, banyak penganggur, pesangon dari perusahaan suka ga jelas, ngomongi jkp, ga semua orang juga mau di jkp ampe kesel w",marah
"soalnya tiap ketemu yg ngaku suka banget sama muse, kalo ditanya: ""oh suka muse, suka lagu muse apa?"" ""supermassive dan starlight mas"" pergi! jauh2 kamu!",marah
namanya plot hilangnya maksa.. ntah mrk mau akhiri dgn seolah2 ketemu aja atau dibuat hilang tbw sampe yg punya raga balik.. cuma kmrn aja ku nonton udh kesel bawaannya..gak suka banget sama plot hilang ini..,marah
"di rl sering banget nemu model cwo begini, bucin sma istrinya pamer ke mesraan di sosmed jadi udh biasa liat cwo model begini, tau"" pny simpenan dan suka check in sm cwe lain makanya smpe skrg susah banget percaya sma namanya laki-laki apa masih ada cwo yg tulus dan setia",marah
"hadeuh kalo inget bulan ini bikin sakit ati banget anjeng, udah deket lama aku nya udah suka eh malah ujung ujungnya sama adek kelasnya kan anjenk kesel sendiri jadinya",marah
sekarang lagi jaman yang ga suka film/drama korea juga nghype film/drama kor ya ntar review jelek halah kalau emang udah ga into mah mau sebagus apapun bakalan ga masuk -_- heran deh pada seneng banget review jelek ke sesuatu yang lg rame dikira keren banget apa ya -_-,marah
"hh benci banget sama akgae, akun yg suka bahas 1 member aja trus suka berantem sama akun lain udah aku bub berantem gitu lama lama bakal saling jelekin member lain trus berubah jadi akgae aku maless mutualan sm ornag kaya gituu",marah
suka banget ngetease jay. sadar diri wooyy !!!,marah
hahaha betul sekali aku aja susah kalo udah gak suka sama orang benci nya sampai lama banget,marah
"tapi lu selalu ngasih argumen seakan lu doang yg sakit anjing. kalo emang lo ga suka sama gue fine tinggalin gue dari awal, dan ga perlu ngerespon lebih dri itu, justru lo ngerespon seakan yg bakal kejadi nyata banget.",marah
"coba deh, sehari aja puasa ngegosip, nggak ngomongin orang. kira-kira bisa nggak?",marah
"emang kenapa saya cinta bendera merah putih saya cinta negara indonesia, situ nggak suka bendera indonesia. trus mau merongrong ogah kerja atau gimana? kalau berani ngomong sini gak usah sembunyi, pengecut",marah
bisnis haram nih artis indonesia yang suka banget bekerja dg uang haram hindari dan jauhi bisnisnya karaoke dll.. biadab banget mengajak masyarakat kpd hal2 yg negatif jauhi mereka semuanya para artis yg menjerumuskanmu keneraka jahanam naudzubillah mindhaliq .,marah
weekend nya ga santai banyak hapalan huft,marah
"dulu untuk jadi ustadz di pesantren, ya harus sudah mumpuni dalam bidangnya. bukan siapa saja boleh gak kayak sekarang banyak sesat!!",marah
ya sukurin aja biar gk nyinyir nyebar fitnah. biasa aja keles.,marah
"jangan cuma beraninya nge dm doank buktikan dengan ngajak kita ngeroom..jd bisa di buktikan semuanya,tidak semata bualan,atau halu saja..",marah
"nikmatin -_- saya ada 2 yg asli jarang ada kabar yg 1 lagi malah kadang jadi temen, jadi musuh, jadi temen mabuck, dll -_- kesel",marah
ada yang mulai sebar bacot!! pesan prabowo ke seluruh kader gerindra: jangan jauh-jauh dari ulama!,marah
"sangat, sangat kesal dan merasa tidak enak. aku biasa memperkenalkan suasana keseluruhan album melalui highlight clip untuk setiap album.. tujuannya adalah untuk memaksimalkan dan meningkatkan karakteristik musik secara visual melalui video dengan kualitas terbaik.",marah
"yang sedang saya alami. kemaren saya ada hubungan sama seseorang. 3th aku sama dia. kita udah sama sama dewasa. saya berusaha (finansial). tpi dia malah santai kyk gk mikir gimana caranya. saya sabar, telaten sama dia. tpi dia seenaknya saja.",marah
pengen mengumpat seperti biasa.,marah
"serpihan apa? si anis beruntung mewarisi hasil kerja jokowi ahok jarot, dia tinggal cengar cengir gunting pita kayak badut goblok . mrt sudah jadi, busway sudah pakai bis eropa,kampung pulo sudah normal, kalijodo udah rata, coba sebut 1 aja pembangunan si anis yg berguna..?",marah
kan arteria dahlan cuman wakil rakyat toh.. lah terus rakyat yg punya hak di abaikan begitu saja .. kalau begitu tidak usah menjadi wakil rakyat biar rakyat sendiri yg bertindak dan menindak lanjuti setiap kejahatan dan setiap ada kasus2 ampe kesel bacanya,marah
lebih bagus elo murtad dari pada ngaku islam tapi bikin sampah di islam.malah ngotor ngotorin saja,marah
"hebatnya indonesia .. gak cuman pemilunya saja, tes covid pun juga begitu !?!?",marah
orang normal sarapan nya makanan lari nya ke perut lah kita pagi pagi sarapa bikin kepala kejang !!,marah
"ujunga""nya jadi bangkai saja buanga"" duit aja gak guna dan gak ada satupun proyek yang sukses kesallll mau tampol",marah
"emosy dah sm cowo yg suka nanya begini, mangnya semua cewe cuma mau naik mobil?! kalo misal dulu pernah punya pengalaman begitu sm cewe ya berarti emang cewe itu bukan target pasar lo soalnya cewe jg biasa kemana2 naik ojol broo",marah
"itu orang muka badak,.. merusak nama pp saja..",marah
"kalo biasa dengerin apa kata pastor, jangan ngomongin al-qur'an. lompat pagar namanya. jangan jadi begolah",marah
"iyaa ,, sebagai lulusan fh malunya luar biasa dan sangat tidak tau diri, menyedihkn",marah
"laah yg bicara soal hoax siapa bos? hoax itu tentu aturan hukumnya. disini bahas kelakuan buzzerp yg seluruh berbeda pandangan politik lalu disebut kadrun. kalau soal hoax ya pasti pidana lah, jgn kau katakan org kritik ke pemerintah itu hanya menebarkan hoax saja. pea",marah
"gue yg mutusin emang, tp yg pamit rest emg siapa tau2nya gue dpt kabar begitu. disuruh keep it private dikira gue gatau apa kalo dia juga nyindir gue mulu, diem diem asu apanya yg diem, kalo ada main qrt gitu jadi ajang buat jelek2in gue",marah
"fuck masa lalu,, gila pagi2 uda di ungkit2 saja si kupret yg di anggap baik,,",marah
makin hari makin tai palat haha. awal2 saja tu lai jgn tah mun nda beduit nda ko bguna tu bangsatt haha,marah
santai aja bg. aku nanya karna emg gatau. di caption fungsi nya utk mengurangi kelelahan. aku baru tau. cara kerja nya yang gatau. santai ya bg. jgn gampang goblok goblokin orang goblok,marah
"orang cuma bisa nya ngeliati hidup orang lain saja, tp mereka nggak pernah ngeliati hidup mereka sendiri aja belum bener!",marah
gue heran knp masih pada bilang funny dan gatau deh apa normal dsana kah? pdahal jls2 salah satunya kliatan ga nyaman. dan sialan bgt pake ada yg bahas masa lalu m. oh dasar haters dan fans si onoh kan lu. bangke pagi2 bikin naik darah aja.,marah
"dichat dia sampe 20 pesan, ternyata tadi gue mimpi bangstt",marah
"lah anjir kalo udah biasa manggil adik mah adik aja kali, gajelas lu anjir. emang lu aja aneh masih cari pembelaan",marah
"bubarkan saja ..ga ono manfaate, opo kontribusi gawe negara ?? Edan",marah
"gk usah mewek udah biasa gue liat kpop keluar masuk.gk usah lebay gk jadi lockey lagi.karna bias lu out.dalam dunia kpop keluar masuk itu hal biasa.kalau agensi dan denise tidak sejalan beda kemauan mau apa lu.mau maksa denise stay.mau maksa vine cegah denise ttap stay gk bisa, bikin jengkeeeelll",marah
pasti profesor goblok satu ini baru saja ngelonte mkanya pemikirannya jadi seger gini. bagi org kafir ngelonte itu ibadah yg utama,marah
cowo kek gini alasan nya udh biasa di dengar,marah
"nama satu orang tercemar saja melapor ke polisi minta diusut tuntas..lingkungan hidup dgn biota jutaan makhluk hidup saja, tak satupun ada yg lapor ke pak polisi ..berarti biota lingkungan ini lebih bisa mawas diri koreksi diri..!! alloh lebih menyukai hamba pemaaf ..!",marah
"anjing.. korupsi 2,1m cuma 1thn 4bln..apa kabar yg maling ayam karna lapar..karna hak nya di makan oleh pejabata"" macam manusia ini.. indonesia oh indonesia..miris bgt negara aing",marah
wehh bngt sedih bngt anjing w campur kesel gegara muka lo kayak orang bego,marah
akibat?? pernah liat plat b bawa kendaraan di luar jakarta? ugal2an padahal jalanan sepi kayak dikejer setan bego gitu,marah
"tapi keselnya sih ya itu, ada pertanyaan dari base yang mewakili gue banget, tapi kok sepi banget, gue udah nungguin padal",marah
wes kesel + kecewa,marah
"di komplek aku jg gini. kakek jual lap pel memelas cerita sedih, aku kasian dong aku beli dgn harga mahal, eh besoknya dia gt lagi ngarang bgt jd aku marahin trs kabur. ada nenek pengemis gt jg tiap hari aku kasi duit kasi makanan, ketemu di indoapril lg nuker duit 1,5jt/hari",marah
ini boleh ga si aku kecewa or marah sama dia haha.. cuma krn aku beli acrylic frame trs majang pc bareng sama polaroid ortuku dia blg gini apa aku doang yg sensi nih ya dikira nge kpop bikin lupa semua hal? bahkan ortu sendiri? lo bikin gw makin ga mau kenal spesies cowok dasar idiot,marah
"aku jengkelnya ke semuanya sih, mbulet kyk benang kusut btw udah selesai bacanya? kalau udah no spoiler please",marah
"sayang nya gue kalo bucin ya mau secakep apapun cowo lain tetep liatnya elo hahah sedih bgt jd cewe ye, knp bucin tolol semua",marah
"pagi pagi udah emosi baca au kesel, gak blh ada yg bikin bian kecewa atau sedih ih",marah
"kalo ketemu orang dan dia keliatan murung, coba tanya dia fans mu bukan? mu kalahh cukk !!",marah
"gue pagi ini kecewa bgt sama gojek, pertama kode voucher sama sekali ga bisa di claim. kedua alamat yg biasa gue gunain buat balik masa dititikin jauh bgt ke jakarta barat wkwkw gila gosend yg harusnya ga sampe 50rb jd diatas 60rb",marah
dah lah ak kecewa!!,marah
yg ngmg mana cita rasa budaya indonesianya? sedih gue liat org nge - gass tp klo suruh ngaca dianya kaga demen,marah
kecewa w bangsat,marah
"aq dh 5 kali approach..smua ke reject..sedih siot..siap depress..tu la nk ckp takut nk approach dulu x la tp effect after approach tu yg prob..klau diterima ok..lau x sedih,malu,marah semua ad..and its effect ur life..kdg rasa penat dah nk hadap",marah
sepi conge!!!,marah
"baru mau sedih kenapa close, endingnya bikin emosi. semoga hari lo senin terus",marah
"tolong buat siapapun yg memang udah ""gabisa lagi jadi lockey"" karena masalah denis gpp gue mengerti, tapi plis bgt jgn mengajak atau bikin kompor kayak org goblok bikin tweet dgn mengajak yg lain buat ikutan sebab yg sedih bukan hanya kamu tapi semua lockey, bikin kesel aja kayak ampas. makasih buat lockey yg masih bertahan:)",marah
"anjing nih eps 3 sedih banget bangsat gue nangis ampe idung mampet, jadi kesel ah",marah
"anj j1min aing udah mau sedih, sialan lu ngetiknya kek gi mati aja, gk jlas lu ji udah lah gi gak usah d kasih jatah 5 bulan aja",marah
rame apa sepi nih!?? kasih info yg jelas napa,marah
"suka heran sama orang yang udah ngasu tp ga ada effort sama sekali buat mastiin gue sakit ati gak, gue kecewa gak.maksudnyaa lo tuh sadar gasih kalo habis ngejahatin gue, emang repot kalo kita ga pernah ngambek sekalinya ngambek dianggep yaudah, mungkin ga ngambek beneran!!",marah
"mulutnya itu lho yaampun. aku diusir gara"" main ke homeparty mereka yang kebetulan cuma 4 orang doang, ku kira mah sepi kasian gitu, jadi aku ikut gabung, eh pas gabung malah dikata""in",marah
buat kali ini gw ga ngerti sama jalan pikira lo gar yang jelas jelas vara lagi hamil goblokk dan satu lagi buat lo zara gw tau lo kaget kecewa sama kk lo tpi dia lagi hamil anjritt dan lo gatau alesan kenapa kk lo ngelakuin itu semua anjing emosi bngt gw,marah
"kebiasaan banget selalu bawa member lain, selalu ngebanding bandingin. dikira member lain gak sedih juga apa?",marah
sumpah sih makin marah dan kecewa sama daddy !,marah
"bangke ptmt, kelas gue jadi sepi banget anjir",marah
anj anj kesel kecewa bgt sama diri sendiri heeuh,marah
"hbis nntn layangan putus bareng murid2nya ya bund , jangan sedih yaa, mas aris emg gitu, suka gk tau diri, padahal udh dpetin cewek yg bak ratu",marah
ora editan kui ancene wes kene lg sedih malah dsenggol,marah
"terlalu cantik emak jd buzzer, biasanya kusam, kusut dan norak, mana gk jelas lagi",marah
"ihh sama punya ku juga udh 2 hari masa tertunda terus kesel. tolong dong min ditindaklanjuti, kecewa sih",marah
"dan yg emng belom tau banyak lah tentang dunia ini gitu. tapi gw ngerasa sedih dan marah aja, gatau deh rasanya campur aduk. ini aja ngetik sambil nangisssss, gatau tapi nyesekk bgtt rasanya. apalagi kalo ada yg hate² komen gitu ke win, gw bnr² gasuka gw sakit hati anjj!!.",marah
"aa kesel bgt anying. dia sudah di bandaraa, gift gue blm siap. ya allah sedih bgt gue uda gbsa nepatin janji buat meet up dari desember trs harini gbsa nganter dia ke bandara, ngasih gift jga engga!!",marah
"ini segala keresahan gua udah mau ilang nihh, pokoknya pikiran udah mulai enak deh tapi entah kenapa fyp gua isinya cuplikan film layangan kusut, ku kira kau rumah . kan anjing jadi ketriger lagi gua mulihin supaya mood gua muncul lagi tuh agak lama bgst",marah
"gue pernah datang lebih awal, sebelum waktu nya malah terus malah dibilang kek gini (kurang lebih) saking jombolnya jadi punya banyak waktu luang ya? gue ga tau mesti seneng atau sedih -_- jengkel ahhh",marah
"telat lu ngasih tau faktanya min,kalo sblm pertandingan kasih tau fakta nya kan gw gk se kecewa ini",marah
