text,emotion
wah belom liat muka gue lagi murka hahahaha,marah
"Mungkin kurang piknik adrenalin. Mereka yg skeptis tuh kek bad-debitor yg mau seluruh data debitur bank hilang, atau kek mahasiswa-pemalas yg ngarepin data nilai seluruh kampus hancur. Kaum ""merasa"" paling sengsara yg gak mo pusing sendirian oleh masalahnya.",marah
"maaf kalo tersinggung ""orang kurus cepet mati"" woe ijat tulisan ""maaf kalo tersinggung"" itu tidak berguna",marah
berserah pada maha esa paling tabah dan sabar selawat dan zikir banyak2 masa nak ambil result result 6A3B+ buat sujud syukur depan orang ramai dia la yang akan buat ceramah bekas pelajar spm to calon2 spm yang akan datang,senang
Ehekk malu la hahahahahahaha,takut
WKWKWKWK KESAL AKU BACANYA TAPI KOK SENYUM2,marah
Yg membuat lidahku. Gugup tak bergerak,takut
"Lho kok buru-buru mengatakan orang marah? Keknya anda salah tafsir. Bukan marah sih, cuma mual-mual karena jijik.",jijik
Gila sih itu ngeri bgt galiannya,takut
"Kesal masih belom, ngantuk iya",marah
"Apalagi yg jualan Spotify premium banyak banget, lama-lama bikin risih",marah
Buaya darat buset aku tertipu lagi,takut
anjr ngeri bgt,takut
"kalo lu gitugitu aja masih kurang syukur, gimana gua nad?! wkwk",sedih
"Semoga jangan deh. Aku juga semingguan ini mimpi aneh aneh random bgt jadi takut kalo beneran kenyataan:"")",takut
Hahaha. Memang pun. Baru guna sem ni mmg sakit la.. Terkejut,terkejut
Cukup untuk Kita: Selalu ada alasan mengapaSemesta menghadirkan tanda tanya Dalam relung hati setiap manusia Pada saat menyentuh beberapa peringatan dan duka Akan selalu hadir Beberapa isyarat bias yang seolah hampa makna Dalam setiap Berita Unsri,sedih
"Makane ku juga heran, napa gk skip aja seh yg ini, sumpeh malesin banget",terkejut
"JANCOK, SUMPAH GUA MURKA LIAT INI. PEN GUA TEBAS JUGA LU PAK, TAEEEKKK DADI MENUNGSO KOK GRAGAS MEN YO COK, KEPIYE MAKSUDMU COK!!! TRADISI SIH TRADISI, TAPI CARAMU MATENI KUCING IKU YO RAUMUM SETAN! MATIMU YO RABAKALAN ADOH KOYOK KUCING KUI JANCOK!",marah
Pyo saja liatnya kesal,marah
kalo ada yg tersinggung dari twit 10 tahun yg lalu yg keluar dari jempol bocah 14 tahun ya bego sih wgwgwg,marah
"Siapppp, jangan risih kalau di balain ya",marah
Jijik sekali aku liat gesture ku sendiri bawain wannabe,jijik
"Semangat! Fighting! Kamu harus yakin ada banyak orang yg punya hidup kayak kamu, dan akan ada yg ngerti kamu. Daripada mikir untuk benci hidup, lebih baik kamu nikmati aja. Coba ketawain hal2 yg bikin kamu muak, abis itu kamu teriak/nangis.",senang
dah muak,jijik
Anjaaay ngeri nyaks,takut
yela da kaye sekarang nak berlagak lak ciss benci !,marah
Ini paling hal benci dari sd sampe smp anj wkwkwlwkw,marah
eh ngeri bernada ancaman,takut
"Mhn kesediaan Bapak/Ibu Pelanggan menunggu, dengan senang hati kami segera merespon Mention kembali. Tks ^Dodi",senang
Ko gua kaya wartawan ya nanya dia mulu hahaha lah dia nya mana nanya gua kan aneh ih jijik sama diri sendiri,jijik
"""maksudnya diluar tuh kadang mereka ganggu diluar pintu kan suka ngetok tapi orangnya teh ga ada, kalo dalem bisa jadi dibawah kolong. maneh negatif pisan"" ia tertawa puas",senang
coba nahan diri utk ga update informasi tp ga tahan &amp; hasilnya malah makin memuakkan. sedih liat betapa absurdnya kebijakan pemerintah &amp; betapa berkuasanya lord LBP serta lemahnya kepemimpinan pak jokes.,marah
"Habis itu aku bilang gitu malah tanya tanya komitmen kek yg ada di foto ke 2. Kan katanya mau bilang langsung,ya emg dia besoknya jelasin langsung ke aku tp dg alasan yg kurang jelas. Ya kecewa si cuma mau gimana lagi berarti emg dia bukan buat aku",sedih
I prefer this kind of privacy wkwkwk. Yg sepi2 gini enak. Mau ngomong apa juga enak gaperlu malu gaperlu ada yg tersinggung,marah
"Kita ini banyak yang pelupa, bahwa hal sensitif seperti ini, bisa merenggut nyawa, nyawa kita, nyawa orang yang kita cintai, bahkan nyawa orang yang kita benci. Lalu apa ujungnya? Darah dibalas darah?",marah
Bukti n fakta klo pejabat2 INA ndk disegani olh mrk... miris malu tngkt international,sedih
"Masih heran kenapa ada si manusia"" bentukan kaya gt , siapkan mood terbaikmu hri ini, se gak nya klo km bete tu mood mu gak langsung hbs,",terkejut
Udh terkejut,terkejut
"Mushola dirusak, sebagai seorang muslim saya marah, kecewa dan mengutuk para pelakunya, mungkin perasaan inilah yg saudara2 kita rasakan saat Gereja mereka dirusak, kebaktian dbubarkan atau Ijin medirikan tempat ibasah ditolak. Ini pelajaran berharga buat kita ya Njul ..",marah
"Ngeri bgttt, akunmu nyambung ke email gak? Kalo iya biasanya keliatan yang mau masuk ke akunmuu",takut
"Suka nya banyak ketemu orang, bisa minggir dulu di tempat makan atau nongkrong di stasiun Duka nya tua di keretaaaaaaa, apalagi pas pada pulang kerja kaki gabisa napak di lantai kereta. Kalo lagi dapet atau capek abis kuliah ke senggol dikit rasa nya mo marah",senang
"Syukur Alhamdulillah... bukan nilai materi yg aq vahagia, tp dipercaya dan direspon + GA ini lah makna hakiki indahnya Silaturahmi .... sehat selalu, murah rejeki, delamat dunia akherat untuk saudaraku salute dan respek",senang
"Kesian, penat merangkak tu",jijik
Bapak lajuu hahaha. Functionnn klau susah. Secret boss dia hritu senang gila hahaha,senang
"wow aku mimpi aku ikut perang ngelawan jepang buat kemerdekaan, bangga sekali",senang
Udah kebiasaan ABS Asal Bapak Senang. Jadi ya seneng kl dengar info,senang
Terkejut nina tgk yg reply tu jugak. Backup teruks,terkejut
"apa kamu tida malu ngehujat pake nama fandom laen? uda la kalo gabut mah gabut aja gosah ngajak tubir orang, eh lupa deng kan situ sampah ya sampah kan tugasnya bikin risih orang ups bcnd syg",jijik
Anjir panas dingin yang debut siapaaa yang gugup siapaaa,marah
"Iyaa puas makan sabbat burger, nyokap aja suka banget. Kalau malem antrinya mantep",senang
take note pls. jgn bg rakyat murka ye.,marah
Sangat benci,marah
"Saya gak kebayang dia sekarang pasti gak tentram, karena komandan diperlakukan seperti yg dulunya jadi prajuritnya pasti tersinggung dan sakit sahit",sedih
"Kayanya gini ke Hokuto doang sih Kalau Achilles, aku senang liat dia dibully batur /heh terusterusachillesberdarahdarahyangwaktuitujugaakusuka Kalau yang lain kayanya fangirling biasa",senang
"muka nya murka,badmood melihat orang orang yang masuk neraka",marah
Pengin jadi sabun biar korona pada takut,takut
"Tweeter produk kafir, tweeter-an di pakai umat nabi, boleh... Tahlil, yasin, di amalkan umat nabi menjadi tahlilan, yasinan... Terhadap hal yg nabi jijik sj beliau berhati dlm menghukumi, apa lagi hal yg nyata hikmah kebaikannya...",marah
SAD ENDING GANTUNG ENDING GUA MUAK YA,jijik
Gapapa mas saya bangga sama temen temen saya.,senang
"Semakin banyak merasa berjasa, semakin sering kamu merasa kecewa. Hanya keikhlasanlah yang dapat mencegahmu dari rasa kecewa.",senang
JANGAN TANYA SAYA! SAYA HERAN! KAGET SAYA!,terkejut
"Jangan cala colo aja napa koh, kecewa gua. Akwoakwoakwoakwoakwok",sedih
"Semoga dapat pembalasan yang setimpal,dan allah murka dengan manusia2 seperti itu",marah
"Lokasi di tunjuk ama cebong...atas arahan cebong pula ga heran kalo banjir, kan emg harus ada kolam buat berkubang",jijik
Morn Semoga tiap hari kita bahagia. Stay strong ya kita,senang
"Knapasihhh, akupun kecewa ma diriku sendiri",sedih
Amiiiiiin *team sengsara berakhir bahagia,sedih
Ternyata lebih sengsara kangen sama temen,sedih
Heran aku kenapa dari kemaren dimintain duwit terus,terkejut
Pagi nanti nak buat kuis la. Teka haiwan je. Alaa senang je tu,senang
"Anjir benci vbanget sm cowo yg ngroko smbl berak Di tmpt kerja, kamar mandi cuma 1 udh gitu gada ventilasi, temen gua tiap ke kamar mandi berak pasti ngrokok, pas keluar gila itu kamar mandi udh kaya habis kebakaran, asepnya lebat bgt, heran ko ga mati ya 15 menit disitu",marah
Sedang kesal,marah
Karna udh muak bukan muak karna dia bngunin solat subuh muak sama orngnya hhe,jijik
PKP random sketch day berapa entah. Gugup gak aku sketch ni.,takut
KO OVARIUM ANJINC [ mrasa kesal ],marah
manusia modelan begini tuh masalahnya apa si caper mlu heran,terkejut
Minum kopinya kang biar gak gugup,takut
bnyk gasukanya heran,terkejut
orang stress gini nih subuh subuh ada aja kelakuannya. heran.,terkejut
Sudah bosan dan muak ya? Wkwkwkkw,jijik
"benci ih aneh bgt BGTBGTBGT ANEH HUH, nikmat tuhan mana yg kamu dustakan? bener2 deh",marah
Diiyain lagi murka banget.,marah
Bae-bae ye jangan keseringan jadi ngeri,takut
Nangis Jijik Nangis Jijik Nangis Jijik Nangis Jijik Nangis Jijik Nangis Jijik Nangis Jijik Nangis Jijik Nangis Jijik Nangis Jijik Nangis Jijik Nangis Jijik,jijik
Bersama sama hilangkan hati duka lara,sedih
"Udah kaya begal maen todong, ngeri!!",takut
wkwkwk gapapaaa aku bacanya lucu jadinya cuma ngebenerin aja kokk jangan tersinggung yaaa,terkejut
Kan bila fikir pun dah penat . Apa tah lagi nak lalui lagi,jijik
"sakit banget saat cowok yg bikin lo bahagia kemaren, ternyata yg bikin lo nangis hari ini",sedih
"Dia nyindir jg diacara lain wkwkw intinya sih gue yakin dia kecewa bgt (YAIYALAH) soalnya mbaknya tuh emg fans kyuhyun dr lamaaa bgt dr zaman dia ceking kerontang wkwk eh ditinggal wamil oleng dong:""",sedih
"emang udah benci jokowi dari sana nya, ya susah ngomong sama kadrun",marah
"Dendi d pateni Yo,jijik bgt e kae ki",jijik
HIH KESAL,marah
"senang hari ini, menjadi halu kemudian",senang
"Aku tersinggung mbak, pengen muleh ae rasane",marah
"Gue nyariin dari kmrn,kecewa",sedih
"Ada ye, orang diliatin malah dikira naksir. Gue diliatin gitu malah risih masa",jijik
"cth paling senang lecturer la, mcm mana sei dia nak tau apa yg jadi dkt student2 dia.... apa yg student dia buat cth dengan siapa student dia dating, apa yg student dia buat bila bukan waktu kelas... and senang2 je dorg kata seungri tau apa yg berlaku ?? wtf",senang
Terlalu seksi bu..... Takut ada yg kepanasan........,takut
"W dlu waktu awal kenal sosmed malah bela2in fpi,sejenis kadrun2nan, radikal bebas.. sekarang w benci banget sama fpi, kadrun2nan dan sejenis mereka. Berani ngatain itu gk relevant krn pengalaman w sendiri juga gitu, otak w dlu belum jadi.",marah
takut dihujat w,takut
"cik atuh lah ulah balalaga kitu nu jd re-seller teh, sawajarna. urg bangga make brand local, tp mun kitu2 teuing mah hoream makena ge.",senang
Mbaknya terpesona karo kecantikanmu mbak enjiii,terkejut
ngebales tweet dan bikin tweet kaya gitu malah nunjukkin kalo lu cemas dan takut hehe,terkejut
selalu dijudge org lain even until now so I know gimana rasanya dijudge org2 in conclusion lemme make it short gw tidak mao menghabiskan waktu fangirling gw untuk membenci sesuatu yg bahkan mungkin bias2 gw ga benci...gw jelas tyda muda lagi udah mo menuju 40 thn -c-,terkejut
Jijik eeeuyyhh,jijik
Terus pas ada yang rasis tersinggung. Padahal mereka nya juga sok menjauh gitu kadang. Heran,marah
Murka sa bandungeun dibawa jigana coks. Saminggu Gandul datang eta sunter langsung banjir..Hhaha,marah
"Akui terpesona dengan sikap BCL, Ariel NOAH tak segan minta bayaran berupa perasaan saat ia ngamen di rumah istri mendiang Ashraf Sinclair.",terkejut
"ngeri banget itu disampingnya sungai, suka was was kalau main ke sungai tiba tiba longsor mampus dah",takut
"Nga ah, tkut kecewa aku wkwkwk",sedih
"Tapi tidak dengan yg bermoral,dan membawa nama agama,dan jarang terjadi,tidak yg suka klaim surga,dan horam haram tapi melakukannya juga,untuk menutupi bejadnya kelakuannya dengan mengatas namakan agama nya,bikin muak,.",jijik
"aku hari ini: orang: kok muka lu kaya m****t aku: hahaha *cuek* aku besok: orang: kok muka lu kaya m****t aku: *diem, tersinggung* ya begitulah kurang lebih contohnya.",marah
(BELVYAAAA!!!!! KENAPA LO SARANKAN BELIAU HAHHH?!?!!?!!!!!!!!! GW MURKA),marah
Foya foya dulu kalo udah puas baru nikah,senang
HHhhaha aku pun terkejut,terkejut
Kamu SOpan Aku Senang,senang
"Selamat pagi. Gila ya kamu pagi-pagi kayak gini malah dimulai dengan ngehaluin dia jadi milik kamu, heran.",terkejut
Yakaaannnn cempreng2nya kedengeran huhuhu takut man dimarahin nayah hahahahahah,takut
Angkat in tagar dong om soal pak Jokowi takut pada kaum intoleran,marah
"Syukur Doakan i pulak after this,aamiin",senang
"Yah kecewa, btw makasih udah respon!",sedih
Pasti dalam hati si abang ojol itu kesal sama ancaman mba n udh mikir yg buruk2 tentang si mba'nya... Tp stelah lihat polisi di ujung jalan pasti dia bersyukur banget krn mba udh cegah dia masuk jalur busway...,senang
Kecewa mehong,sedih
"Peletku dahsyat juga ya ternyata, semua cewek bisa terpesona. Jadi bangga",senang
"Wajahnya sedikit merah padam. Ia menahan marahnya. Entah kenapa ia tiba-tiba kesal saat mengingat cerita milik pemuda ini. Namun, wajahnya mendadak gugup saat pemuda itu memperkenalkan dirinya. Dengan segera ia bangkit dari duduknya dan membungkukkan tubuhnya sopan.",senang
"Ada dua nikmat di mana manusia banyak tertipu karenanya, yaitu kesehatan dan waktu luang. (HR Bukhari)",senang
"Udh muak bgt sama kalimat itu ewwwhhh. Bego aja si yg masi ngandelin tu kalimat wkwk. Kayak, liat aja itu twice, rv comeback lebih dr sekali setahun lagunya ngeboom aja kok, makin dikenal pula di Korea. Emg si waijing ni ganiat aja ngurus gg.",jijik
Yg saya heran diTV anak2 papua tdk nampak ya?? Yg sering muncul anak2 yawa sampe aceh sana... Mgkin anak2 papua tggl jauh2... Yaaa,terkejut
sambal matahnya tidak pernah bikin kecewa Buk.,sedih
"kangan terkejut, pemerintah sudah lama konyol, dewan perwakilan pun demikian.. coba merenung, terpilih saja kan mereka beli suara kita.. mentalitas itu yg kita pilih",marah
"Ga cinta, ga benci, dan ga peduli",marah
Asal Jan ikan tahu aja lah muak gue liatnya,jijik
Ini artinya Nelayan2 di Natuna bukan sj hrs mnghadapi Kapal2 illegal RRT..tapi jg berhadapan dgn Kapal2 ssama warga negara Ind. Dimanapun kapal2 besar tst beroperasi..Nelayan2 kecil yg akan sengsara seiring berkurangnya hasil ikan tangkapan.,sedih
"Fiks, siapa pun kalian hati2 kalo kemana2. Gue cuma takut orang ini jahat sebenernya. Apalagi tatapannya bikin risih. Be safe, guys!",takut
"Mo tidur nangis, bangun nangis juga. Heran deh, ga capek apa.",terkejut
Njirr kek brita duka,sedih
"Hai Kak, maaf banget nih bikin kamu cemas. Coba infoin nomor pesanan yang bermasalah tersebut ke DM yuk Kak biar mimin bantu cek. Ditunggu DM nya ^SA",takut
Boro2 ama atlet ama coach aja udah gugup wkwkwk,takut
Anet ayam berkokok pagi buta ni sumpah terkejut. Bunyi lain mcm sejak musim covid ni,terkejut
Dia dah penat orang reply semua macam tak puas hati. Pastu dia reply apa yang dah dicopy paste,senang
Duh jd ngeri wkwkw,takut
HAHAHSJDKDKD TERKEJUT WOI,terkejut
ISHH JIJIK KALI AKU .g,jijik
"Orang boleh bangga dengan web bagus biaya mahal ,tapi poinya ,seberapa banyakah produk kita terjual",marah
Heran sama orang yg bisa baca hati orang lain. Nasehat boleh. Hakimi jangan.,terkejut
"""Mungkin aku tidak diperhitungkan. Tapi aku senang bersama dengan orang yang sangat bersemangat."" (Happy)",senang
pernah marah sm wlm...oh iya ofc gw jg prnh murka tp blm sempat gw ngomel2 eh bias gw udah pada hangout aja sm yeop wkwkwk jd yg kek hadeh gw udah mo marah2 bias gw digituin eh anaknya dah maen aja sm ceo nya yah ngabis2in waktu sm tenaga gw aja donk marah2 hahaha,marah
Berteman dengan 2 kepribadian sekaligus??? Kok bisa ajg? Heran !? Otak tanpa akhlak !!!,terkejut
"Utk harapan kpd treasure, smoga ini jadi awalan yg baik n diterima lokal dan tentunya internasional. Yg pasti gw pribadi sangat terkejut dan respect kpd treasure ini pdhl blm resmi debut lo h tapi prestasi nya udh luar biasa",terkejut
Kalo pun ada guenya malah risih. Malah nanti pasti ada masanya chat udah ga jadi prioritas yang penting sama2 tau tanggungjawab masing2 sama hubungan sih.,takut
"soalnya aku suka ngigo kak, takut aja nanti tau-tau nyanyi michogane wkwk. pernah tau aku ngigo ""asahi ganteng banget"" adekku yang denger gitu kan",terkejut
"Susah banget ya jadi orng terkenal, takut bet if someday im being famous. Semua aib ku di masa lalu dibahas dan dikupas tuntas. My random thoughts dipagi ini",takut
TMI: Hibernasi 18 jam Puas banget hahahah. Jarang-jarang tidur lama. Tapi ada rasa nyeselnya juga sih liburan isinya cuma tidur doang,senang
Tertipu aku selama ni.rupanya covid 19 ni makhluk halus.,jijik
Saya murka,marah
"Risih2 jijik, gimana gituuu wkwk",jijik
Soto ngomong Karo wong gagal move on. Ngeyel.....kegedean benci... Kayaknya kurang kopi dan kurang belajar cinta,marah
Saya Heran. Anggota DPR RI DIAM saja Rakyat Sengsara. Ntar klo Rakyat MATEK smua. Klian sapa yg GAJI?.,terkejut
Jijik sendiri gua liatnya,jijik
"Dorong LBP pimpin penjemputan warga RI di wuhan, ngeri ngeri sedap",takut
"Bibirku geter sendiri, aneh, semacam gugup",takut
Selang beberapa menit ada nomor baru nelpon. Aku angkat aja takutnya ada urusan penting Awal aku angkat si penelpon langsung gugup gitu,takut
"maklum,,,,grogi nya gugup nya 1/2 metong wkwkwk",takut
Hahahahahahaha bikin gugup gak tuh mbak mbaknya hahahhaha,takut
Sumpa aneh banget. Terakhir kali liat jin sampe terpesona w0w gitu 2013 jaman no more dream asli,terkejut
Ingat senang ke nak wfh? Possibility untuk tertidur &amp; kena maki dengan boss esoknya memang tinggi kakaka,takut
Bucin tapi aku senang~~,senang
"Dkaruniai akal dan pikiran tolong tingkahnya djaga, heran bets sama warga yg bgni Ditegur, Pasutri Belanja Pakai Hazmat Sempat Ngeyel Bilang Begini",terkejut
"Gotong royong aja semua rakyat, jangan nonton dagelan lagi cuma bikin muak doang! Rakyat butuh Sembako dan kesehatan bukan DARURAT SIPIL!!!",jijik
"Gue nonton ini berasa hidupnya ikutan sengsara juga, berat nder... Tapi gue kelarin sampe akhir",sedih
"Kalau terlepas, dan semangat tu sembunyi makin dalam. Berhenti lah sekejap, tarik nafas, berehat, kalau rasa nak nangis, nangislah selagi airmata kita mampu mengalir, dan bila rasa penat tu dah hilang. Teruskan lah mencari semangat tu. Jangan mengalah.",senang
Tergantung mood si klo kata aku aku kadang risih cowo yg bls cepet2 tp giliran dia ngilang trs lama bls aku suka kesel jg knp yyyh aku,marah
iyanih jijik dahh,jijik
"7. agak risih sih , cuma ya klu emg ngeluh gtu paling ngasih semangat aja.",senang
Untill tomorrow itu artinya (sampe besok) gua ngeri banget yang ikutan umurnya ampe besok karena omongan adalah doa...,takut
"gmn mau cari topik noon, saya gugup duluan -_-",takut
"Ya sudahlah, terima sj lh putusannya,biar lutfi dn keluarga tenang dan bisa beraktifitas kembali. Intinyakan kita semua sdh faham apa yg terjadi. Biarlah sang maha adil kelak yg memberinya keadilan. Berharap pada manusia, pasti kecewa. Smga dukungan kpda lutfi bs dlm bentuk lain.",sedih
"-Sampe dirumah- Me : *cerita ke mama* Mama : ""Bilang lah ke papa gih, paling dek ayu dimarahin"" Me : *cemas* Me : ""Paaaa..."" Papa : ""Yaaa..??"" Me : hehehe *ketawa dulu biar rilex"" Papa : ""???"" Me : ""Mobil baret bagian pintu kiri, ga sengaja nyerempet dinding pas mau belok""",takut
See bic . Boleh punye untuk tidak semput dan kecewa,sedih
Takutt wkwk,takut
Iyaaa wkwkw itu yg bikin kita tertipu,jijik
terkejut aku. Babi betul lah,terkejut
Gajian kudu nunggu tanggal 1 bae heran guamah dah -_-,terkejut
Wkwkwk twt murka dgn kao mungkin wkwkwk,marah
"terlalu semangat gasabar pingin bikin kamutu kesal lagi eaa.. tapi stock masik sekilo, uda aman dari begal sualnya.. jajaja",senang
"wkwk itu ga tepat sih tapi artinya ya sama aja kalo ku panggilin tukang santet juga SMA ini, gaya banget mau duit banyak tapi kelakuan kayak gitu cil(acilaman/tante wkwk), muka kamu mau ditaroh dimana sih dasar goblok sangkal itu=kesal wkwkwk",senang
"Nggak usah berharap, karena akan buat kecewa, memang begitulah keadaan negeri kita saat ini",sedih
"Smoker ""Jangan tertipu oleh penampilan luar saja.",jijik
"OP yang hadir ke terpesona dengan vokalnya Seokjin, dengan rambutnya yang disisir ke belakang dan memakai silk blouse",terkejut
Di DM yah...tapi kamu jangan jijik ya. Biasa aja ekspresi ny,jijik
Muka Pete wentz macam muka hantu* Saya benci Pete*,marah
Penat Penyesal Kecewa Gagal,sedih
pernah dipeluk tapi kok malah risih,jijik
"Ada seorang senior engineer Twitter bernama John, yang mudah tersinggung Namun Herman asyik maki John, kantoi lettew",marah
"Percuma kalian ngejelekin satu sama lain di depan saya, buat apa sih? Toh nggak bakal terpengaruh, bakalan aku pantau sambil ngeteh nggak perlu lah sampe bilang ini itu, risih dengernya.",marah
Dokter Tirta Siapa sebenarnya beliau? Ayo... Semoga Allah Selamatkan kita dari berburuksangka ataupun tertipu.,jijik
PACAR SAYA BANYAK. CEWEK SEMUA! PUAS?,senang
"tah la sab, macam macam dugaan, penat",jijik
terpesona sih sbnernya ea,terkejut
"Yang bikin kesal, tak kira abis bimbingan dibuka, ternyata tidak",marah
Kudune tuhan e yo mbok benci jg,marah
"judge seseorang sekasar apapun.judge seseorang sebenci apapun.if ure feeling said ""still loving"" akan diterima sih ya logicnya wlaupun sedikit gengsi or jaim.kebukti semuanya?atau ga ya?oke kita tunggu moment jijik ini WKwkwkwkwkwkwkwkwkwk",jijik
Ken2 gwh sih saran aja ye ko lebih senang negara RI dijajah asing &amp; aseng apa lebih suka damai??? Mendingan gak mancing2 amarah sesama anak bangsa Kecuali kalian emang suka banget dijajah,marah
"Yash. Tiap ketrigger, demonnya bangun. Rasa ga berharga dan ga layak dicintainya bikin jijik sama diri sendiri. Tapi pasti bisa berdamai sama semua ini.",jijik
Benda ni la yg paling takut,takut
"Insyallah....mampu dan hrs buang rasa benci,amarah apapun itu",marah
yaallah gua ngetawain ini kenceng bgt sampe mak gua murka trs nyuruh nonton dikebon aja,marah
ngapain pake muak suami aku maksutnya.,jijik
"Dia kn duta dpr di medsos... Nth apa dlu yg merasuki pemilih dia. Jijik x pun. Suka pake alhamdulillah, insya allah tpi... Au ah gelap.",jijik
"2 akun demen caper wkwk Gak usah terlalu percaya, takutnya malah bikin kecewa, fokus nabung aja toh kalo emang beneran bighit juga ngasih info kok",marah
makanya.. akupun heran. mimpi makan bareng doooongg,terkejut
"Jadi yaa~ aku coba untuk berubah buat ko gakk kesal lagi sama sifatku dan semuanya, dan itu untuk semuanya juga kok. Aku tau sifatku itu bangsat, kurang ajar dan sejenisnya. Aku akui itu memang benar kok.",sedih
Sebenernya mamaku risih gak sih hampir tiap hari aku pelukin gitu?,takut
"need to go to the gym ASAP, gue udah mulai sedih gajelas. Gym udah kayak obat penenang buat gue, prioritas utamanya sekarang bukan untuk bikin badan bagus tapi mencari kebahagian. Serius, gue lagi cardio aja bisa ketawa karna kesenangan. Mungkin karna kelebihan hormon endorfin",sedih
"iseng kok,ya nyantai aja kalau ada yang mau syukur ngga ya coba lagi haha",senang
Heran wkwk,terkejut
Penat badan tk hilang lg,sedih
"lisa ni pas jadi mentor terus ngoreksi trainees serem amat bangsat, aku ngeri. mukanya datar, gatau salah apa ngga.",takut
"Udh bermasalah kok masih bangga, dasar tidak punya malu....",jijik
"Kirekire 2bln lalu, orgtua manten dtg beli baju sekolah untuk anaknya. Teruuuus saya gugup saat menjualnya, gugup rindu sama anaknya hhh",sedih
tapii aku tidakk islammphobia kaya org openminded lainnyaaa (mrsa bangga),senang
Kalo sengsara gegara ga bisa nyolong jgn curhat Mulu ... Ngenes,sedih
"udh kali mba. org dibilang jg tweet iseng jaman kecil, masih diseriusin aja. chill dikit napa deh heran",terkejut
sama gue heran banget.,terkejut
"Penat woiiiiiii hidupppppp camnii,",jijik
Syukur deh buruan....,takut
"Aku suka sate madura pake bgt, Tapi suka juga kuah bakso Tapi bucin martabak telor Tergila gila sama nasi kuning Dan setiap pagi minum kopi sampeee muak :'((",takut
Semuanya duka ga ada suka,sedih
"Aku yg pribumi dukung pakde Jokowi juga makin enak skrg, lebih baik hidup ku karena setiap tahun ada peningkatan kehidupan. Elu doang yg sengsara lalu bandingin sama cina sgala.. Makanya bersyukur sama Tuhan spy hidup lebih nikmat",senang
"Seriusan ini mah ga usah drama, heran masih ada aja org yg ga suka sama heenim tuh knp gt",terkejut
"Oke stop bahas soal cinta2an, muak aing. Back to reality. Temen gua dulu juga ada yang pernah nyinyirin pekerjaan ojol. ""ganteng ganteng ntar eh taunya jadi ojol doang HAHAHAH"" ""bapak bapak ojolnya tadi rese banget dah anjir, gua kasih bintang 1 aja""",marah
pagi lagi dah menitik air mata tengok hi bye mama ni weh. kisah hantu dia semua sedih,sedih
aku bangga kenalan ama bundarita yg soleh .. Amin,senang
Jijik bgt ada yg gambar beginian,jijik
"Nah terus sampai dirumah aku membagikan ceritaku lewat instagram story. Yaa seperti biasa, apapun yang menambah rasa syukur dan energi positif selalu aku bagikan ceritanya",senang
makan hati la penat baru habis shift 11 tadi nasib manager aku bagi balik awal.. fuh kecut jari lemah lutut aku sejam cuci pinggan kotoq,sedih
Bikin Senang.,senang
"Terakhir dpt tip kek gitu, malam tahun baru, dan itu mba nya ga berani Pulang depan rumah Takut ketauan suami, jadi di Gang sebelah sambil terburu""takut di Marah in gara gara malam tahun baruan ama temenya wwkwkw",senang
Maybe orang yang snap tu terkejut or ianya ss dari video yang dia ambik untuk tengok apa ada dalam rumah tu.,terkejut
BARU BANGET MINGGU KEMARIN !!! Adek gw minta beliin LKS kimia di Gramedia butuh besok baru bilang jam 20.40. Gimana gw kaga murka apa dikira nyarinya gampang. Eh pas sampe gramed bukannya nanya ama karyawannya malah bengong !!! Rasanya pengen tak pukulin di gramed,marah
Iya atau jijik ini?,jijik
"Nah ini, kgak pernah ditembak cowo kali ya makanya nggak tau klo dating itu pasti sama2 mau. Tak da otak, kesal",marah
MALU MALU IN BANGET HIDUP LO JIR,jijik
but the first video terkejut sia no pls bye,terkejut
babi terkejut aku,terkejut
Emg ya manusia terlalu banyak expect giliran ga kesampean kecewa minta ampun,jijik
Gue pernah ngomong begini dan satu mobil berisi tante-tante langsung murka,marah
Biar tmn2 bingung harus ketawa apa sedih,sedih
"Aamiin Yaa Rabbal'aalamiin Tiada hari tanpa pagi , tiada kebahagiaan di pagi hari , jika tanpa senyum darimu akhy Dan bersyukur lah dgn mengucap syukur kepada Ilahi Assalamu'alaikum sahabatku Salam Jumat Berkah",senang
muak gw HAHAHAHA,jijik
Kemaren selasa aja gw kebandara Soetta.. anakqu sama aq bilang lah ko cina melulu.. Ngeri juga dari Cina bawa virus.. Itu tgl 28 loh.. Seharusnya skarang distop lah dilarang jangan ke Indonesia,takut
"Udh bener pemerintah banned tiktok di indo.. Ngeri kali konten""nya tuh loh..",takut
"So abg apologize sgt kalau abg kurang berinteraksi. Jarang ada DM that can truly capture my interest. Bukan poyo or sombong, abg dah tua dik, penat nak layan satu-satu. Ditambah pula dgn sejarah abg yg selalu kena tipu dgn harapan palsu, abg mmg ada reserved sikit.",senang
"Kelakuan org sok tau. Pdhal front liners lg kekurangan APD. Ini hanya demi belanja doang di supermarket, pake APD lengkap. Sedih skl.",sedih
"Iya kalo 3 mata ntar jadi dajal, hi ngeri,,,, [memakan kwaci]],, meminum air panas langung dari jazirah arab",takut
Aku benci kamuu,marah
"ngejawabin pertanyaan2 seputar hal yg aku duka dan aku tau bikin aku seneng karna merasa berguna. soalnya di mata mama aing, aing ga guna karna katanya gabisa apapa.",sedih
"Pernah dan di Tilang. Habis itu ngakuin kesalahan. Awalnya sih sedikit gugup , panik dan berat mengakui kesalahan. Tapi pas sudah ngakuin rasanya lega.",senang
yaudah murka aja siapa tau bsk kiamat,marah
"Terkejut aq. Ingat mak aq main twitter marah aq jerit ""TENGOK WHATSAPP!"".",terkejut
"Bang ko ganteng2 rokoknya filter si,ayoo laa ganti rokoknyaa janga bikin malu kalee",jijik
Belum ketemu aslinya sudah terpesona. Gmn klo ketemu aslinya?,terkejut
"Dikira semua jokes dia lucu kali yaaa, dikira semua org bakal fine2 aja sm jokes dia. Dia gatau kl dia ngmg gt kali ada sahabat dekatnya yg tersinggung. Itulah mengapa harus mikir dulu sblm ngomong/ngetweet.",marah
semua orang murka. azab buat tukang selingkuh sama selingkuhan,marah
Gawe gugup secuil sih,takut
Pergi sm aku ga di giniin kecewa!,sedih
saya bangga jadi kawan acap,senang
Aku kecewa aisah ga pulang pulangang,sedih
Saya rasa sekarang lebih tepat nya jangan sebar isu isu yg tdk penting. (Sedikit kecewa dgn media sekarang. Karena uang jauh lebih hijau ketimbang berita yg akurat) Jauhi virusnya bukan orangnya. Cari solusinya bukan menyalahkan. Ikuti saran ahli untuk atasi penyebaran.,terkejut
"Jika kau ingin senang carilah hal-hal yg bisa membuatmu senang, cari teman yg bisa di ajak bersenang-senang. Ingat, jangan gunakan hati seseorang hanya untuk bersenang-senang.",senang
kalau banyak pengunjung dan sering datang di sungai ini orang2 ini yg membawa truk suka takut kalau banyak orang yg datang biasanya langusung pergi,takut
"sumpah penat, tapi aku selalu pegang yang jalan kita semua dah tertulis, tinggal nak lalu je",jijik
Takut gak punya duit,takut
"kau kaya senang la sembang lehnet , yang miskin ni banyak benda lagi nk pakai duit",takut
"Aing udah biasa liat maneh ngeluh, tapi ga ada muak males sih, cuma kalo udah kearah arah yg bodoh aing suka kesel dan marahin wkwkw tapi ku tetap sayang teman temanku uuuuu",senang
Terkejut petir lagi lepas tu suara kakaknya lagi,terkejut
"Baru beberapa minit dan aku terkejut anime dorohedoro lagi better dari anime berserk. Dari segi artwork, design dan colour. Much better dari manga kot.",terkejut
Aku kok sedih ya nonton film ini jadi cemas,sedih
MAKHLUKASTRALDARIMANAIIHSEREM JIJIK BEUT,jijik
Ebusehhh ngeri mbak,takut
Kamu benci sama aku itu hak mu. Namun aku akan mencoba mendoakanmu. Walau itu susah,marah
"gak heran sih ref, s3 halu mah beda:"")",terkejut
Wow abis april mop tbtb bighit drop mv baru gimana? Niatnya ngerjain bangtan sonyeondan gataunya kt yg terkejut,terkejut
Hei coba dengarkanlah harapan aku ini semoga kau dan aku selalu menjadi teman hidupmu dalam suka maupun duka gigigitch dan CiGi,senang
malah sekarang dia tuh kayak.... yang paling ganteng gitu... top list....goblok malu gue pdhl dulu w bilang dia b aja,jijik
advisor kantor aku baru pulang dr china kemarin. Usia udah 60an. Awalnya biasa aja soalnya jarang papasan. Lah hari ini malah papasan dan dia nyapa terus ngajak ngobrol. Mau pasang masker takut dia tersinggung. Bingung,terkejut
Januari penuh duka ampun,sedih
Amboi terkejut ambo nengoknyaaa,terkejut
Susah emang kalo punya temen yang sifatnya over. Apaapa dijadiin biang bercandaan ga peduli itu ngejatohin harga diri temen. Yang penting dia puas.wkwkk,terkejut
"Saya cm ngingetin aja kok bkn salty atau ngejudge,maaf ya klo tersinggung atas ucapan saya.",sedih
"Risih bgt dia pake kata ""mengasih""",jijik
Malu tau,jijik
Kutipan sepagi ini : menuliskan identitasnya dalam lambang-lambang itu dan selalu dengan bangga bercerita bahwa aku bagian dari sejarah kota.,senang
"Dulu banget suka gini, bangun2 malu pisan terus konfirmasi salah kirim wkwk",sedih
Kecewa cursed crown di rewrite padahal ningguin chap selanjutnya... Tiny toes juga begitu,sedih
ini apasih? aku yg sengsara kok kalian sibuk sendiri,sedih
Aku bangga sekaliii caaaa hehehe semoga dilancarkan rejekinya sohibkuh,senang
"Sabar ya mas wkwkwk aku gemes sendiri bacanya. Aku paham kok maksud masnya. Aku sendiri juga suka kpop, cowokku sering ngatain group yg aku suka. Oh jelas aku tersinggung. Tapi karena udah kebal lama2 mencoba utk biasa aja.",senang
"stan kpop di jamanku dlu beda sama yg sekarang. aku bsa beli album sendiri baru tahun 2014 an alias waktu aku hampir lulus kuliah dan mulai bisa nabung. waktu itu juga hampir nonton SS5 di jkt 2013, udah nabung tp ga diijinin. sedih bgt pokoknya, jaman sengsara.",sedih
ohm lambat sangat buka langkah kami penat tunggu so,jijik
Kesal w njir,marah
Somehow Uchitama ep 6 buat crossover Division Rap Battle dahlah Saito Soma pun ada dalam Division Rap Battle Paling terkejut masa Kaji Yuki rap nak terkoyak mask aku sebab fangirling XD,terkejut
"Duduk anteng depan tv kalo icil udah mulai, bacain cerbung tentang rio ify, terpesona sama unyu ganteng keren nya Ray kalo lagi main drum omaygatttt",terkejut
"Rakyat Sengsara, Maling Berkuasa",marah
"Dulu gua pernah gak suka banget sama ras lain. Gue dulu pernah BENCI sama lgbt. Tapi sekarang, gue malah suka sama orang yg rasnya chinese. Gue malah jadi part of lgbt. I MEAN, WOOOOI ITU TUH MASA LALU KNP SIH KUDU DIMASALAHIN.",marah
"Rey, 2010, Rey. Gue pernah sehomophobic itu pas masih SD/SMP karena buat gue hal itu jijik. Tapi lama kelamaan ya menganggap itu a new normal apalagi punya temen-temen yang gay/lesbian juga. Udah lama bgt Rey. Yang lama, yang lalu.",jijik
Bukan apa sebab naik muak tgk si bella ni nak raih simpati lepas kene dgn aziz uh,sedih
"Kesel gue, padahal orang yang hidupnya lebih sengsara dari dia banyak, tapi gaada yang update status wkekwk",sedih
di Korea tuh pd marah kalo liat org lain ga pake masker! Knp..karena kita ga tau klo ad yg lg sakit or ga n bs nularin ke org lain.terus dapetin masker itu gampang karena pake ktp jd uda diatur per hari so ga ada alesan masker ga punya..ibaratnya ke cafe aj lo bs masa ga maskeran,marah
Allah swt tdk mengajarkan umatnya perpihak kpd pemimmpin seiman dan kafir. Justru hrs dimotivasi klu ada yg salah diingatkan bukan teriak disosmed seakan banjir itu krna murka mulutnya yg kasar. Nah ente itu belajar agama drmn aa..,marah
Dohwa Dohwa Juda Dohwa Saemi Monmaap daku terpesona sama dohwa,terkejut
"t-tapiii ntar deketin cewe, rada gugup",takut
WEH BENER GREGET!!! YG CACING GEDE SUMPAH JIJIK BANHET,jijik
Main santuy banget mereka tuh hih kesal,marah
"bangga bgt uwu, karna burung burungan adalah kunci biar gak gabut",senang
Aku yg sayang bgt sama mama murka membaca ini,marah
jangan tertipu oleh muka,jijik
"Dekat ig tengok punya happy dengan partner, tapi dekat twitter acah single. Weh sumpah jijik kau do,murah.",jijik
Keranda Tok Wan Terbang..terkejut aku dohhh..hujung2 citer ada hantu muncul depan camera..puiihhhh,terkejut
"3rd win, and so proud of you guys, i hope its can make many people know and stan you, pokoknyaa tetep semangat, terus berjuang, kalian pasti bisa sukses lebih dari ini dan terus bikin fantasy bangga btw follback yaaa",senang
"Kalau lu salah satu mutual gua atau liat twit ini, gua ga takut sama lu bego, mau lu cewe kalau sikap lu gitu mines tetep gaada pantes2nya. Malu bego maluu",jijik
"beruntung banget. dia mau nerima kekurangan aku yang buanyak bgt, pasrah kl aku marah marah, bucin, perhatian, bisa jadi support system, baik, loyal, mudah bgt bikin aku senyum ato ketawa terus juga apa ya, pokoknya bangga aja sama dia",senang
aku yang tertipu oleh dirimuuuu,jijik
"Manusia produk revolusi mental, manusia gk beradab, setan pun mungkin muak liat kelakuan kalian!!",marah
Ngeri kali abang senior ini. Jgn marahin adek aku ya bang,takut
"Ngeri banget si bang wkwk, minur air putih aja doyong HAHA",senang
Dulu ngeyel Kini rewel Heran saja dengan pembisiknya.,terkejut
"abis nonton cloy, yg lain terpesona sama kapten ri gue sama kakaknya... gagah betul, wibawanya dapet sekali",senang
"Mulut yang mampu berkata-kata pun dah tak tahu nak kata apa. Sakit nya tu tak terkata. Sengsara nya tu tak terkata. Kecewa, sungguh kecewa. Rasa dah nak putus asa dengan semua ini.",jijik
"Rapat bikin sengsara orang jadi bahan umpatan, hasil g ada",sedih
Bgst aing sudah muak ajig nukararitu,marah
ngantuk mulu heran kl pelajaran itu... *yaallah ampunilah dosa kami*,takut
takut ngeliat duren.,takut
"ya Allah astaghfirullah, jumat2 nda boleh hatespeech gitu riaaa wkwkwkwk bukannya nda suka apa gimana, sebenernya gue b aja sama dia (nda suka tapi ya nda benci juga), kadang suka kesel aja sama fans2nya di circle gue utamanya",marah
Biar gua gk jijik sendiri wkwk,jijik
Dengan tulisan anda ini apakah anda merasa puas. Bijak dikit kenapa.,marah
"Pusing sih engga tp takut nya tetep kurang jelas, w minus ga pake silinder tetep jd 2 2 gitu tulisannya",senang
"izinkan saya carut,, BODO TERKEJUT AKU BANGANG BETUL YA ALLAH",terkejut
Ngeri amaat,takut
"Bro, lu cuman masa lalu jesya, please ga usah ganggu sya lagi Dia punya gua skrg, kalau lu baru nyesel skrg, makan tuh penyesalan krn sdah nyia nyiain sya Gua harap stop kirim mfs ga jelas kyk gini, gua juga kasian liat jesya risih seperti itu",senang
Aku kesal dengan doi,marah
Peluk hati kecil yang penuh dendam ini Ajari tuk menghapus sebuah rasa benci Biarkan kasih lembutmu sentuh hatiku Ubah aku jadi buah hati yang dulu,sedih
Padahal menurut gw mbak itu universal loh bs dipake kl ga yakin sm status/usia yg disapa. dibanding tb2 manggil bu taunya yg dipanggil masi muda/blm nikah. Lagian ngapain si tersinggung anjir kl sama ama ART em km sp,marah
Heran... rasanya pemprov DKI Jakarta sudah sangat sangat tanggap dalam merespon wabah bahkan jauh jika dibandingkan pusat terlalu menganggap remeh sejak awal. Tapi masih ada aja celah buat,sedih
"Tangis haru pecah diatas sana, sujud syukur diatas bibir kawah seketika dengan refleknya kami lakukan atas syukur kepada Allah SWT. Sunrise 4 agustus yg sangat indah, bahkan tidak pernah kami bayangkan akan seindah ini.",senang
Off akhirnya komen aargghh karna kesal,marah
"excited dan kadang gugup juga , campur aduk deh semuannya",takut
Jijik! Najis! Ngapa lu,jijik
"Apaan si mba, mba ini kenapa aku jg cewe tp ga tersinggung bahkan ga ngata""in karna tau itutuh jokes",marah
Hidup ni kena kecewa dulu baru gembira. Githewww,sedih
"Ya gitu nder, kalo berbuat baik jgn sampe mengharapkan balasan apalagi sama manusia, ntar kecewa",sedih
"Klo ada yg salah dari omongan beliau boleh d tegur,krna ilmu agama saya masih belum smpai utk mnterjemahkannya saya tdk berani utk menegur...jika bro tersinggung atau mungkin ada msalah dg narasinya boleh bro sndiri yg menegur,dan mungkin bro lebih paham dari saya",senang
aku lagi ngalaminnya saat ini kecewa banget sama org tua,sedih
"Kalau takut dipukul ombak, jangan berumah ditepi pantai.",senang
"Sok paling benar sendiri, benci bgt sama manusia jenis begini",marah
Takut barang tu terselit virus sekali la,takut
"Nah, ini juga senang kayaknya kalau ribut...",senang
"bukan taknak cerita, tapi kalau cerita pun benda sama je so orang pun dah muak dengar so no worries i will take care of myself :"")",senang
"Gegara film ini aku jadi gak benci exo .. lucu pas eunhyuk joget"" sama hyukjae pas masih trainer huhu pengen nonton lagi.. ada yang punya kah??",terkejut
"jangan la pakai gambar oppa hensem.. i dah berangan ""eh oppa mana likes my tweet niii""... I tak kecewa it's you tau.. i terkilan je sebab bukan oppa.",terkejut
"Ngirim lewat DM anjir ngeri bgt kan, udh gue suruh putusin aja. Alhamdulillah temen gue nurut. Karna temen gue udh bener muak. Soal nya si cowok ini tiap berantem pasti jln sama cewek lain. Nah ini udh puncak nya .",takut
"Kalo emang gak pernah ngapain gapapa nderr wajar kok kalo kadang sebulan gak mens, bisa karena hormon stress atau kegemukan dll. Kalo ngerasa insecure banget bisa check ke dokter, kalo malu lewat dokter praktek biasa bisa pakek halodoc.",sedih
"Udah langsung lapor2 kang? Org skrg jarang bawa duit cash banyak, ngeri duit plastiknya aja...",takut
"Gak heran memang makananya aja binatang, kelakuannya persis binatang, semoga terkena penyakit yg menghinakan",terkejut
wow senang sekali anda ngubah jadwal kereta.,senang
ga terlalu. cuma agak risih aja. tapi gapapaaaa mereka lagi cari uang. kalo jualan kaya alat pembesar payudara baru deh sangat terganggu,marah
"argh bahagia gila tiba"" crush call pukul 6 tadi , aww dia ckp sorry sbb dia tertido awal",senang
"Tkut terpesona,, aw",terkejut
"Naik danri dari ITC itu opsi pertama Li, tapi itu 1 jam sekali. Sedangkan gua udah 18.00 berangkatnya, jadi damri selanjutnya 19.00. Naik taksi gua ngeri macet di jalan ngebayangin pasti lagi padat banget. Kereta bandara itu on time, cuma jalan ke stasiunnya yang ass hole.",takut
"serba mentok pengen pencitraan rakyat udah muak pengen ngibul, bingung udah kebanyakan ngibul peken pamer2, gk ada yg bisa dipamerin para buzzer dan penjilat laknat sudah keabisan bahan yo wes pasrah ngomong keq gitu bae",marah
Sedarlah lid org benci tengok muka kau tu,marah
Kadang jijik kadang seneng eohhh,jijik
Sekitaran bikin muak saja,jijik
iyla bpmu adala suamiq HAHAHAH,senang
Congrats. Sebenarnya semalam aku terkejut kau tido lewat,terkejut
"Biasa nya sih ga sampai jam segini, makanya ini terheran heran wkwk",terkejut
Dah penat jadi pandai latu,jijik
"mingkem nih manusia klu yg radikal non muslim,klu di serang balik pasti mulut baunya akan menghujat org2 islam...ada apa dgn islam sehingga si mahfud benci bgt,hanya karna duit?",marah
"sama cuy wkwkwkw, nnti diblg apaansi najis jijik bgt",jijik
Kok urang tersinggung yah,marah
Terpesona Aura Magis Hutan De Djawatan,terkejut
Kalo dipikir pikir masih terpesona banget sama outfitnya iu di hotel deluna,terkejut
"jago buat kata kata menel, biar kamu terpesona~ WKWKWKWKWK aduh jd geli sendiri",terkejut
Gue masih ga lupa muka anak2 sma gue dan kenyamanan gue disana wkwk senang banget alam bawah sadar ku masih ingat.,senang
"Kalian risih ga sih, chtingan sama org yang typo mulu?",jijik
"// pernah bgt, ditinggal 6 bulan gaada kabar... Tp syukur dia gpp XD adenya ngabarin.",sedih
Gw keplak palanya...jan salahkan kalo jiwa emak2 gw bangkit wkwkwkk dan satu lagi gw tyda ada masalah kalo ada mutual2 gw yg benci wlm....itu hak org masing2...selama ga kelewat batas yah gapapa hahhaah...yowes udh waktunya tidur...goodnight,sedih
"Aku kaget, dan hampir nangis karena sedih. Tiba saja bayanganku aku akan dipisahkan dari keluarga sementara",sedih
"Iyah nih kesal Padahal kan drimketcer lagu buat bobo, kenapa yang bikin ngantuknya from me tu yu?",marah
nonton kak nnti otomatis mrasa kesal aww,marah
selama jungkir balik di dunia kpop. baru kali ini gue terpesona liat cewek korea.,terkejut
Orang cuti berat makin naik but not me hahahaha doc also terkejut cause berat turun,terkejut
aku jijik,jijik
"Abis gue tutup teleponnya, doi nanya: siapa? Pacar lo ya? Gue: bbbukan kok bukan! Doi: gugup bgt sih. Yaudah w pamit. Trus doi pulang. Udah deh w ambyar. Kata adek w sih gue nangis terus2an.",takut
Haihlaaaa penat aku mcm ni,jijik
Semoga yang berjualan dan para pembeli di berikan murka oleh sang pencipta . Amin,senang
aku mmg plan nak drive tp takut kakak aku nk ikut gi kl. so tgh dilemma nak naik bas ke nk drive hahaha aku stay kmns. dia ada bukak utk alumni,takut
Dinda Marahlah jika kau ingin marah Tapi jangan sekali kali kau berbohong Karena kebohongan akan mengundang kelicikan Dan menumbuhkan rasa takut dalam dirimu Dinda Tak perlu kau tersenyum Karena senyummu akan mematahkan hati Dan menyakiti jutaan pria Jaga hatimu DINDA,takut
Tanpa sadar kisah ini telah lama berakhir. Aktingnya bagus. Aku tertipu.,terkejut
"Masih untung dosen doang, aku murka sama kampusnya",marah
"Benci bat kalo udh gajian, orang2 nanyanya gak manusiawi. Org masih pules masih aja di spamming.",marah
Goodluck sidang hari ini Jangan lupa berdoa dan jangan dibawa gugup!! Semangat^^,senang
Mana mukany ba*i kali... Kok jijik ya lihatny..,jijik
semenjak kuarantin ni terkejut tengok selepar dah berubah terpaksa pakai jer lah dah segaut nak berbeli barang,terkejut
"Sekarang apa2 mahal apalagi Omnimbus law mau disahkan yg ruga adalah Pekerja yg gajinya Pas2an ini akan.membuat Rakyat sengsara , Mana Janjinya tiga Kartu saktinya hanya OMDO , hati2 nanti puluhan juta Rakyat Menuntut di Akherat kalau janji tidak dipenuhi.",marah
Wkwkwk mun kajadian jiga di film na pisan ngeri oge,takut
Ngomong dong kalo tersinggung. Tetiba ngetwit gini kan aku jd semakin ingin menghujat,marah
Bangga lu tadz,senang
sape cakap kv tu jijik meh aku bantai dia,marah
Muak juga sih,jijik
risih. kunci aja wa lo kalo ditanya kenapa bilang aja 'gue juga punya privasi mon maap',jijik
Sorry kalau mcm aku je yg over pasal benda ni. Tapi den terkejut yoo bila dia cakap mcm tu. Sekian luahan hati dipagi hari,terkejut
dah boleh cari dan makan puas-puas ni,senang
"Dengan segera Naya mengendalikan dirinya, ""ih apaan sih kak naya gak salting tauuuu"" rengeknya menutupi rasa gugup yang melanda akibat perlakuan sang wira di depannya.",takut
Kel halu dgn tngkat narcistik % Kesalahan ms lalu ga bole di proses Demi kehormatan Bngsa Perfect image hrs ttp trjaga Wajib di hrgai &amp; di hormati Untouchable Rkyat akan kecewa klo pujaannya di tuduh mcm2 Dst-nya Maennn sandiwaraa ajah tross ye!,jijik
jijik gausah sok deket sm Shaheer! Jadi cewek kok GENIT banget sih! MURAHAN ayutingtingnew,jijik
kamu tu kenapa sih suka bikin aku kesal tapi bisa bikin aku senang lagi dengan cepat ha aku bingung deh,marah
"Alhamdulillah getting better dah, tak ada demam lagi Dah 2 hari Netflix &amp; chill, penat baring je hahaha",jijik
Terima kasih ya allah kerana rezekikkan daku dgn anak2 solehah permudahkanlah segala urusan anak2 nih dan makbulkan segala doa doa mereka dan bantulah mereka dlm mghadapi segala urusan dgn tenang dan sabar. Limpahkanlah hidayahmu kasih sygmu kpd mereka ya allah. Syukur,senang
"Tadi aku main cuit cuit tek bapak aku sekali dia terkejut, tangan dia terkaut bibir aku. Bengkak boleh bibir nya. Hahahahaha my bad.",sedih
aku cem gini ko jijik gak,jijik
"IYAAA BENER, bangga sendiri soalnya ya cape juga lumayan",senang
BISA BACA NDAK ANDA??? APAKAH ADA KALIMAT SAYA BANGGA DENGAN FISIK SAYA??,marah
"I really hate it when someone said, ""I think org yg bla bla bla lagi jijik."" Then hujung ayat nya tambah, ""It's just my opinion, bkn nak judge ke apa."" Haha! You're kidding? Bkn nk judge ke apa? Wow!",marah
"Di balik kacamata hitam hari ini sya lihat banyak keceriaan dan warnawarni kehidupan. Mungkin memang tdk ditakdirkan utk bersama, tp sya bangga anda mau berusaha. Sekarang, face the world, partner!",sedih
aku juga benci kacang di bubur ayam. huft,marah
"BAU BANGET ANYING, TAU GASIH BAU KECOA TUH BENCI BGT GUEEE",jijik
"Terlalu takut tuk mengakui kesalahan, heran....",terkejut
Sediiiiihhhhh...kokmasih ada bangsaku yg menipu bangsanya sendiri dan tertipu hal yg dilogikan pun ga masuk akal sehat,terkejut
"Ya Allah mau keluar aja hari ini takut bgt, udh mikir enakny naik busway apa ojol aja, hrs minum vit.c dlu pokokny.",takut
Ayo cobaa biar gak gugup,takut
"Pernah, makanya jadi heran. Kalo tangled kan rambutnya emas, pas dipotong jadi coklat. Ini malah kebalikannya",terkejut
"Nah, semalam itu kunjungan balasan + ingin tahu kenapa bisa bertahan 8 th sejak SMP bolak-balik Bdg-Jkt sampai sudah lulus Psikologi-Atmajaya. Sambil ngomong ke Beby, Katanya, senang baca. Ayo, saatnya nulis buku dan ikut gerakan donasi buku utk anak2 di daerah.",senang
kenapa? murka nya bruntusan?,marah
"Yang alay dan ngeliatnya bikin risih, yang hubungannya toxic tapi dipertahanin dan 22nya cuma bisa nyalahin satu sama lain ga introspeksi, yang bilangnya hijrah tapi mesra amat di postingan hehe",jijik
Iyola kalo anak sstann ngeri plo,senang
"Hallo, the unroll you asked for: Thread by : Selamat malam teman2. Usai penat dan padat seharian bekerja, saya ingin menemani dg twit ringan . Enjoy",senang
"Rumah kita sendiri... Judulnya pas sih, alhamdulillah even tak semewah istana, gubuk kecil ini dibeli atas jerih payah sendiri... Suka sedih sih, karena mama nggak sempat lihat anak2nya mampu beli. Dulu mama yg",sedih
gua juga suka gedek kalo lg dimekdi trs penuh eehh taunya meja kursi di dominasi anaq2 pelajar yg cuma ngorder Mcfloat tp menguasai meja ampe 4 meja digabung komplit dengan tumpukan kertas beserta laptop....lah gua yang mau makan kan jd sengsara nungguin meja kosong.,marah
pasti malu bgt yakan,jijik
Heran gua iklan pembalut kaga pernah di contohin kaya iklan pasta gigi,terkejut
"KIKA!!! sidangnya hari ini ya?!!! semangat! best of luck untuk kika, bismillah, take a deep breathe ya kik klo gugup, you can do it! bismillah! 2020 kika bertoga!!",senang
"Kadang ngerasa bodoh banget, sengsara banget hidup pokoknya serasa serettt bgt rezeki nasib sial mulu tapi kadang juga ngrasa aku masih seberuntung ini dikasih hidup.",sedih
Betapa deg deg an nya aku mengatakan hal ini kepada ayah. Berulang kali ada kesempatan berdua. Tp akhirnya gagal bicara. Terlalu gugup. Akhirnya didepan adik dan ayah ku. Aku mengatakan niatku. Sebenarnya apapun itu. Aku sekalian mngtkn pada ayah kalo anak mnja ny ini sdh dewasa.,takut
Sayang aku mau 24 jam itu sampei puas,senang
"aku dah try. sekarang musuh aku dah jadi kawan. tapi kitorang dingin. cuba yilek ja. buat dunno. lama lama nanti dia penat ah,",marah
ngeri banget. lagi pandemi gini banyak akun provokator,takut
"2in mba, ak juga nyari dimana gantengnya tapi ga ketemu Dahlah takut di serang fansnya",terkejut
OKKKKKKKKKKKKKK MALU,jijik
Yaa my mom pun cleaner je but saya bangga jadi anak dia,senang
Makanya udah muak sama laki laki,jijik
INI MAKSUDNYA APA YA? Sebagai meowholik sy tersinggung meskipun ada benarnya juga,marah
Lockdown tuh bebarengan. Kalo ga bareng ya kaya begini resikonya (ekonomi jd sulit) dan berangsur lama buat virus menghilang. Kalo ga dilockdown trs terinfeksi apa ga lebih sengsara hidupmu? Dan selama lockdown pemerintah wajib supply makanan ke semua warga.,sedih
Risih=jorok,jijik
tertipu kamu bgst,jijik
Gua tak puas ati selagi tak nampak muka dak sakai tu..,senang
"Gak senang karena gak ketemu cici huu padahal td mau nge tweet nyuruh istirahat kalo dah pulang theater ehh ngantuk banget akhirnya ketiduran, skrng kebangun dong ci",senang
"Kena pijak tu satu hal, setiap masa mintak maaf pun satu hal jugak yang i geram. Penat tengok heechul version baik ni, tolongla moody heechul buat comeback T_T",sedih
"Bukan kebodohan yang menyebabkan orang tertipu habis-habisan, tapi ketamakan.",marah
Haduuuuh illfeel asli baru pertama kali jijik sm orang Padahal g kenal,jijik
"Disaat kamu perhatian lalu berubah menjadi cuek, ketahuilah cewek sebenarnya sedih dgn sikapmu yg seperti itu.",sedih
"Tapi yang nyadar nyepet sih jadi bahan bahan gunjingan, meski hanya sedikit orang, cukup membuat risih.",jijik
bawaannya sedih trs kalo liat sae royi. kuat bgt jadi org dijahatin dari lama,sedih
Alias aku takut nanti malah rontok semua bulu matanya pake bulu mata palsu bentar aja risih apalg make itu sambil tidur huuuu,takut
"Bangun pagi-pagi sungguh senang, amat senang",senang
Suliyono kecewa melihat tu,sedih
"Terima kasih uni kami sangat bangga atas kiprah dan perjuangan dalam membela hak hak rakyat yang selama ini selalu mengalami kedzaliman, semoga selalu menjadi yang terdepan untuk rakyat",senang
"Aku bangga dgn UAS yg pandai dan rendah hati, tapi tdk kpd anda.",sedih
Aku memilih menjadi meriah. Semeriah rasa sakitku yg tak pernah bisa kutunjukkan padamu. Duka cita meriah yang hanya ada didalam sepi dan sendiri-sendiriku.,senang
"udh muak sama matdis, mending gue nonton",jijik
Ya padahal emang markus aja yg bapuk di final. Bola yg harusnya bisa dijangkau ama dia tiba2 ga terjangkau. Kesal w pas itu wqww,marah
Orang umno buat-buat terkejut syed saddiq simpan duit parti cash 250k dalam rumah. Berapa ramai org umno dah bagi alasan tu dari dulu,terkejut
"Akhir zaman, yang dikejarnya duit. Orang miskin jadi kaya, org kaya tamak nak kaya lagi. Tak nampak ke apa yg jd sekarang ni Allah dah murka?",marah
Yang membuat diriku Gugup tak begerak,takut
Gak. Jijik punya temen yg muka nya kek difoto yg kanan itu.,jijik
Gak pake es Takut pikek!!,takut
Risih gua kalo lagi enjoy ama musiknya sebelah gua malah instastory ama boomerang ama temen2nya,jijik
"Actually, lagi senang nak jumpa kalau kau masuk simpang 4 sg sireh yang Batu 10 tu then .. kau dari tg, masuk Kiri then kau straight je",senang
Ngaco semua ini yg pada komen heran gua wkwkw,terkejut
wkwk w juga benci bgt jink sama orang bwgitu,jijik
Jijik hahaha,jijik
"sungguh sangat bertolak belakang. Tak butuh berapa lama aku dapat menyesuaikan. Aku ada, aku tertawa bersama, aku bahagia karena mereka yang selalu ada di kala suka duka kehidupan yang tak bisa diterka. Mereka melindungi, mereka peduli, dan mereka tanpa merasa kurang dengan",terkejut
Senang ndasmu! Yg heboh marah marah kan kalian Ampe nyerang heechul!,marah
Ngeri bosku,takut
Dia suka banget deh kekgini heran,terkejut
"Semua orang punya timeline nya masing-masing, jangan cemas melihat timeline orang lain.",sedih
Risih sebenernya lama - lama gw digituin. Siapa sih yg gamau punya badan ideal. Toh gw juga usaha kadang gw banyak makan kadang dikit kalau lg ga nafsu. Orang kurus juga sama kek orang gendut butuh effort.,jijik
"Kebahagiaan bukan timbunan harta, bagiku, orang yang takwa, itulah bahagia",senang
"Mungkin ngga si kalo cape nya karna dia, banyak pikirannya karna dia. Ato memang karna terlalu banyak harapan padanya dan berakhir kecewa, makanya sering cape sendiri",sedih
"Setuju, daritadi sendernya kaya ngajak orang lain buat benci si mas wkwkwkwkwk",marah
Obrolan kita tenggelam sama seperti perasaan kita yg kecewa masing-masing,sedih
"so point dia kat sini, perangai babi ke, muka comel ke, fake friends ke, toxic people ke, yang paling jijik sekarang orang yang senang percaya dengan fitnah &amp; batu api ni, aiyoooo downgrade main facebook jela",jijik
Aww jadi malu,takut
Sumpah... jangan tertipu sama topeng.,jijik
"duduk customer service mmg penat. mostly mmg customer from China. tak penyabar. tak nak que, pastu tak pandai english. ada satu masa tu aku tertanya ""you have aeon member card ?"" pastu bila aku pandang muka dia, eh dia china. pastu dia cing cong cing cong. aku ni cina x de la",jijik
Nah lo ketauan kan malu maluin aja,jijik
Bangga bgt,senang
"Apalah aku yg nonton jarang, denger lagu jarang, ngikutin trend juga ga gimana2 wkwkwk heran, padahal nikmatin waktu 24 jam dlm 1 hari juga. Tp kok jarang nikmatin hiburan-hiburan begini. Untung gak stressed and depressed",terkejut
ikut senang melihatnya,senang
syukur haha. jgn flop sudeh haha,senang
AKU GUGUP.,takut
5. Heummm teman temannya kakak kakaknya dan semuanya XD tessen duka kastil elf,senang
"Orang hadir di hidupmu karena sebuah alasan. Mereka berimu bahagia dan kecewa. Ada yg sesaat, tapi ada yg selamanya,",senang
Senang jaa asalkan tak memilih dan boleh susah senang bersama asalkan bahagia tu yang penting,senang
Ikut om. Tapi besok ah rekamnya. Udah penat om...,jijik
OrNg in bkin muak.. mkin ga respek sm grindra,jijik
Bangga anjir wkwk,senang
Ih ngeri kalau Albert udah ngereplay.,takut
"The past should be put where it belongs to: the past Jangan terlalu cemas juga sama masa depan. Apa yang bisa dikerjain sekarang, apa yang bisa dilakuin sekarang, lakuin. Let things roll on itself",sedih
"Jangan ragu di kala aku bungkam. Untuk mencintaimu, aku tak mau berucap. Karena kamu adalah syair yang membuatku senantiasa gugup",sedih
Orang orang pada takut Virus Corona eh... Dianya malah takut Pansus wkwkwk,terkejut
"""......terima kasih."" Akhirnya seulas senyuman kecil merekah di bibirnya. Saat ini barangkali ia terlalu terselimuti perasaan yang tidak ia kenal, sehingga gugup. Sebagian darinya ingin menjawab malam ini atau besok, sebagian lainnya ingin menghilang saja. Sulit.",takut
Bangga mesti bangga,senang
"karena corona, manusia jadi sengsara tp bumi jadi bahagia. kenapa? karena sebelumnya, manusia semaunya sedangkan bumi merasa tersiksa.",sedih
"Kamu sering ngebohongin aku? aku santai. Rice cooker lupa dicetekin? ya, aku murka dong.",marah
"Disebabkan stain tak hilang, mummy shopping 5 helai baju untuk anak. Puas hati!",senang
"Lain klai jgn msuk capoq bla kmi tuit sesama sndiri. Aku dpat 25k, yg lain depa dpat 26k sehari. Aku hrap hang puas hati, jgn jeles tau. Mcam hng dpat sekupang shari dn tk boleh pakai baju teluk belanga ngan sluaq hitam. Aku tk dk problem nk pakai apa pun. Hg ni Bahlol dn bengap.",sedih
"apa mayor ga malu waktu ngerusak tpt ibadah minor? ga malu jg ngelarang2 pembangunan tpt ibadah minor? JWBnya NGGA, krn sesuai dgn ajarannya! skrg dbls dikit sm minor, waaaah bisa bersilit2 demo, ujung2nya trs pengrusakan dan pelarangan tpt ibadah minor! ktnya 'agama damai'",jijik
"Benci marinaa gila rasa nak bunuh je, nak balas semua jahat dia buat",marah
Kalau boleh pilih memang senang. Ni lecturer yang suka tentukan macam budak2 tadika dah ha. Lepas tu memang tak puas hati la sebab kita dah tau orang tu buat kerja macam mana.,marah
Itu muka kesal.,marah
Penat dgn semua benda,jijik
Ini si gyu kalo ngaca sehat ga ya liat mukanya sendiri? Heran... Bisa ganteng bgt gitu astagaaaaaa...,terkejut
Ngeri kalo bawa brand lokal nih. Hahaha,takut
"Sini nyiplas bersamaku, untuk mengurangi duka",sedih
Lolos jadi presiden aja dah syukur .. soal nya kan bukan dia yg winner,takut
Baca repnya bikin gw sadar soalnya gue orang yg kaya sender. Malah kalo minta tolong anterin malah takut dia risih. Ternyata selama ini aku salah :'),terkejut
"Dan dia satusatu nya cwo yg perna boncengin w klo naik motor selain papa w,, satusatu nya cwo jg w cuma bisa blak2an sm dia dan gaprnh degdeg an klo di dktnya kek ya sansss aja.. Karna klo w di dkt sm cwo lain tu bawaannya degdeg an aja gt atau gugup.",takut
"Bangga aku sama kamu, Indonesia",senang
"Weii Melayu2 korang tak rasa malu ke? Dah terang sikap DAP yg mahu serba serbi utk kaum dia, kaum kita mrk pinggir. Korang masih nak bersetia dgn mereka? Pemimpin2 korang mcm Mat Sabu ni kaya lah nti, korang? Ke mmg korang dilahirkan utk jdi dungu?",jijik
"Saat aku sedang khawatir atau sedang kesal atau ada sesuatu hal yang terjadi, aku biasanya menceritakannya dengan D.O Chanyeol",takut
//. Wkwkwkwkwk. Bikin lo emosi enak. Tapi kalo lo murka serem,takut
"pasti lagi deg deg an banget ini, semangat yaa, pasti bisa kok, pokok kuasai materi dan jangan gugup, insyallah lancar, good luck",senang
"Cemas sekaligus prihatin melihat data korban covid-19 hari ini. Tercatat sudah menyentuh angka 30 ribu korban meninggal di seluruh dunia, 33.905 tepatnya. Kalo dijejer satu stadion pakansari bisa penuh tuh",takut
IH KAMU KURUS BANGET KECIL BANGET IYE KEK PAKE NARKOBA GT ?! Lama - lama gw risih digituin mulu. Emg buat mereka ga bermaksud gitu . Lo gatau aja gw juga butuh banyak effort buat naikin berat badan.,sedih
Aku kesal dengan jarak... *auto nyanyi*,marah
cepetan reboot dong hehe biar para dakjal tudung merah sengsara,sedih
"ASLI DEH YA HERAN GUA, SUJU DAN HEECHUL KAN GA LIAT EKSPRESI MOMO GIMANA PAS KEJADIAN ITU YAKALI MEREKA MANDANGIN MOMO TERUS. BANGSAT LO",terkejut
"Tidak apa-apa sendiri, syarat untuk bahagia tak selalu harus berdua",senang
sedih bgt murka liat nya,sedih
WKWKWKW bener bgt lo liat aja reply muak bgt 'iya gpp' 'santai aja' 'semua org pernah kok' 'untung ganteng' pala lo peyang. giliran yg jelek mo pembelaan segimana dimaki habis2an wkwkw double standard much ya wkwk liatin aja dl,jijik
"'kan masih 1/3 cik, santai aelah' bukan masalah begitu bambank. Gini deh, di angkatanku, aku yang maju sempro paling awal. Aku ngasitaunya ke anak terdekat termasuk si komting, dan si komting nyebarin di grup wkwk tapi aku senang, krn pada doain sama semangatin",senang
Buka timeline pagi-pagi. Baca berita jadi miris campur sedih dan gregetan. Ini debat kapan berakhirnya sementara masyarakat butuh langkah kongkrit segera,sedih
Aku kesal dengan jarak,marah
"Hahaha iya menurutku P'Tay pintar kok, cb nonton TayNew Meal Date dan dengerin dia ngoceh berbagai hal ttg makanan (mungkin scripted tp aku ttp terpesona haha). Dia jg jago dlm vocab bhs Thailand.",senang
"hii kak, kmrn saya ada nanya2 ttg pascabayar tri. Kok blm ada jawabannya yak? Apakah emg ga ada layanan pascabayar di 3 ato gimana nih kak Kita kan jadi kecewa",sedih
"Tuhan aku begitu menyayanginya, jaga dia, dan jaga hubungan kami, aku ingin terus bersamanya, suka maupun duka",sedih
"Itu kenapa gue gamau nyekokin temen2 gue yg non bl fans, karna pasti akan berbentuk respon yg beda. Kecuali, kalo dia emang suka bl. Kadang heran org masih aja nyekokin bl ke org yg non bl fans cuman karna ""dia cakep lo pasti suka"" bkn soal itu bambank.",terkejut
malu banget pastinya,jijik
"Yaudah posisinya gini mba, ibu nya mba jualan, yg lain makan, aku beli es teh, trus ada pengunjung baru mau makan, tapi tmpt penuh, posisinya pengunjung lain makan gk mungkin diusir, aku yg modal goceng mesan esteh+wifi duduk lama, kan sama-sama bayar? Kesal gk?",marah
ntar kalo deketin cewe aku gugup,takut
[Aww malu bgt],takut
muak saya tuh sama kelakuan tikto,jijik
Beban bgt soalnya dia lagi ngmc udh gtu yaaa kesel liat ekspresi nya grup nya si mbak pacar kaya seakan so jijik/gmna gtu yaampun sopan dikit dong yaa harusnya itu kan senior nya setidaknya klo ga suka tuh ya toh akting dikit dpn kamera/publik. Sebel bgttt,terkejut
Parah manusianya mushola tempat ibadah kok di hancurin...tiada tuhan selain allooh swt nabi muhammad utusan allooh swt....pencipta alam semesta akan murka klo manusianya begini terus...,marah
"paling benci film sejenis human centipede, final destination, dkk bikin mual",marah
"Abis itu langsung dah playing victim, muak gue. Kali ini Lo bisa pantau sendiri lah ya",jijik
"Nampak doktor happy-happy je dengan geng tabligh, tapi netizen jugak yg buat teruk, benci mengalahkan doktor. Sudahlah tak menyembuhkan tapi menyakitkan hati ada la. Muhasabah la diri anda untuk tidak menjadi musibat.",marah
pernah nonton film sii PITUNG .. yang seperti di ini di sebut apa ayooo ? sama pribumi benci.. sama LONDO dan Chino hormat dan takut nya kayak centeng...,marah
"gugup? Gw mah ga tukads,, santai trus broo!",senang
san punya terkejut sbb pintu dekat game outlast 2 sampai tertanggal dia punya green screen belakang sbb lari,terkejut
Mau sebagus apapun kalo ada hewan2 kek gitu juga ngeri lah nder,takut
baru ini ada yg manggil mas febrian jadi malu,takut
"Oiya, kerudung itu trus dipkainya buat ke mushola. Sedih deh, ingetnya. Kata nenek, ada orng di pengajian nanyain belinya di mana. Nenek dngn bangga bilang, ""dri cucu saya Tita."" Huhuhu melting gk si sama nenek gw yg sngat manis.",sedih
Tidak mau tertipu sendiriaaaan wkwkwkwkwkw,jijik
"Sama enggak pernah marah juga. Cuma heran aja masih aja yg masalahin dan bicarain umur pake nyinyir orang2 tuh lebih2 klu blm nikah, bnr2 pd norak dah",marah
"sayang semua especially logistik, banyak suka duka sesama.",sedih
Udah muak denger mama muda,terkejut
Daun-daun kering berserakan di pelataran hatiku. Menjadi ruang tuna asmara sebagai rumah duka sepeninggalmu yang menghilang tanpa tanda..,senang
suram muram sedih durjana angkara murka sepi sendiri aku benci kenapa tidak enyah saja kau pekat seperti berjelaga jika ku sendiri,sedih
Aku penat ye throwback dengan eah apa yang kitaorang pernah buat HAHAHAHA MACAM TAKDE OTAK,jijik
"Min, boleh bawa gitar yg ada softcase nya gak kedalam pesawat? Soalnya takut dibanting kalau masuk bagasi. Tks",takut
"Kecewa, terlalu sayang, terlalu berharap, tercintan pstu tak dapat.. AHAHAHAHAHAHA",sedih
Ngeri,takut
Benaaaaar. Gils. Tapi kali ini rm suga jin.. Aku terpesona dengan tarian mereka,terkejut
"Aaahh syukur deh ikut seneng aku, sehat terus ya jisungie",jijik
"btw, emang paling jelek nick dari lu koh. . . ngeri amat ajab",takut
"ANJIR MAU POUCHNYA, JAN SAMPE GUA MURKA",marah
Penat tengok marketing produk keluaran muslim yg suka scam org mcm ni,jijik
justru aku bangga terus pamer ke temen2 yg suka 1d kalo di mvnya ada bap,senang
"""Ayo."" Kedua tungkainya mulai berjalan perlahan memimpin lebih dahulu, namun tetap menyamaratakan posisinya dengan Mikael yang berjalan disampingnya. ""Kalau saya boleh tau, tadi di kantor polisi ngurusin apa?"" tukaknya berhati-hati, takut merasa tersinggung.",takut
Caper sana sini bikin muak,jijik
"Paling jijik sm org yg spam chat apalagi spam stiker, minta dibanting kaliya hpnya",jijik
"Harusnya sedih tp kalo youn yg ngomong jd ngakak ""ya gimana seok, namanya umur gak ada yang tau""",sedih
lelaki akn menangis bila dia betul2 penat dan menyerah kalah untuk yg tersayang untuk bahagia walau bukan bersama dia.,sedih
Terciduk terus uninstall baii . Sekali aku terkejut hahahaha,terkejut
"Nice dream by, risih ngga aku panggil by wkwkkw Sekalian curhat ah mumpung orangnya udah tidur, gaakan stalk juga dia. I Miss you, i want you, apa lagi ya.? Aku pengen main TOD lagi sama kamu, atau nonton film lagi, tapi lebih pengen main TOT Good night sweet heart Your earth",sedih
AKU NIH PENAKUT N BATUK DAH AH PENAT AH KLU NK MATI MATI CPT NNT KENA HADAP BENDA SMUA KENA BELAJAQ BALIK KENA BUAT ASSIGNMENT KENA PRESENT DEPAN UGH AKU PLING BENCI INTERACTIONS NGN ORG CKAP DPN ORG BENCI GILA TAU PENAT LA HIDUP XLEH BUAT BENDA AKU NAK UGH,marah
"Ngaku2 temennya wong cilik buat meraup suara. Giliran udah berkuasa, wong cilik diperes abis abisan. Masih belum puas juga ngejarah aset bangsa Dasar PDIP",senang
"Nctzen, segala sofa aja bisa bikin ambyar, deg degan, berharap, takut berharap, tapi pingin berharap, harap harap cemas, cemas cemas harap, asdghjkl :""""))",terkejut
"Ak murka shaiank, bukan marah lagi . Kalo ada yg apa apain Kao aduin sini ke ak wokke",marah
"Terima kasih kembali Kak Zahra, mohon menunggu ya kak, admin senang bisa membantu. -Daus",senang
"Udah muak, heran ya dilarang salah dibolehin salah",jijik
Aku masih sedih. Aku masih marah. Aku masih kecewa. Aku masih ingin berteriak. Tapi aku tak dendam. Tapi aku tak benci. Tapi apa pedulimu?,sedih
gugup iya sih pokoknya tau sikon gas,takut
Srimulat ala Rejim.... Muak NJING!!,marah
apa tuh yg bikin senang,senang
"Sy telpon pelamar juga sering di reject lalu mrk WA ""sapa?"" Gitu doank. Kalaupun mereka angkat, ga jarang jg yg angkat suaminya, pakdenya, tetangganya, pak Lurahnya, menteri pertahanan negara tempat tinggalnya. Sy jd heran, butuh kerjaan ini apa gak gt loh, belagu amat laganya",terkejut
"Alhamdulillah bunda Seandainya aq deket sm bunda mungkin kita bisa berbagi Suka maupun duka,,",senang
Sakit dikecewakan and penat berkorban,sedih
Enjoy itu bisa mengucap syukur,senang
"Masih agak cemas sih. Semoga gpp. BTW, kyknya yg satu lg gak jadi ikut",takut
benci bgt captionmu kek crush ku,marah
"3 bulan terlewati dengan cepat mereka bisa melewati semua suka duka yang ada bersama akan tetapi tiba-tiba saja X1 menghilang entah kemana,",sedih
"Ketemu dalam mimpi aja gugup, konon kenyataannya",takut
aku mau beli malu bawanya tau mbak,takut
Tersinggung awak yg gabisa apa2 ni,sedih
&amp; aku yang terkejut bukak pintu bilik gelap je kat luar tetiba ada kepala lelaki rupanya ayah sorok,terkejut
semut. ada yg sama ga sih masa gue dibilang aneh takut sana semut,senang
"Tentu kebijakan pemerintah akan menimbulkan pro kontra tpi 1 hal yg selalu gue pegang negara tdk akan pernah membiarkan rakyatnya sengsara, dan ketika ditengah2 musibah global seperti ini ada orang yg mncoba adudomba maka gue sangat berharap mereka mampus dimakan corona",marah
Aku terpesona dgn rencana tuhan yg bg2 sempurna mengatur segala hal . Dan aku mulai mengerti bahwa kesabaran adalah kunci utama .,senang
Heran bgt udah tau hiliday tapi pasang alarm faedahnya itu apa,terkejut
"Mrk emang bangsa yg jorok, jijik lihat nya",jijik
Muka orang ini paling gue benci di dunia ini,marah
"jangan rasa hina, org yg menghina tu lagi jijik dari kita yg dihina. Proof to that bitch",jijik
Jejak digital memang ngeri ngeri sedap,takut
"itumiiii tawwa. pokoknya grgr ituji satu thread na lgsg ter up jg list2 yg lama. jd pro kontra mi jg, ada tim yg block report attack fs, ada jg yg bela fs krn ndada buktinya tawwa blg sasange ki untung aq tim nongton kericuhan ji. apapoe murka tongmi fs2ka",marah
Jangan jadi provokator lagi Rom...sudah kl BENCI dgn ISLAM benci saja..jgn sulut Bara lg,marah
Semoga ada jalan yg bikin batin bunda puas ya,senang
"Dulu kalau lg pelajaran pendiem jarang aktif sampai selalu disindiri sama guru bahasa inggris jaman SMA, dikatain macem2 wkwk benci bats",marah
"KECEWA dan GAGAL adalah hal yg wajar terjadi, BANGKIT KEMBALI adalah REAKSI terbaik menyikapinya.",marah
saya rasa bekas bf awak ni ada masalah mental dan perlu diberi bantuan dengan cara membuat laporan polis dan sabitkan dia dengan kes jenayah seksual dan penculikan and at the end dia akan sengsara seumur hidup dia,marah
takut murka Allah,takut
Takut liat senyum mu hahahah,takut
kenot do wit anyone else okie penat aku hafal haritu ko taknak buat pun setan betul penat je keluar fak of,marah
"karena aku ngikutin dari awal pengumuman castnya, ekspetasiku jd tinggi banget. pas lihat ep 1 aku kaya rada kecewa gitu, kyk ga sesuai ekspetasi. tp aku langsung keinget oh iya ini kan romcom jd wajar"" aja sih. trs ya ttp aku tonton soalnya emg alasanku nonton krn bin sama yejin",sedih
"Filem ini memberi range emosi yang besar, daripada gembira, sedih, kecewa; penonton akan merasa semua ini bersama-sama filem ini.",sedih
"Jgnlah pake kt2 tolol...itu kasar. Cobalah utk beradab dg bahas yg bener &amp; halus... kita nasihatin spt ini aja: Heh! dongok lu!! Sapa yg nikmatin hutang? Gara2 utang rakyat sengsara. Dasar bego, kutu kupret, cebong banci, brudu pingky, kodok buntung lu...!!!",marah
ahaha bikin kesal saja ya unnie,marah
"Kalau dah penat tgok citer berat2, tngok The Good Place. Sumpah best!",senang
"Hahaha mungkin karena udh lama ngga ketemu, eh sekali ketemu Sohyunnya lagi cantik bgtt. Mana ngga gugup cobaa",senang
udah gue jamin gausah takut. gaada yg mau kecuali lo masih bawa kas smilemo di tas,takut
"Mulai risih ama rambut sendiri, suka masuk2 kuping. kenapa gak masuk tentara aja sih",marah
"Jam segini gabisa tidur lagi, pengen buka shopee ngeri belanja halu, trus buka facebook dannnn menemukan ini",terkejut
kalo mereka murka gimana bri,takut
Saha nu budak teu suka Jeung aelyn? Sahaaaa?? Kadieeeeeee siaaa.. aing teh murka !!!,marah
Ade2 je geli tulah Lain Kali jangan ikut bandwagon hate orang lain nak benci kpop kau pun nak ikut.. kalau suka layan jelah takde sapa2 pun halang...,marah
Dan warga ngeri kalo sepill sampe ujung akar yang ada dalam inti bumi.,takut
Ya ngeri lah nder tolong,takut
eh kok... wkwk aku benci dengan pikiran ku,jijik
Gugup tak bergerak,takut
Jan sampe pak sungkana murka,takut
"Krn ulama yg terpikat duniawi, krn orang2 pintar yg silau kekuasaan, maka sengsara seluruh rakyat",sedih
"jujur, ngerasa benci diri sendiri kalau jadi medioker gini. kemana ilangnya jiwa-jiwa ambis yg selalu berpedoman, ""coba aja dulu, ntar baru tau gimana hasilnya""?",marah
Bangga ga ? wkkwkw,senang
"Cukup terkesima dengan banyaknya pakaian formal yang di bawa oleh Luna. ""Pantas saja sampai 3 koper ya."" Keduanya melanjuti perjalanan, sudah biasa Luna melakukan kontak fisik, Kenn tidak keberatan, ia pun senang. Saat bersama temannya satu ini, segala hal terasa cepat. -",senang
Terkejut gak aku kalau nenek dia tiba pakai seluar pendek jugak,terkejut
manusia aja risih dinfus apa lagi kucing ya huhuhuhu,senang
Dunia sedang dirundung duka akibat wabah covid19. Tapi disini masih menanggapinya dengan lelucon dari pemeran yg sama.,sedih
"WAKAKAKAK, aku merasa diriku aneh. Karena aku suka tiba-tiba ngakak kek orang gila. Serem gak kamu? Aseli aku serem. Takut besok masuk rumah sakit.",senang
"DOMENPASAR,BALI Aku Mau Airpods pink Happy birthday buat kamu ,semoga apa yang di inginkan tercapai dan makin lancar rezekinya , and be happy pastinya be loyal army beb aku juga bangga banget sama bangtan apalagi bang Taehyung love banget , BORAHAEEE ,I PURPLE YOUU",senang
SUDAH DAN KESAL DENGAN SEUNGYOUN!,marah
it's just too painful rasa sengsara mau telan sebiji,sedih
"Mungkin dia tersinggung Krn ga ada yg mau, maklum ga cantik",senang
Muak ngeliatnya....,jijik
"Udah baca kasus ini. Mirip banget ceritanya dengan film Korea, My Baby Jaya. Yang menjual juga teman-temannya sendiri yang suka membully (sesama anak SMA). Lihat di film itu aja udah ngeri aku, apalagi ini nyata",sedih
"Sering kali merasa gagal sebagai anak, ketika engkau butuh bantuan dan aku hanya bisa mendengar ceritamu tanpa bisa bantu sesuatu yg lebih, egoku terkadang masih terlalu besar, semoga aku selalu memiliki rasa sabar dan syukur seperti ketika orang tuaku sabar merawatku.",sedih
Ya di terapin aja banyakan teori Luh... Bilang aja lu alergi dan anti sama syariat Islam benci sama hukum Allah,marah
Istigfar woe [[mrasa kesal]],marah
Dari suka aku belajar menghargai hidup dan dari duka aku belajar mencintai hidup. Terimakasih Tuhan. 25,senang
memang selalu membuat orang terpesona jd nga sabar kan gue,senang
"Dari kehidupan pesohor luar negeri sampai sesiapunpun di antah berantah, bisa disaksikan rutinitas kegiatan hidupnya. Baru saja yg kmrn berita duka menyebar dari belahan dunia sana. Bukan penggemar, ga tau2 amat, seper-scroll-an lihat IGnya jd tau blio slalu celebrate life n",terkejut
"Menang syukur, imbang rapopo, kalah biasa.. dua klub itu mengajarkan filosofi Narimo ing pandum. Wong jowo kabeh dukung rong kleb kui kudune",senang
Mna adgan wik wikny [aww krg puas],senang
Huhu padahal takut yg di jb in risih gitu :') aku ada dimana mana gegara jbjb mulu wkwk,takut
Malu malu,takut
Gue heran. Yg kek gini masih bnyak yg dukung maksudnya apa coba. Suka ngeyel.,terkejut
Saya benci saat-saat sudah berhasil move on tapi tiba-tiba kenangan kembali lagi muncul karena mendengar lagu kita.,sedih
"aku terkejut liat minhyuk ngerangkul jh ternyata dah kenal lama my babies huuuuu, makasih ka infonyaaa",terkejut
"Maaf kalau aku lancang atau aku terlalu peka, aku pernah dengar ko telp pas kita mau pergi ke acara nikahan di kos ko, aku gakk tau ko telp siapa tapi ko bilang ko udah mulai kesal samaku dan semua yang buat ko gakk nyaman lagi",sedih
GUE MAU IKUT MIKSERAN TP LG DI LUAR MURKA BNGET.,marah
"Al-Qur'an itu indah , apalagi kalau dibaca dan dihafalkan, membuat hati senang dikala sedang sedih",senang
Set gcam nya default bang. Cuma matiin motion+pake grid. Risih pake motion mode. Hehe,senang
Hai hai sama cowok . Ngeri takut ditusuk,takut
Ibuk kalo udah bakat maling susah ya buk. Nikin sengsara orang ini sih.,marah
"bukan mksd gue kesannya gila hormat, tp tetep aja ga enak. beberapa orang juga risih kl tbtb direply gt :"")",marah
"Diawali kata ""kecewa""",sedih
"edan ngeri kuatka nepi goceng kitu, apakah se worth it itu ?",takut
"Ngeri uy, master mah prediksi nya mantap.",takut
Ah yg kayak gitu aku jg risih kak. Karena kalau kita ga ikut pasti kita yang jadi bahan pembicaraan mereka,takut
lu cek dah ke rumah sakit lu emosian mulu ngeri gua,takut
Tbtb ada rasa takut yg ngga mendasar :') Rasa takut yg belom terbukti (: Rasa takut yg kutakutkan,takut
Terkejut bukak bukak nak penuh screen,terkejut
"Sumpah if aku dapat , aku menangis teruk, sujud syukur kt finishing line tu Silap-silap sempat lagi nak solat Subuh dekat lepas habis lari hehe May my dream comes to reality. Amin Ya Rabb.",senang
Aku bukan penggemar berat tapi KESAL AJIG EMANG BANYAK ORG TOLOL,marah
"Lain muak, tapi kesel teu menang wae jatah untung geus apal tibaheula. Jadi teu cekcok jiga ayeuna haha",senang
"Maaf ya kak udah bikin kamu cemas, pastiin kamu tetep pantau terus masa garansi biar pesanan pesanan kamu tetep aman. Mimin bantu cek ya, yuk DM mimin nomor pesanan ama username kamu ya. Mimin tunggu ^IT",senang
"Tapinya sedih aja Nah dari sini kemudian gue paham, salah satunya kenapa mamak tiri jadi jahat, ya karena perasaan ini.. bisa jadi para mamak tiri ini jd lebih jahat krn iri dan kecewa ga diperlakukan beda semoga gue ga jd seperti itu..doain ya gaes",sedih
Tertipu mengira bahwa kamu baik kepadaku.,takut
hahaha tapi pt3 senang,senang
Aku berdiri kat Sebelah kereta2 yang parking tu takkan nak jerit oi Nae! Nanti terkejut pulak bapak kau ahhaha,terkejut
"Memalam oramg send vid potong kepala orang, ngeri sia",takut
"Engga semuaa mbak , ada yg makin mirip kntl kalo make kacamata jijik liatnya wkwk",jijik
Aku ga suka kucing (bukan benci). Iya tepatnya takut ya,takut
"Apa an yang bisa bikin bahagia, gak ada semua hanya tipuan, dan aku adalah seorang yang sering tertipu, semua nya bangsat",terkejut
"wajah di depannya yang terlihat sedikit pucat. Mungkin karena gugup. Kepalanya bekerja keras memproses segalanya. Bagaimana Jethro menyebutkan namanya, bagaimana sang wira memintanya untuk menjadi hak milik.",sedih
Terkejut bukak gallery ada boomerang geng AminahFT ni hahahaha,terkejut
"FKG : duka nya banyak, suka nya juga banyak kok wkwk, beli alat yang hm bgtu la masuk fkg berasa jadi tukang, apalagi skills lab dah ancur jaslab dan jilbab. Tapi seru jujurrrrr",senang
aku senang kembali menemukan tawa dari orang-orang yang sudah ku kenal di 19 tahun kehidupanku pdahal aku masih masih berumur 23 saat ini. lama bukan ? hehe,senang
"Padahal cuma isi yg 1,5 gb 20rb, heran aku kenapa dapet 82 gb. Makasih xl",terkejut
"Benci banget gua jaehyun selalu dpt peran brengsek gini tp gapapa. Aku suka. Kalau berkenan, tag ke ya, nder terima kasih! Semangat nulisnya",marah
Ini masalah perkaranya apa sih?? Heran rakyat jdi primitif gini??,terkejut
syukur dapat mintuha kytu. aku semalam dapat yg pemamaian + julid.,senang
"Hanya ada dua pilihan dalam cinta, bahagia atau kecewa. Dan siapapun yang bermain dengan cinta, harus siap merasakan keduanya.",sedih
"Huhuhu i thought spotify tak ada benda ni, sokay lepas ni telinga i dh tak sengsara dh",sedih
ck aku murka,marah
Aku kan takok apakah kalian juga benci akuh ?,marah
Suka : pulang jam berapa pun mau lewat tengah malem atau sampe subuh gaada yg marahin Duka : apa-apa kudu sendiri,sedih
Aku minta maaf kat jiran2 aku kalau terkejut dengar aku gelak sebab tengok video bodo ni,sedih
Seenggaknya masih ada yang biasin lo. Lah gua? Ada yang kenal aja syukur (:,sedih
Makasih loh ya [aww merasa malu],senang
"Semua orang penat. Aku pun. Kau tau aku penat nak hadap benda ni. Malam-malam, dalam gelap, aku sedih. Ingat tentang apa kita bualkan. Apa yg pernah kita cerita. Tapi... Tak apalah. Aku taknak kau rasa apa aku rasa.",sedih
Karena takut dan ga mudheng,takut
pengen sih tapi takutnya dia risih,takut
Bahagialah kau di atas sengsara aku. Aku rela.,sedih
yaela yg benci ama gue mah bukan sebagian. udh semuanya kali wkwk,marah
Mangatss jgn lupa selalu berdoa biar ga gugup^^,senang
"Iyaaa se moa nation itu khawatir trus mencoba berpositive thinking like ""beomie nggak papa kok, tenang pls tenang"" padahal udah cemas bgt nih emang txt are our babies",takut
aww bunyinya ngikngukngiiik [mrsa terkejut],terkejut
Heran/dengki wkwkwkwk,terkejut
Risih,jijik
BDO aku tertipu,jijik
"Dengan setia, cinta akan terasa bahagia. Dengan kejujuran, cinta akan mencapai kesempurnaan",senang
AKU TERKEJUT. Dasar anak nakal,terkejut
"Achievement sepanjang setahun aku kerja dengan wawacosmetics, aku dah capai sales 5juta! Haaaa power en. Tapi tapi tapi. Tu semua ada. Seronok, sakit, sedih, marah, xcukup tidoq, sakit badan badan tu xhilang lagi sampai nak resign. Penat woo. Kalau laa semua tu aku dapat. Kayoooo",sedih
hey aku kesal sekali melihat ava twitt qm,marah
Jijik syiallllll,jijik
"Kita heran ketika yg ada masalah dan dirugikan umat islam, mereka se akan diam tanpa kata ,tapi kalao sebaliknya waaaw 1 bulan ga habis2 episodenya di media, ingatlah akan penghakiman Allah kelak di Akhirat",terkejut
"Udah terlalu sering ketawa, padahal dalam hati menyimpan duka yg dalam",sedih
"Walaupun anaqiy tgh tidur dan laki aku kat kedai, aku tetap call and jerit2 sebab lipas. Pastu aku ckp kt husband ""lipas dh takde. Tak tau pegi mana"" dengan nada cemas. Husband aku plak dengan tenang cakap ""nanti sy balik kita cari"" Wtf!",takut
Syukur banget,senang
ngeri nder,takut
haha issac bikin murka bakal deh kayanya soalnya itu masi gantung bgt,marah
"Pengin njawab sesuatu, tpi kamu pasti jijik, ya udah gak jadi replay",sedih
"minder + bangga la wkwkw Tapi dominan bangga si, gils jarang2 punya cowo ip 4",takut
iyasi agak ngeri ngeri tp lucu bgt anjir,takut
Hahaha jadi pengen ikutan sambat pagi-pagi Tapi ngeri kalo senior udh sambat tuh wkwkwkw,takut
Sudut pandang yg sempurna emng selalu bikin terpesona,terkejut
"Ngeri banget, telat haid sampe 9 bulan",takut
"Kayaknya pingsan yu, sebelum pingsan gugup bgt mesti tak kasih tau yuu ibuku ngefans sama jin katanya ko ganteng bgt sih ra. Pas aku bawa poster nya jin ibuku minta masa",takut
akuu tertipu aku terjebak aku terperangkap penipu ituuu,jijik
Penat babi ah tunggu,jijik
22. Sebel sama rp yang mau temenan tapi liat liat followers. Aku benci rp fakboi dan juga pelakor bawaannya pengen jambak ginjalnya,marah
Memiliki paras dingin bukan berarti tak memiliki rasa gugup sedikit pun. Meski terbiasa menghadapi bahkan menghabisi orang dewasa sekali pun tak membuat sang puan lantas tidak memiliki kekhawatiran terhadap sesuatu. Tapi mengapa?,takut
Jangan nuduh gt dong ntar aku murka,marah
"Bener juga, namanya temen kan hrs ada di saat suka dan duka Kan persahabatan bagai kepompong",senang
"Kalau social media heboh pasal AIDS dan STD dan tanam ketakutan kematian dan murka pencipta, mungkin org tk sokong pengamal LGBT. Pftt",marah
Gue dibeda2in gini tu ternyata ibuku juga ngeh. Ibu juga sedih.,sedih
Sy bangga g pilih pa de ! ! !!!!,senang
Tetep benci. Caper mulu ke the boys,marah
Aku baca tambah suami rupanya sumi. Terkejut mak,terkejut
Nah sering bgt ni nemu temen kayak gini dikira kita gak tersinggung apa.. hargai aja udah tanpa ganggu atau nyindir. Padahal kita gak rugiin dia juga perasaan,marah
Tapi buat orang kesal,marah
WKWKWKWKKW KESAL SAYA,marah
"Inget nder dosa sesama manusia Tuhan gk ikut campur hati"" yaa takutnya Tuhan murka aibmu dibuka depan umum juga ehehe",marah
yah kecewa penonton,sedih
Ga tau ih kesal aku sama mereka,marah
Gua sbg nctzen sma atiny baca tweet ini auto malu gua sma kelakuan lu astagfirullah,jijik
"Jelas jelas KPK itu : menghambat langkah mereka ! mengancam nasib mereka ! Menggangu kesenangan mereka ! Membuat mereka cemas !Sebenarnya, mereka mau bilang,""Dasar, KPK pengganggu !"" daan, power itu ada di tangan mereka sekarang, jadilah barang itu !...",marah
Baru tdi jam 10 mandi ga juga mau tidur cepet mata tu kyk seger banget jm segini heran,terkejut
"Iya kak, karena aku kesal",marah
Mesem2 sendiri anjir malu gw liat muka sendiri,jijik
Ada yang punya site plannya? Penasaran mau buat apa disitu. Syukur sempat ke sana sebelum di revitalisasi,senang
"Kdg kesal sih sama sudut pandang sendiri .. Sering banget mereka ngomong ""trivia diam aja ngomong lah"" Akutu enggk tw aku mw ngomong apa .. Enggk ngerti hal di RL Hubungan si anu drngan di dia juga gw bomat .. Lbh seneng dunia sendiri .. Iya gw salah kok",marah
"Tadi baca-baca lagi chat (curhatan) temen yang emg punya masalah yang berat bagi aing, jadi pengen bisa bantu. Tapi disatu sisi aing benci doi.",sedih
"Ga terasa waktu sudah berlalu, suka dan duka udah gua lalui di kota Depok. Hanya ingin merasakan nostalgia",sedih
"emg kecewa cuma bole ke pacar? :"")",sedih
Aku merasa tersinggung jadinya nih. Jaman smk tiap pulang hbs ujian sok belajar bareng sm doi di mekdi smpe ber jam jam,marah
"Blm pernah ak OTP sama stranger, pada risih kali ya aku ajakin OTP wkwkwk Tp bener sih ngga semua stranger open minded for a nice OTP, mungkin liat mukaku aja udh pada curiga juga",takut
sape tak terkejut bodo ceni mau keluar semua jenis doa hahahahaha,terkejut
Sama heran bgt aku tuh,terkejut
"Tapi orang orang sholat disitu kan? Adzan juga disitu kan? Yaa itu sama aka masjid, meskipun d lapangan terbuka. Masjid bukan hanya berwujud bangunan yg ada kubah aja. Masjid itu tempat berkumpulnya umat muslim untuh ibadah yg Agung. Ente munafik ya? Malu sama nama bagus ente..",marah
Pengen nelpon mama trs nangis2 aja sampe puas,senang
Oknum yang kesal,marah
Sesi duka tangis dipersilahkan Binic tolong pelul aku Aku gakuat konten iKON ga ada hanbinnya Bukann Bukannya gamau dukung iKON yg sekarang Tp tp tp tp Ada lubang dihatiku Gabisa di tutup Bin aku kangen kamu bin,sedih
Bosen denganmu tapi muak dengannya:,jijik
AKU NIH PENAKUT N BATUK DAH AH PENAT AH KLU NK MATI MATI CPT NNT KENA HADAP BENDA SMUA KENA BELAJAQ BALIK KENA BUAT ASSIGNMENT KENA PRESENT DEPAN UGH AKU PLING BENCI INTERACTIONS NGN ORG CKAP DPN ORG BENCI GILA TAU PENAT LA HIDUP XLEH BUAT BENDA AKU NAK UGH,marah
"Kondisi begini aja masih pilih pilih lhoooo, heran jonson..",terkejut
"Gue ga tersinggung.. gue mah cuma komen kalimat lo yang nyuruh nitijen bijak bersosmed tapi orang yg lo bela ga bijak bersosmed. Makanya gue minta tolong sama lo, minta beliaunya juga bijak dalam bersosmed. Yudh gitu aja, biar impas sama-sama bijak kan enak, ya ga?",marah
"Dia udaa tau 3 lagu berarti, sarangeul heta, kill thiss love, sama tetetet tetetet nya zico. Ngeri jadi kpopers aja bis ini wkwkwk",takut
kenapa mesti jumpa tweet ni waktu malam siaaku terkejut buka gambar last tu. aku takut weh,terkejut
kasar bgt heran,terkejut
"Mau tanya benar tidak gas tabung isi 12kg harganya sekarang jadi Rp. 180.000,- ? Makin sengsara banget ya jadi rakyat",sedih
Dia juga membuat aku bangga sebagai pacarnya.,senang
"hua bener aku duka yg buat penonton ikut mikir gt, ada teka teki. misal thriller, horror, mystery",takut
"/jbrfess/ Rek barusan aku mau tidur ada yang megang aku, padahal aku masih sadar, pas aku lihat gak ada orang nder. Ngeri ga sih",takut
"Terus kemaren itu dia kan ke office gtu dan duduk deket deket gua literally deket banget dan ngeliatin gitu gua lagi ngapain di depan pc, even gua maen hp pun dia liat I mean like menurut gua kan itu gasopan dan bikin risih bagi gua Dan dia gaada nanya kak itu apa ato gimana",jijik
buaya darat buset aku tertipu la- eh,jijik
Nanti gue mau buat ahh biar lu makin muak,jijik
Yahh gimana sih sist saya jd kecewa...,sedih
mknya heran .,terkejut
"itu knp gue benci bgt. mrk yg enak kita yg sengsara,ga sbntr buat nyembuhin ini,gue hrs nunda pendidikan bahkan ngerelain gaikt tes STAN krn ada tes kesehatan&amp;fisik yg ga mgkn bgt bs lolos saat itu. hak kalian si mau ngerokok,tp perna mikir ga kl dampak ke org lain separah itu?",marah
"Kalian yang wfh, dirumah aja ya, biar aku aja yang kerja d kantor *dalem hati ngeri ngeri gitu",takut
Alhamdulillah syukur,senang
"Juga pemahaman, jangan mudah tersinggung jangan mudah terprovokasi. Indonesia banyak watak yang ada, maklum beda"" penyampaian nya ^^ ada yang kasar bagi kita, lembut bagi mereka. Berprasangka baik itu utama",senang
Wkwkkw gua juga ngeri,takut
"Suka heran apa apa gwaa duluan yg maju di grup walas kalo di tanya kepsek, baru walas yg laen ikutan :')",terkejut
Kesal tingkat firdaus,marah
penat,jijik
argggh kesal,marah
"OTAKLU YANG DIBIKIN SOPAN DULU, OTAKLU BERMASALAH, DIKIT DIKIT BILANG AZAB/MURKA ALLAH, EMANG LU NABI, YANG TAU KALAU ITU AZAB/MURKA(KARENA MENDAPAT WAHYU DARI ALLAH), CUMA MANUSIA BIASA AJA SOK NGEVONIS AZAB/MURKA",senang
"From : mba gue risih bgt mba. Gue ga mood kl dia telfon. Tp gue gaenak aja gitu kan berasa jahat. Tp gimana To : mba apa gue gas aja kali ya, anjirlah anjir gue bodo bgt. Nyesel bgt nyesel. Aaaah mba disaat dia udh terbang,ex crush lo msh bimbingan HAHA",takut
Rasa aku ni ya.. mereka2 ini ni org stress gitu yg udah muak bgt liat pemerintahan trus nyari panggung.Bukannya malu malah berasa artis.Nah ditambah pendidikan mereka rendah dan nilai2 agamanya jg hilang.,jijik
"Tawa ya kamu dongo, Senang sekali melihat penderitaan orang lain WKWKWKW",senang
waah kereen bangeeet. aku terpesona. ga nyangka ya mba. kok bisa gitu ya,terkejut
"Paansi lu kontol, gue mo ngmong najis ama jijik aja kudu bgt berkarya dlu apa",jijik
Dr. Tirta mau komentar dikit. anda perokok berat dan anda menyesali apa yang anda lakukan. tetapi anda membantu kemenkes unguk kampanye berhenti merokok setelah sakit yang anda derita. Itu sama saja seperti anda slh memilih pacar dan saat anda kecewa anda bilang pacar anda g bnr,marah
pgn ngasih tau sama tukang pecel lele bisa gak sih bersihin lele nya dirumah gt sumpah dah kan jijik mau makan tp harus liatin lele di bedah dl,jijik
Bbrp x ni video nyelonong dTL sy...risih sy liat model baju si panjoel. Kyk kimono apa baju tidur hehehe... Masih kuyus kurang asupan gizi hahaha...,sedih
"Bukanya gimna2 takutnya mlah tersinggung cweknya klo ngomongin pakaian,",marah
"Hari ini nonton itaewon class dan ternyata boleh juga dong itu drama. Sebenernya bukan kisah membangun kedainya yg bikin gue tertarik, tapi gue malah terpesona sama perkembangan karakter main leadnya. Eksekusinya baik banget.",senang
"Kalau berkata-kata kasar gitu dosa ga sih karena terlalu geram dengan 'para-para' yang menanam badai dikala topan sedang berjalan kayak gini?. Heran hlo saya. Semuanya dipolitisasi, banyak sekali alibi disetiap intervensi. Prioritasnya keselamatan apa cuan?.",terkejut
jijik. cepat mana ini ko gada yg peka anying,jijik
"Mau mukul boleh tidak sih? Terlanjur emosi. ""Gimana mau negatif? Pertanyaannya saja ambigu."" ujarnya kesal, sambil menggelengkan kepalanya.",marah
Mash Juni nyeess. Bismillah semoga lantjar ya. Sakit gg nes ngelahirin? Takut plus cemas,takut
"ya Allah, mpusss moga kamu dpt majikan yg baik terus bisa sembuh cantik lagi... Buat yang benci kucing, seenggaknya jangan sakiti mereka lah, mereka gak salah apa-apa, mereka cuma hewan yang gatau apa-apa selain untuk kebutuhannya sendiri...",marah
HARAP2 AP YG ak pernah buat akn dibalas dengan baik jugak..karna aku tidak mahu kecewa dgn ap yg telah dilakukan oleh dia kepadaku slepas aku mlkukan kebaikan kepada dia..,sedih
Makannya gausa dikenal.. upload sesuka hati bebas gaada yang marah atau tersinggung wowkwok,senang
"Kaum kafirun yg udah gak cinta lg NKRI ini,,silahkan Gaungkan Genderang PERANG,,,in sya Allah kami Muslimin dgn senang hati menyambutnya. Syahid membela Agama itulah cita-cita setiap Muslimin. CAMKAN ITU....",marah
"padahal yg gue pikirin ini belum tentu besok terjadi, tp kenapa gue cemas nya berlebihan bgt? plis help im done with myself",takut
Sama dulu kecil suka mimpi ini pas bangun kek cemas + keringet dingin,takut
sangat-sangat senang...,senang
"Demi, jijik bgt deh bukannya apa ya.",jijik
Dahh muak gue,jijik
"Ko ngeri, bub aja :"")",takut
"Ngajakin berantem aja loh ganteng, heran aku",terkejut
aneh banget anjinkk risih liatnya,senang
Malu lu ama yang ga pernah ibadah tapi otaknya rasional,jijik
Terpesona dengan dance nya,terkejut
BANGGA MALAH DIA SAMA JOKES AMPASNYA NYUMBANG DUIT BUAT SERIES NGGAK TAPI BANGGA BIKIN CHAOS DI FANDOM PADAHAL MODAL BAJAKAN DOANG. WESTERN FANDOM,senang
"Berkurung dlm rmh sendiri pun sengsara ya amat. Org dlu sembunyi dlm rumah sendiri pun belum tentu selamat, Cu. Haishhh..org muda mental kena kuat Semoga negara kita kembali sihat, Aamiin",sedih
"Percayalah, jam segini sendirian nungguin abang jemput. Ngeri aslik. Gamau kek gini lagi dah",takut
I'm sick of ayam already. No ayam untuk minggu ni. Sis is muak.,takut
Puji syukur,senang
Perlu di musnahkan penyakit itu saya sudah jijik,jijik
Bangga tapi sekaligus minder juga,senang
"Maap nder, tp ancen kenyataan. Dadi jijik rasaneeee ihh",jijik
Banyak untungnya puang buat mereka tp Rakyat ma tambah sengsara,sedih
Ju Jihoon sadar ga sih kalo dia tuh gantengnya kelewatan. Nangis aku seharian capek karna terpesona kegantengan doi Definisi perfect face,terkejut
"Sorry, aku delete twit yang sebelumnya karena dirasa terlalu kasar. Begini ya mba, entah apa fandom Anda, tolong jangan mengkambinghitamkan suatu fandom. Pas ketahuan saja langsung ubah ""fandom"". Kurang perhatian kamu ya? Nih sudah diperhatiin banyak orang, puas?",marah
pake baju dulu hayo malu sama tetangga,jijik
Gw kalau udah murka bisa jahat banget loh.,marah
Aku juga senang,senang
"Kok ngehujat dibase, pengen pansos ya malu maluin nama fandom sendiri dgn menghujat fandom lain",marah
Tapi ngeri juga si anju kalau isi kosannya hewan hewan begituan wtff,takut
"Hitungannya bakalan ninggalin jogja dengan waktu yang lama banget dari seblum2nya, sedih bgst!",sedih
Tiga bulan sudah. Ada banyak kisah. Ada banyak duka. Dan bahagia. Kapan kamu kembali jadi bagian cerita. Untuk sisa waktu yang kupunya. Aku mohon kembalilah. Aku mohon. Kembalilah.,senang
kalo gua terkenal besok-besok ada jejak digital yg bikin jijik kalian tolong maapin yaa kadang khilaf,takut
kesel kesel benci kepikiran mulu eh tau-tau suka trus jadian haah sa ae lu saodah . sagara,marah
bangga sekali menjadi ortunya...,senang
Maaf kak terpesona,terkejut
Enggak kenapa-kenapa deh. Takut kamu risih aja.,takut
Puas puasin dah flashbacknya wkwk,senang
Nder sama.... Tapi aku inget kalo aku males malesan ntar aku yang sengsara aku yang lama lulusnya aku yang ga dapet kerja aku yang jatuh sendirian aku yang gagal sendirian. Jadi yuk semangat,sedih
Omo terkejut seh kak maisa reply HAHAHAHAHA weh rindu ma sis,terkejut
"Adegan ini lucu plus bikin suka nyanyi suka memaksa cinta ,,aku tertipu aku terjebak , hahaha ,, gerakannya pas sama lagunya dan lucu .. Hastag nya",terkejut
Melihat ke uwu an ini membuatku tersinggung,sedih
"Udah muak daritadi yang diliat ppt"" doang. Coba kek muka lu yg gua liat, kan gabakal muak kea gini elah *bnst emang",jijik
"Kasian, itu member jkt48 nya kaya jijik gitu ke mas nya.",sedih
"Ugalugalan sih. Baru kepala yg ilang, ituh pemimpin yg kamu lewatin jalannya ilang rasa malu dll nya,",sedih
"Al Imam fudhail berkata:Andaikan dikatakan pdk, ambillah dunia ini halal tanpa hisab,(diperhitungkan)niscaya aku merasa jijik terhadapnya seperti seorang dr kalian merasa jijik terhadap bangkai saat melewatinya,ai takut terkena bajunya.",jijik
"satu kepuasan wei,masak subuh2 utk family then diorg makan puas...makan kenyang2 ye supaya ade tenaga nk buat kerja dan please be safe..",senang
takut banyak hal. Kaya diem2 mikir kedepannya gitu udah deg deg an pusing cemas. gaktau harus apa. udah dari tk?,takut
Bangga ga tuh lo bin gue jadi anak 88rising!,senang
Hahahah iya woy jadi terpesona,terkejut
Pelajarannya ialah jangan pernah remehkan sentuhan lembut Ibumu. Ajaib rasanya. Jangan pernah sungkan menceritakan keluh kesahmu kepada ibumu. Karena itu sangat menenangkan. Jangan pernah malu meminta nasehatnya. Karena bisa jadi itu sebuah petunjuk untukmu.,sedih
"Nah, tadi banget kan gua maen laptop di lantai kan terus dia duduk deket gua, ngeliatin gua lagi ngapain di laptop dimana disitu gua mau ngerapihin folder gua ngapa yg mana kecampur foto, ss, vids gajelas Ya gua risih dong di gtuin cui",jijik
Malam selalunya saya tak stay sorang kat ofis. Selalu cikgu lelaki ada je buat kerja. Tapi hari ni semua pakat rehat awal sebab penat merentas desa siang tu kot.,jijik
"Pelajaran yang berharga itu ketika kita bisa mendampingi seseorang menuju suksesnya, jatuh bangun bersama, suka duka bersama, sampai akhirnya dia bahagia dengan orang lain pilihannya, kita ditinggalin.",sedih
"Pertanda baik buat pasangan. Konsisten, kalo udah benci yaudah benci terus ahahahahahha",senang
kalo gk salah jae pernah bilang wonpil itu pake choker trus ngewink ke kamera aja fansnya nambah banyak iYA jae btul skali ak salah satunya yg terpesOna uWaW,terkejut
"Setiap perjuanganmu, entah pahit ataupun manis, itu semua adalah bagian dari kisah hidupmu. Kisah yang kelak kau ceritakan dengan bangga kepada anak cucu.",senang
Takut kecewa kaya film sebelumnya. Rame di pemberitaan ternyata filmnya 6.5/10,takut
"Emang benar""di rezim ini sngatlah korup n dholim pd rakyat kecil n mnghamba pda yg punya kkuasaan..azab Allah bkn lg OTW ke cina tp ini nyata sangat pedih ..sdangkan murka Allah msih OTW ke NKRI ini krn msih ada doa dr orang"" baik n suci mnghrpkan hidayah utk yg mndholimi rakyat",marah
Suruh dia pergi scaling gigi dulu jijik nak tengok gambar muka dia,jijik
aku juga heran bg,terkejut
"Tapi setelah sama X1 (aku kenal swoo dri pdx) swoo emg sehebat itu, jujur dimataku dia emang keliatan agak lemah kok, kadang anaknya keliatan ""member bahagia kok, gue belakangan aja"" keliatan dri tatapan matanya setiap liat anak2, kayak mau nangis tapi bangga ""wah adek gue""",sedih
Kecewa jir di bandung sama surabaya aja ada,sedih
Iya... Pdahal itu bukan hal besar tp dilebih2kan.. Emang dasarnya udah benci jd buta deh,marah
Kirain dimatiin.. Syukur deh nyala lagi mah,senang
"Biarpun murka krn dibohongin emak sendiri, gue akhirnya pulang. Nangis2, teriak2, tp ujung2nya gue kasih KTP gue. Gue tau yg mana hak gue. Ya kali gue minta jatah pdhl itu tanah orang lain. Cuma ya sakit hati aja, berarti nyokap ada niatan klo jual aset ga akan blg ke gue.",sedih
"aku kalo pengen kenalan sama orang di rl, tapi gugup, pasti selalu pengen ngajak ngomong pake bahasa inggris, tapi ketahan duluan sama malu",takut
"Yaudah marah2 lagi sana buang energi negatif, biar paginya bisa senang",senang
Si bapak terlalu terkejut sampe lupa mingkem,terkejut
"Bukan hal besar sih tapi aku masih terkejut boleh share g sih tapi aku takut dia terganggu privasi nya, but thanks God",terkejut
*gugup*,takut
[Mrasa Terheran Heran],terkejut
kak kikaaa semangat sidangnya!!! semoga lancar dan ga gugup selama sidang,senang
ah syukur ak ambil mochi,senang
"untuk kecewa yang tak pernah aku harapkan namun harus wajib di siapkan , bukan kah sedia payung sebelum hujan merupakan strategi yang sering digunakan pada umumnya ketika kita berjalan di bawah langit yang mendung , meskipun sebagian orang berasumsi mendung belum tentu",sedih
"(cont.) saja, tetapi ia juga yang membuat si lelaki kesal seperti itu. Bagaimana ini? Berdiam diri sembari menikmati perasaan bersalah sungguh menyiksa. Inilah mengapa Raira tidak terlalu suka berhubungan dengan orang lain. Katakan bahwa selama ini ia (cont.)",sedih
"- and i was like yea sure, trus dia bilang kalo besok (kamis) mau ketemu, ada yg mau diomongin katanya, oke baik. oke. trus kemudian dia pamit kalo mau main sm temen2nya, aku terkejut becoz like he said ""nanti kalo listrik udh nyala km ngalem ke ak gpp"" and i thought he implied -",terkejut
"Dulu aku heran, napa orang sampe berantem ? hanya karena cinta. Trus aku inget muka kamu, dan tiba-tiba, aku merasa siap menghadapi Perang Dunia Ketiga.",marah
Tulahhh i pun terkejut! First time dpt noti ni lepas sethn lebih pakai phone ni haha,terkejut
"Liat tabel Covid-19 cases ngeri gini, USA sama Prancis udah mau nyusul China lagi angka kasus meninggalnya.",takut
"udah tetangga, yang zenlynya sampe 234x hangout, 1.584 hours together, &amp; jadi mutual love (ini jijik tp faktanya begitu). PADAHAL KETEMU AJA JARANG PANT8",jijik
"Kalo lucu semua orang juga bisa ketawa, ga harus open minded juga. Kecuali yg merasa tersinggung, selucu apapun itu orang tersinggung ga akan bisa ketawa..",marah
Ceb ketawanya puas banget anjg wkwkwkwkwk,senang
"[aw,,merasa malu]",senang
Capek bangetsss. Mana laper lagi Tadi ceritanya mau balik sekalian beli makan. Tapi malah di ikutin salah satu orang kantor. Kan risih kalo berhenti terus di ikutin,jijik
"Ngeriii, lebih ngeri daripada PKI",takut
"IG nya pernah diambil orang... Udah banyak followers nya dan difollowing sama orang ketjeh. Takut aja di salahgunakan. Mohon maaf ya hackers. Saya bukan marketing yg seenaknya kalian ambil setelah banyak followers,",takut
MANAADA MUAK. KAMI HAUS KONTEN KEKGINI,senang
"(padahal aku ngasi tips seperti ini, asli, aku sedang bokek). Untuk akun aku see senangnya berteman dengan 500 akun saja. Lebih pun tdk masalah. Yg penting asik berteman.... Sama-sama keluarkan pendapat dan atau sama-sama benci pembenaran, benci berita hoak dan benci pembodohan.",senang
Seolah-olah berita duka itu hanya akan ada di seberang sana sampai Itu mengetuk pintu kita Hilang sudah tawa Yang diharap pun jadi bahan amarah Tak dapat beri solusi malah bikin sakit hati aduhai semoga tak terkena....,sedih
aku juga senang ada nana eonni join hehehe noted nih! ada lagi ngga eon???,senang
Lebih takut hilang HP ya,takut
"Sudah cair ya Pak Yai, abah juga senang, bisa bersuara nyaring lagi, teori pak Yai yg koar2 di media ternyata cespleng, bisa dicontoh. Hee hee heee",senang
"Kota kenangan ku, terutama ""wedhang ronde""nya Kota yg menolak kehadiran FPI. Tak heran warga.nya penuh toleransi, walau tak sedikit mahasiswa/i yg berasal dr b.bagai suku di Ind, hadir disana. Sahabat ku warga Salatiga, boleh bangga dg kota kalian.",sedih
"Selamat ya, turut bangga",senang
charlie angel bnr2 bagus yaamplop. tapi rada geram gtu y knp pas kelai rambutnya tidak di ikat gitu loh aku sbg penonton risih sendiri,senang
Stressnya. Sedih. Tertekan jiwa aku. Rehat sebentar. Ambil wudhu. Tenangkan diri. Ambil masa untuk bermuhasabah diri. Beriktikad. Baca zikir ini. La ilaha illa Anta Subhanaka inni kuntu minaz zalimin .,sedih
"tetap tidak peduli. *Ingatlah !!!* Do'a para nasabah yang kamu dholimi, Inshaa Allah dikabulkan Allah SWT.. Jangan sampai orang AXA Mandiri dido'akan akan menjalani hidup yang jelek, sengsara, celaka dunia dan akhirat !Karena itu cepet kembalikan uang saya dan teman nasabah",marah
Syukur deh kalo gitu oppa. Soalnya suka pada ngeluh kalo upfoll tp kena sensinya si biru wkwkw. Oppa berarti mau ngalong?,senang
"sing pada bahagia ya, nyong tek nunut bahagia nang bahagiamu pada",senang
"Suaranyaa keras pula:') bikin ga konsen trus tiba2 hening tuh.... Ehhhhhh galama kemudian anaknya rewel dong sampe satu studio kaya risih gitu. Sebelnya ni ibu2 gamau keluar ngediemin anaknya dlu, tapi trus2an jejelin anaknya dengan nonton youtube.",marah
Haha fact!!!! Sumpah bermasker tetep ganteng heran dah!!!,terkejut
AAHH BKIN CEMAS AJ TU ANAK,takut
"Ada masalah apasih sebenarnya temanku ini, kesal banget anying",marah
HAHAHAHAHAHA AKU RASA TERTIPU HAHAHAHAHAHAHHA,jijik
Ga nyangka loh. Bangga w sama u,senang
"Bangun2 je tiba nampak misi ade kat sebelah tengah cek tekanan darah , tak terkejut mana pun aku",terkejut
"Ko ni bunuh jelah aku, aku dah penat hidup haa ingat i noob sangat ke you ?!",terkejut
"Bukan dituntut namun diharapkan untuk berpura-pura bahagia, sebab untuk menghindari dari mereka yang ingin melihat kita sengsara. Dengan pura-pura bahagia mereka tidak menambahkan kita untuk jatuh lebih dalam dan terputuk bersama kebahagiaan ""mereka"".",sedih
"Virus jgn ditakuti, tapi dicegah dan diberantas... Kalau modal takut, ya mati",sedih
"Karna kalo lo sia2in dia, nyakitin dia, buat dia nangis terus&amp;buat dia kecewa. Disaat dia pergi, baru lo ngerasain yg namanya kehilangan.",sedih
MO MURKA,marah
"Saya sangat marah dan kecewa saat melihat saudara"" seiman saya dipersulit untuk memperjuangkan imannya.. Tapi saya lebih kecewa lagi jika ada saudara seiman saya yg melakukan hal sprti ini.. Kalo begini apa bedanya kita sama ""mereka""",marah
Nah kalem gitu kan masih bisa diliat mendingan ga jijik bngt,jijik
Aku masih sedih. Aku masih marah. Aku masih kecewa. Aku masih ingin berteriak. Tapi aku tak dendam. Tapi aku tak benci. Tapi apa pedulimu?,marah
Anjir kalo kita mikir mau buang otak terus otak tersinggung gak,sedih
Ya kamu apa gk jijik satu udara sama kentutmu sendiri,jijik
"Terkejut, tetiba ada stranger replyy ni. Jenuh fikir interaction apa aku involve dari semalam.",terkejut
Hahaha mungkin depa belum jumpa aku lagi. Terkejut beruk kalau tau aku bukan Melayu,terkejut
"Aaaa makasih, Pia Aamiin ya Allah. Semoga aja menjadi tahun terbaik hiks [aww merasa malu,,,,]",senang
"Pernaah, jijik sama diri sendiri kalo inget. Iyuuh",jijik
Syukur Alhamdulillah Kang. Sy cuma ikut grup kelg besar bapak. Mundur dr grup klg besar ibu sejak ribut2 pilkada DKI. Grup alumni mahasiswa muslim pun keluar sama kasusnya krn pilkada. Yg bertahan malah grup kls 2 SMA krn penghuninya pd santai dan senang guyon.,senang
"Aku nih udah cemas, takut skripsi banyak revisian",takut
Fine Say Alex bodoh Alex suka Gerard way muka Pete wentz macam hantu says benci Pete,marah
Kebencian dan iri yg membuat murka.. Klw mau berubah pasti ada pertentangan harus dihadapi..,marah
"dah tngok,rosak mata,bapak jijik hahaha baling stokin dgn penuh bergaya hahaahah",jijik
"Duka sih, percaya teu percaya, tapi da enya maena jadi jauh pisan jeung musim pertama",sedih
Kamutu eaa.bisa ndak sih kamutu untuk pagi2 ndak membuat kesal? sengit akutu taw!,marah
Takut mencintai orang yg salah wkwkwkwk,takut
Hidih kesal banget,marah
Ramai rupanya tak puas hati hahahaha. Most likely dia nak buat season 2 tu. Kita buat2 sure aje supaya sedap sikit hati haha,senang
Bangun-bangun melihat chat manusia-manusia bucin. Heran hamba,terkejut
HAHAHAH aku dah delete sbb jijik dgn diri sendiri,jijik
"Bahagia 2 menit, sengsara 24 jam",sedih
Kamu SOpan Aku Senang,senang
Buktikan pak menteri. Kami rakyat juga sengsara dan menderita. Basmi semua mafia mafia tersebut. Sukses utk para pembasmi mafia,marah
"Juga dari mimpi itu aku sadari bahwa pengendalian emosiku sangat baik. Aku sangat senang, tapi emosiku ada dalam kendaliku. Karena aku tahu masa depannya akan seperti apa jika aku melakukan kesenangan dengan respon yang sama. Maka aku bisa tenang dan mengontrol emosiku",senang
takut kebablasan latah nanti lolol,takut
"knp orgorg rumah jam segini udh pd makaaan, kya mau pergi aja heran",terkejut
"Ya Allah... Aku berlindung kepada-Mu dr rasa sedih dan duka cita, lemah dn malas, pengecut dn kikir dn terlilit hutang. HR. Bukhari Bantu Follow Insyaallah di follback",marah
nanti buat buat terkejut weh HAHAHA,terkejut
Lagi merasa kecewa setelah ditinggalkan,sedih
Dia punya tahap terkejut tu bikin sakit jantung gila,terkejut
"Mo ngakak, takut dosa",takut
"iya ngeri, apalagi malam jumat. mending tungguin besok pagi deh baru dibuka.",takut
Berani ngomong ga gugup sama orang yang lo suka. Jago! Haha,senang
"""Oh jadi sekarang aku yang salah?"" Tanya nya. Matanya menatap El kesal.",marah
Terkadang harus tau susahnya dulu sebelum bisa senang.,senang
Jangan membuat murka pemiliknya,marah
"""duh mbon"" kesal kepok ""mbok ya kalo minta mikir dulu bisa ga sih? Emang aku punya tangan?!"" tanya kepok dengan nada menyindir ""ga usah marah marah lah. Kaau ga punya ya bilang aja baik baik. Ga usag galak. Ga tau aku..... ""brisik!"" suara berat mengintrupsi",marah
pasti lo tersinggung soalnya punya lo pendek ya,marah
"Si mas ini kesan nya kok nyerang si ade nya banget sih.. dia lari 21 KM, loh , bukan 100m, 21 km, loh.. kl gw yg lari udah pingsan tengah jalan.. Jangan2 si mas ini panitia ya.. yg merasa tersinggung..0",marah
Jijik ajg,jijik
kecewa ah absen,sedih
"setelah ngerantau some things yang gue realize: 1. nyari kontrakan itu susah, apalgai yang bersih dan terjangkau 2. temen itu penting banget, apalagi yang selalu ada di suka maupun duka 3. nyari temen yang kek di no. 2 itu susah",terkejut
"Aku juga takut laut. Dulu pernah pas di pantai ditarik temen rada ke tengah gitu, aku udah gamau tp masih dipaksa. Akhirnya pasrah, soalnya yg narik cwo, aku ga bisa nahan badan, abis itu udh di dalem air malah ada ombak gede trs keseret ombak hampir mati",takut
Duka : Kosan suka jadi tempat tongkrongan anak2 kelas kalo buat kerkom,sedih
"plisss gausah bahas, muak aku tu",jijik
AKU BENCI SIAL KAU SUMPAH,marah
So he's actually can dance? Bruh kita semua tertipu,jijik
"Yang aku heran dari dia adalah ketika dia ga mau kasih tau jika dia ada WA tapi dia kasih WAnya ke bocil2 yg mau curhat ma dia, pikirannya dimana sayang?",terkejut
"Ya kurang lebih gitulah intinya, iya sihh bener cuma kok heran ya pas giliran umat islam yg kayak gitu no respon. Boleh boleh aja baik membela minoritas cuma bener bener aja. Ni di minahasa gak dapet berita apa ya si nenek?",terkejut
Apa hak saya untuk risih ... Tentu saja tidaaa,senang
Aku udah muak sama yang manis manis. Gadeng boong,senang
"Ketika dia selalu cepet bales chat kita, ketika dia selalu bisa jadi tempat minjem duit, ketika bercanda bercanda tanpa ada kata tersinggung. Dan buat gua mungkin ketika kita chatan udah kaga mikir kalo ngetik, maen ketik aja apaan aja ngaco",senang
"Ngeliat temen bahagia, kok kita ya yang kecewa? Apa masih ada rasa.",sedih
Benci untuk mencinta gitu?,marah
Hahahaha admin murka,marah
"Sakit hati, rasanya gag percaya ""hah kog bisa seh"" Dan kecewa sama janji yg dia ingkarin",sedih
"Pedulikkn cakap org,elakkan duk ofis lama2,jauhkn kawan2 yg diri dia Pun tak betul (yg ni jijah mst tau siapa yg abg maksudkn)..senang kita org akn kaji secara detail n susah kita org buat tak tau",senang
Hmmm kalo yg suka banget agak gugup. Tp kalo yg biasa aja malah berani banget,senang
"Nah dr kemaren pertama liat ini risih bgt akunya Apalagi bangtan yang di pegang2 Ga sopan, ga punya attitude bgt. Kzl",senang
"ngakak ama jhope puas bgt ngetawain jimin, seolah"" kek yahh kasian sabar"" wkwk",senang
"16. Suka: Aku berhasil bikin beberapa orang kenal EVERGLOW dan bahkan suka sama EVERGLOW. Duka: Dulu, masih banyak orang yang gak kenal EVERGLOW. When I made a polling ""Do you know EVERGLOW?"" and some people answered, ""No,"" it breaks my heart for real.",senang
kok ngegas anda kesal ya gamasuk listnya,marah
"Bila main bankroll, Bal: you manusia paling i benci bila main bank roll. Sorry lah brader. Taksengaja menang hm",marah
"masih suka heran sm orang2 yg senang cari muka, pdhl sudah punya muka, se-special itukah urusan dunia (?) ~ bih special mana dibanding terbul manis dobol keju (?)",terkejut
"[cont.] Walau terdengar kesal, tapi sebenarnya Kevin itu bercanda. Hanya selera humornya itu kurang bagus kalau kata orang-orang, penyampaiannya yang salah sebenarnya. Salah satu sifat buruk Kevin juga mulai dimunculkan disini, [cont;]",senang
"Terkejut atas presensi seseorang, hingga membuatnya menghentikan lakon. Lantas menilik sekilas pada sosok asing di sebelahnya dengan tatapan sarat akan kebingungan. Ingin bertanya, namun segan. Alhasil, memilih untuk terdiam dan ... sesekali melirik kikuk.",terkejut
"Dulu gue heran knp banyak mahasiswa yg cerita kalo punya masalah sama dosen, ternyata gini salah satu cara bikin masalah sama dosen",terkejut
"Belajar memahami bahwa tak semua keinginan bisa terpenuhi, barangkali obat terbaik tuk mencegah kecewa dan sakit hati.",sedih
senang yak liat pipi tembemnya comeback uwuuuu,senang
hahahahah bodo aku baru perasan muka aku mcm terkejut gitu,terkejut
Terlalu ganteng makanya sengsara bnyk yg suka,sedih
SHSUSYDHHS KAK KLEIR DIAMMMM AKU MALU,takut
"Aku pernah, menyesal karena melakukan sesuatu. Tapi aku tidak ingin menyesal, karena tidak melakukan apa-apa. Memang tidak aja jaminan kita akan hidup bahagia, nanti. Tapi tidak ada jaminan juga bahwa kita akan selalu sengsara. Setidaknya aku bergantung pada sekian persen itu.",sedih
"Mantap bang dhito! Begitulah seharusnya orang Indonesia, punya rasa jijik maksimal sama yang namanya Malaysial. Maju terus ngab!",senang
Haha hari pertama lunch xmkn nasi adalah hari paling sengsara,sedih
iye. kita semua tertipu. kahkah,jijik
"Wakakakaka nda pernah jalan keluar, ke kos terozzzzz sampe dah muak",jijik
"Hahaha gigih iya aku dengan fieda buat tanduk ni . Dinner ni la paling best tema senang, pakai baju jubah hitam je tudung hitam dah takyah pikir susah2 hahaha. Aaaa rinduuuu :')",senang
"Niat hati gamau begadang,tiba""bablas nimata dimeremin gabisa kedengar suara tangisan cewe,yakin tuh buka orang dah sumpah,spontan narik selimut nutupin semua badan ngosngosan.ketiduran akhirnya bangun lagi.Sambil mikir kenapa gue takut bego derajat manusia lebh tinggi dari setan",takut
"kalo ngebayangin ngeri ngga sesuai, ngga ngebayangin tetep kebayang-bayang.",takut
KOK. KESAL. DIA BUTA KALI YA/?,marah
Gantengnya Jaehyun. Padahal niatnya liat Haechan eh malah terpesona sama Jaehyun.,terkejut
"Tapi herannya, Pas udh sampe gerbang sekolah Mata langsung seger bgtbgt Heran betda kebalikan Sama kuliah Skrg mau menerapkan abis subuh mandi trus berpakaian rapih siap ngampus Aja magernya Minta ampun trus mana Kalo kuliah w gaperna ngantuk Di gojek ya alhamdulillah sih",terkejut
Mungkin Fe Ka Es merasa sedang dikata-kaTAI efek klo benci udah mengubun2 apa aja jd masalah.,senang
Bangsat km marsha [mrasa kesal],marah
Ak kalo gugup pen berak,takut
Turut senang akhirnya berlibur,senang
Kalau Ed blah senang ja bro. Just blah ja. Benda lain semua smooth ja. Hahaha,senang
Gpo syukur masih bisa beli,senang
Emang bikin unni kezel tuh easy sekali tinggal dubu mt udah kezel hahahaha Mentang2 udah ada jae oppa dubu ga dicintai lagi Jangan dirukiyah nde jae oppanya takut sadar nanti kalian............,terkejut
Dari semalem baca trending topic indo bawaannya pusing ama asem lambung naek.. sedih.. indonesia mau dibawa kemana sh ini.. corona blm beres pemerintah malah mau bawa situasi jd daruratsipil.. udah macem kaya mau perang aja.. heyyyy udah gila kali!!,sedih
"Belakangan ini ketemu orang-orang hebat, senang banget rasanya bisa kerjasama bareng mereka. Semoga semua berjalan lancar.",senang
"Nangis, merinding, terpesona",terkejut
"ada yg salah dengan negara kita, makin banyak orang yg halu dan gak percaya dengan pemerintahan, harusnya jadi perhatian pemerintah nih, bisa jadi krn mereka kecewa dgn pemerintah dan merasa ada harapan baru.. Krn yg ikut banyak lho.. Lama2 bisa jadi gerakan revolusi lho ini..",marah
asli. gugup banget. takut. tapii nungguin dr td. huhu,takut
"Ngeri yo galak,koyo banteng",takut
"wkwk aku pernah liat salah satu fans dari idol yg problematic juga, dia bilang dia benci SJ karena problematik padahal idol dia sendiri gitu wkwk",marah
"Udah muak, heran ya dilarang salah dibolehin salah",jijik
"Syukur Teh, harinya baik pula untuk hari ini. Malah, banyak waktu luang sehingga tidur terus. Heheheh",senang
"Risih sih, tapi kasian",jijik
"wkwkwkwk gagitu juga anj, tp yg w heran ama twitter ya isinya rata2 gt kan hwhwh",terkejut
Bikin pekerja sengsara seumur hidup tidak ada masa depan karena sudah pasti tidak ada karyawan tetap tapi Outsourcing karyawan kontrak.,sedih
baru sakit perut..rakyat aja udeh Muntah2 muak demgar janji kosong,jijik
MARAH BANGET SAMA CORONA GARA2 DIA AK JDI GABISA KELUYURAN NYARI INI,marah
jijik w sob,jijik
Orang-orang yang bikin gue makin lama nganggur gara2 gak bisa diem di rumah. Mending jadi relawan aja sana klo ngerasa badannya kuat. Daripada nongkrong gak jelas bikin orang risih.,senang
"Eh sumpah ya min muak juga lama2 sama yg jualan di repan yaampun mmf ya tapi mengganggu bgt huhu, blok tuh bole",marah
yang ihh malu akutu diumbar umbar kelucuannya,jijik
borgol aku bu Polwan ...aku terpesona goyangan mu,terkejut
"Sy jijik banget baca twit-nya, ngaku muslim mulut kau",jijik
gue yg jijik ma lu nder,jijik
"Heran aja w lama'', banyak yg mempersiapkan untuk bertemu jodoh tapi ngga ada persiapan apapun untuk nemuni ajal. Yah siapa tau jodoh lu sama ajal lu duluan ajal. Gimana coba? Lu bisa apaa?",terkejut
gara gara hoshi w jadi lupa mo ngetweet kalo tadi tuh w mimpi pacaran sama wonu lagi bahagia bgt dah walopun cuma mimpi,senang
ketika kalian ngerasa dunia lagi jahat banget sama kalian dan kalian ngerasa menjadi orang yang paling sengsara di dunia ini. coba kalian baca au kak rah deh. sumpaahh dunia emang bener-bener panggung sandiwara,sedih
"Pak Rizal Ramli terima kasih telah mengapresiasi lukisan saya ""Lutfi"". Saya ucapkan syukur Lutfi sudah bebas dari tuntutan hakim di pengadilan. Tweeps, apa yang dialami oleh Lutfi, saya dan Pak Rizal Ramli ketika mahasiswa juga pernah ditahan, protes Ketidakadilan. LANJUTKAN!",senang
Ya udahlah. Tinggal tunggu aja elu jadi terkenal dan kaya raya. Selamat aja deh buat elu yg selalu dibela sama takdir dan poor buat gua yg delalu di benci takdir,marah
dr dulu jg dah muak mpe muntah2 dgn janji2 mukidi,jijik
"Indra memutar mata dengan malas, begini saja sudah membuatnya kesal terlebih si lawan bicara dengan sengaja berbicara begitu. ""Ya minum, ngga usah laporan.""",marah
"Aku pagi petang siang malam tidur sha, penat dah",jijik
tersinggung saia,marah
"Kita telah menyelesaikan 2 minggu (PKP) dan 2 minggu lagi terpulang kepada anda dan saya, kata Ketua Pengarah Kesihatan . Kita patut kecewa pada baki 3% Rakyat M'sia yg masih degil untuk patuhi PKP.",sedih
"Setelah tugas itu selesai maka saya akan berhadapan dengan api untuk menebus dosa saya sendiri. maka saya senang berjabatan dengan mereka, semoga dengan jabatan itu kelak mereka akan mengingat saya dan memintakan syafaat bagi saya pada Nabi Muhammad""",senang
"Jika memang kehadiranku kini hanya akan membawa duka untukmu, maka ku ikhlaskan dirimu berbahagia dengan pilihan hatimu",sedih
bener bener .. mereka sedang menunggu murka gusti,marah
"Sejak dini aku udah les balet, berkuda dan les piano. Tiap weekend les 5 bahasa resmi pbb, dan latihan vokal. Sehabis sekolah aku latihan dance agar masuk batavia dancer. Karena muak, aku kabur dari istana.",sedih
ketidak hadiran BI di iKON tuh keliatan gede banget kosongnya buat gua mangkanya murka banget ini yaaaaaampun knp dulu ga dihiatusin aja BI nya atau dibekukan dulu atau giaman jgn asal lgsv keluar aja dgn ninggalin pernyataan singkat lewat ketikan memo hp maen misahin aja,marah
"Pengen buru2 daftar sampe cemas banget,ga bisa makan dan mual..Tadi siang langsung ngebut ke DIM, Alhamdulillah msh rezeki Eca,tinggal sisa 1 orang lagi..rasanya lega bgt,terharu juga,,udah ga punya anak TK lagi nanti mah..",sedih
"Aku cuma apresiasi adegan Distrubingnya yang nampak nyata. Tikus2 kecil itu membuatku jijik . Well, dari segi cerita sebenarnya emang bagus tapi terlalu bertele-tele dan rumit.",terkejut
Geuleuh brand lokal harga muak,jijik
"Yang berada, di Langitan dan sekitarnya. Coba lihat langit malam ini, cerah. Bulan sabit di antara bintang-bintang. Seperti aku yang selalu gugup di depanmu, saat terlihat jelas lesung pipitmu. Bulan dan sabit sama dengan lesung pipitmu.",senang
"(Namanya Maryati. Dia hidup menumpang pada saudaranya yang jadi dokter itu. Tapi hidupnya dibuat sengsara, hingga dia tidak kuat dan pada akhirnya bunuh diri.)",sedih
Murka lah anjeerrr... Penyebaran penyakit juga tuuh ngeludah sembarangan.,marah
Apa tuh. Jijik bener walaupun belom gerak.,jijik
"Aku berkali2 ngeblok, dan dia trus hubungi aku bagaimana cara nya, entah lewat Ige, fb bahkan no biasa.. Dia takut bgt klo d blok,",terkejut
Boleh dong dengan senang hati,senang
Ya sdh begitulah daerah sana jangan kucing sedangkan ular aja d mkn udah ga heran klo daerah tomohon,terkejut
yalo bikin gue murka,marah
Ini cerita gua beneran dulu sering spam cewe yg gua suka terus akhirnya gua dicuekin terus gua Deket Ama cewe lain dia nyepamin gua sampe nelponin gua ngerasa risih jasa dari situ gua tau di spamin itu serasa di teror,takut
Sombong = mampu = bangga sama diri sendiri,senang
Kemana mana hatiku senang !,senang
"Akhirnya mutusin buat tutup warung juga. Sedih denger pedagang lain yang ngeluh penjualan menurun drastis, dan masih di palak preman juga. Ngomongin soal preman yg suka minta jatah, sebenernya mereka beraninya sama orang yg lemah aja, di gentak dikit juga takut kok. --",sedih
"Aku minta maaf kalau terkesan marah atau bagaimana, tapi engga ko aku engga marah,hanya sedikit tersinggung karena penggunaan kata nya kurang tepat, kalau tds indo di undur/batal aku harap semua itu adalah keputusan yg terbaik untuk fans dan nct",marah
Lebih tersinggung lagi. Main game pake controller aja ga bisa,marah
Terkejut saya ingat jumpa bambam real hahahahahahhaha,terkejut
Ngantuk banget demi mau merem takut kuliah onlen ke skip lagi,takut
"Dalam Islam itu kita dituntut utk melakukan amar ma'ruf nahi mungkar, tujuannya adalah supaya kita sama2 selamat dari murka Allah. Jadi jgn karena ulah segelintir orang kita semua kena imbasnya. Soal Uighur, masyarakat China Daratan tutup mata, cuma Hongkong yg bersuara.",marah
"nak dengar penjelasan dari dia. Tiba2 rasa nak gugur jantung sebab terkejut. Damn, crush sekolah rendah kenangan silam zaman kegemilangan Cristiano Ronaldo ada depan mata. Dulu minat Cristiano Ronaldo sebab dia lah. And dia tahu aku minat dia sebab kawan aku kantoi kan kuajaq",terkejut
kaget karena terpesona uwow,terkejut
Kenapa orang lain senang senang je tukar pasangan like putus terus jumpa baru while aku ni 21 tahun hidup tak jumpa jumpa pasangan,sedih
Sama-sama! Menjejak mimpi! Sama-sama! Mencari dan menanti. Suka-duka! Bersama dirasaaai...,senang
"HAHAHAHAHA, dia call akuu gakksilap arr aku dah puas tido td",senang
"""Wajar dong ada perbedaan pendapat"" kalimat lu yang ini sebetulnya secara gak langsung sudah membenarkan kalau lu gak boleh ambil pusing sama kata ""jijik"" yang gua bilang. Kok lu masih ambil pusing sih?",marah
Benci karakternya jangan hate artisnya btw apakah kamu udah nonton beautiful love? makin ngeselin karakternya,marah
"Karna besok banget kan sidangnya pasti gugup banget *soalnya udah ngerasain :"")* tp percaya diri aja ya ! Km sudah kerja keras slama bikin skripsi (susahnya ketemu dosbing, revisi sampe begadang, duh stressnya bikin skripsi) Tp besok hari penantian terakhir nih ! Jalhaeso",senang
Haaa baru I faham. Tu la. Bila u panggil atta I cemas la. Macam anak I dh besar nak kahwin dh,senang
kayaknya tweet jadul paling menjijikan dr gw cuma pas tahun 2010 ngelabrak (((MAAF AKU SENDIRI JG JIJIK))) ade kelas gara2 ngedeketin pacar masa sma,jijik
"MALAS itu emang ga ada obatnya, lebih ngeri daripada Corona bisa perang DUNIA!!!",takut
Masih ngeri liat chorona,takut
"Hiliiiih liat tetangga masih aja itu until untilan, kapan berakhirnya siih? Muak aing eeuy",jijik
"risih ya kalo dikangenin terus.. bukan ga suka, tapi ya gimana jauh kan emang bilang kangen terus juga bisa apa kan,a tiap chat ga ada bahasan lain selain ""kangen tau, kapan kesin"". nyiksa itu tuh nyiksa",jijik
"Kerja,,,,kerja,,,,kerja,,, Inilah hasil kerja rezim dagelan, Semua BUMN dibikin kolaps, entahlah, kasian rakyat, makin sengsara dinegeri sendiri.",sedih
Ayo kak semangat sidang skripsinya yakin pasti bisa!!!! Terus jangan gugup tenang aja supaya berjalan lancar semangatt kak semangatt,senang
Kayaknya ga bahaya deh. Tp kan jijik,jijik
Jijik banget,jijik
Ya Allah Ya Robb.... Syukur Alhamdulillah... trm kasih bieb...,senang
"Berani ngatain diri sendiri, bangga saya",senang
"Semangat semoga lancar sidangnya, jangan gugup ntar kalo ditanya sama penguji dan harus bener"" dimengerti materi skripsinya. Harus percaya diri kalau bakalan lulus dan dapat nilai yang bagus rileks aja jangan terlalu dipikirin banget entar malah yang udah dipelajari jadi lupa.",senang
"Dah gitu maru dan kuro skrg tidurnya dikamar dong, udah gamau ditaro dibawah lagi. Padahal si maru tuh bisa naik kekamar, tapi gak bisa turun. Jadi ngeri banget pipis dikamar.",sedih
Heran aku esteh plastik kok ng ndi2,terkejut
"Doain cepat mati ,udh muak ngeliatnya.",senang
"Iya Kawin, kan lucu gitu kayak bangga trus dipamerin :___)",senang
Wqwq anak bekasi harus bangga dong,senang
"konspirasinya ngeri tapi masuk akal, corona hampir tidak ada di shanghai, beijing, rusia, korut.. duuh",takut
"aku ngga lenong tapi ayo deh kak,, [mrsa gugup]",takut
"Jadi jelaskan ! Untuk apa bersimpati..?!? Jika Allah Ta'Ala murka,silahkan klo ada sanggup menahan.. Muslim Uighur harus merdeka dan bebas dr Komunis Cina!! Agar mereka bisa beribadah dengan damai..",marah
"Kadang Mengiyakan , karna gamau bikin kecewa, tapi malah ...",sedih
Dah muak dengar kata-kata macam ni wkwkwk.,marah
Wkwkwkwk langsung gugup dah,takut
Wuv u too Aq kesal punya orang artinya bagus bagus punya q mengesalkan,marah
"parah bgt sih sumpah, aku mah udah murka di depan dia ih jahat bgt sumpah",marah
"Bikin melek aja, heran",terkejut
"Hi Kak, maaf banget ya udah dibikin cemas. Mimin udah trima info nomor kamu melalui DM nih. Diesok hari mimin coba hubungi ke nomor telepon kamu yaa buat detail case nya. Makasih .^BY",sedih
"Thread ini kok lucu. Padahal dia sengsara. Anw, kita butuh hiburan kaya gini nggak sih, sesekali. Capek kalo berantem, hoax, memetwit halu, sama info covad-covid yang jatuhnya makin bikin takut.",senang
Kayak di film2 ya ji wkwk ngeri euy,takut
Asli gue dr bangun sampe sekarang masih marah kesel kecewa dan jadinya capek sendokir ah fffffffff.,marah
Aku baca pas aku muak baca soal.,jijik
Kesal masuk swasta di rendahin mulu sama manusia ptn,marah
"paling males sm orang yg baru kenal tp udh posesif abis, risih ih",jijik
Ya Alloh.. Demi Namamu Aku bersumpah.. Azablah para Mentri Zolim di negri ini. Azab yang langsung mereka rasakan saat ini juga. Karena mereka kami sengsara. Ya Alloh.. Azablah pemimpin Zolim negri ini. Karena membiarkan kami Menderita. Azab yang dirasakan Saat ini.,takut
"Sebuah kecupan mendarat di keningnya, siapa lagi jika bukan Dimasta yang menciumnya untuk memberikan ketenangan. Perlahan, rasa cemas itu hilang dari wajah Arin. Papa sama mama sudah dikabarin, mas? Terus mas Geraldo, mas Adam, Mbak Dira, Bara sama Arta?",senang
"knpa kget,, terpesona dgan kgantengan abg??",terkejut
gugup bgt pasti,takut
kalo pegang duit sepuluh juta jg jijik g sep,jijik
Mo ngomong jorok takut TOSSA faktanya yg goblok anda .jadi kamu ga sah pake kata musibah sbb itu dr bhs arab tar mulut lo mengo,takut
(cont.) berwarna sedikit keruh akibat dari debu-debu di lantai juga sepatu-sepatu yang digunakan para murid dan guru yang datang ke kelas. Raira diam saja meskipun tahu kalau Yoonseo merasa kesal atas perlakuannya. Berharap semua akan baik-baik (cont.),takut
bodo aku duduk kat dapur record untuk presentation tiba bapak aku datang sebab dahaga aku terkejut ingatkan hantu,terkejut
Sujud syukur,senang
Bisa ga juliden ini dibikin sengsara idupnya trus mati lgsung Gregetttt lurrr,takut
Hahaa duh tomtom jadi malu wkwkw,sedih
"Saya pas ujian skripsi dan tesis gagap pas jawab wkwkwkw pa lagi pas di suruh ngitung dosis obat, kdar ini kdr itu, cara pembuatan nya aja jawaban ngeles bahasa aku sendiri gak sama tiap kata intinya aja sama hehehe. jangan gugup krn kalo gugup biasa malah dikerjain biasanya",takut
"Kemarin 26 September 2019 mahasiswa udah muak. Kalo nyeleneh lagi, bakalan turun lagi.",sedih
muak bngt gue sm tuh publik figur sosoan senpie yg pling ngerti kpop,jijik
"Foto kedua yang paling aku suka dari taehyung: tatapannya. Gaada yang natep orang sedalem dia. Langsung nusuk. Jlebb gitu. Bikin sesek rasanya. Bukan sakit, tapi terpesona yang membludak sampe ga sanggup ditampung sama hati.",sedih
Benci bgt,marah
wah aku terkejut banget jadi slama ini aku belom bisa membaca : ' ),terkejut
"Wkwkwkwk gak dua kali aku, sumpah gugup jadinya???",senang
sebabtu aku quote tweet tu. penat baca sampai bawah,jijik
"Inilah ketakutan aku buat jualan di shopee, takut duitnya ga nyampe yaampunnn mana jualan masi kecil kecilan",takut
Dasar ga punya perasaan malu,jijik
kucing aku ni kan.... terkejut mak tetiba rasa ada bebulu bulu,terkejut
muak sm kuliah kali kak,jijik
Aku juga gitu nder. Bahkan gampang bgt kecewa. Mungkin kalo hilang sesaat cuma sadness aja kali ya. Caranya aku suka istigfar sama meremin mata 20detik. Atur nafas trs agak baikan.,sedih
"Sejak itu sampai hari ini, saya ngga les beladiri lagi. Bapak saya murka, karena dianggapnya saya buang-buang duit seragam dan perlengkapan lainnya.. Sampai kini bapak masih ingat, beladiri saya tinggal TAEK-nya aja.",marah
ditunggu dengan senang hati wkwk,senang
Line pun 4G senang nak video call dgn family. Simcard pakai buang kat airport mahal sngt nak buat pakai 2 minggu je pun.,senang
"Canda Berakhir Duka, Bripda KHN Ditetapkan Tersangka",sedih
Takut ditinggal ortu sebelum aku membuat mereka bangga terhadap ku,takut
""" saya terkejut""",terkejut
Syukur ya Allah,senang
"Terlalu over sama gua, gua risih, gua capek, please ngertiin keadaan gua, gua mohon banget",sedih
Ya susah sih sekarang mah lebih ke ga percaya dan takut,takut
"Sekarang mah orang pada cemas kalo udah jadi ODP, sorry bosss aing udah lama jadi ODP (Orang Dalam Pengawasan) . IG, wa, line, semua dalam pengawasan",takut
AK MUNGKIN GPP YH NGA BLH MAM YG JUNKFOOD GPP INI GABOLEH MAM PEDES AP TDK MNANGIS SENGSARA TRSIKSA,sedih
"he....he..... saya hanya rakyat kecil tentu sangat bangga dgn apa yang sa'at ini, terutama pasilitas jalan TOL... cuma b'rharap wlpn s'skali m'nikmati..... Mohon d'perhatikan sgt2 mslh tarif, segi bisnis pasti perlu tapi kalangan k'bwh juga perlu.",senang
"Udah diusahain cari orang dalem, dianya malah sok gak butuh anjinkkkkkkkkkk malah nggamau dateng interview padahal orangnya udah bela2in mau interview di hari minggu. YA BOKAP GUA TAMBAH MURKA LAH.",marah
Aku tipe orang yang 'yang penting lawan puas' heuheu,senang
jgn takut. lawan. nanti makin takut.,takut
[mrasa kesal],marah
"Ada, mantan gua dulu kaya gitu. Gua gasuka dah risih udah kek tahanan anjir, ganggu",jijik
"Tak ada orang pun sempurna. Nak hitungkan kesemua kesilapan dan kesalahan, aku cukup malu dengan Tuhan. Tetapi itu lah sifat Tuhan, dia maha pengampun dan maha penyayang. Kita yang kena cari keampunan Tuhan. Kita yang kena dapatkan kasih sayang Tuhan.",senang
gatau pokoknya w jijik aja,jijik
"Gua tambahin lagi nih yg versi bahasa Inggrisnya, biar bisa dibaca langsung oleh Asli gua muak dgn semua kebohongan yg mengatakan bhw negara ini sangat toleran.",jijik
Ni kapten murka ni alias biar hp u agak ramai aja ay heheh,marah
"hhhh bingung yas akutu, bangga bgt sama dia semalem",senang
YSH gugup gandengan sama cewek cantik kwlwkwk,senang
"KAMUTU SYUDA DISEPESIALIN MASIH AJA KURANG BERSYUKUR KANDA ! EANG LAIN PESEN KOPI AJA DIREJEK, SEDANG KAMUTU DIKIRIM MASIH DIKASIK BONUS LALAPAN MASI SAJA MENGELUH.. MALAMMALAM MEMBUAT KESAL SAJA KAMUTU.. HIH!",marah
Jijik lah plastik item daur ulang yang ke berapa kalinya itu Pen kena kanker apa? Kantong keresek..,jijik
"Okay ini kan tergantung orangnya masing2, kalo aku muak aja daritadi liat tl spill tentang twt masalalu nya ardhito yg di anggap buruk banget dan ga biasa padahal mereka gatau apa maksud asli dari twt itu",senang
"Risih anjir, diajain vc mulu lagi asw! Gak guna. Blokir aja blokir cowok gak cuma satu",jijik
"Waw orang"" pada murka, sampe lupa caranya untuk mutualan",marah
"di kolom repnya kayak 'diserang' gitu ih, sedih juga ngeliatnya takut oknum yg bersangkutannya 'risih' gt. its her job, guys. coba jangan berlebihan",terkejut
Suka : terkadang cukup merasa terhibur dengan kehadiran teman2 duka : kalau sakit harus mandiriiii gaboleh leyeh2 hrs nguatin diri sendiri,senang
"Mana mungkin orang yg gak pernah bertemu bertahun-tahun dan gak pernah saling bicara tiba-tiba bisa senyaman itu. Uda pasti bakalan lebih banyak grogi, gugup, dan salting. Apalagi kalo dua-duanya sama-sama pendiam dan pemalu. Dan itu sangat wajar...",senang
hahaha.. sama ann jijik x sama kaum mereka,jijik
malas nak marah. umur dah meningkat ni aku cepat penat,senang
Jangan memberitahukan hal yang membuat ku sedih dan sakit yaa. Lebih baik aku tidak mengetahui nya. Itu jauh lebih baik...,sedih
"Itu mungkin kenapa bumi murka. Dari alat berat yang tiba-tiba rusak, hingga tsunami kecil yang hanya menerjang area NYIA saja.",marah
Terkejut tengok nama sendiri,terkejut
duka : akhir bulan bertahan hidup dari air galon,sedih
"Aku kok ngeri mbe koe saiki, gek gek seneng lanang",takut
"Saya tidak bangga dengan kesalahan saya.Tapi,saya bangga karena saya bisa belajar dari kesalahan saya",senang
maf kl jd risih atau gimana nantinya maf bgt ak cuma suka aja kok fitrah jg kan tp gtw si kedepannya,sedih
"Kejadian lagi dan lagi, pihak harusnya cepat tanggap menanggapi laporan, bukan hanya memberikan surat kehilangan atau alasan birokrasi yang rumit, ya gak tau juga sih, cuman kalau sampe sekarang MASIH SAJA kejadian berarti belum di usut tuntas. Kecewa sekali.",marah
Ngeri leher km patah ih hehe,takut
Sebenarnya malesss banget main tweter .. Sll terhipnotis buat kepoin akun lama yg ada mantannya.. Kan muak,jijik
"Dengan harap cemas, Aca menunggu Ken, ia berjalan kesana-kemari di balik pintu kelas memegang dua perkamen yang satunya masih tergulung dan satunya lagi terbuka.",takut
"Diam bukan berarti dia sombong ataupun marah terhadapmu, mungkin dia jijik dan muak atas perlakuanmu terhadapnya...",jijik
Yah pokok nya siapa aja lah yang tulus mencintai mu dan saling berbagi suka dan duka,senang
MANTAP BENER DAH LANGSUNG D AKUN PENAT BIAR CEPAT KE NOTICE WKWK,senang
Bangga lah. Gausah lu minder minder ga ada gunanya,senang
"aku sebenarnya benci kau yg sekarang, aku rindu kau yg dulu. gembiralah, nanti dah penat gembira carilah aku. aku setia tunggu kau",sedih
Benci bgt gue liatnya,marah
pengen deket sm mutual tp takut kalian risih,takut
kesal sekali bayar pajak cuma buat tumbuh kembang si goblok,marah
uwu senang sekali,senang
"Bahagia itu adalah mereka yang bangga menjadi dirinya sendiri, tanpa mengkuawatirkan apa yg dipikirkan orang lain pada dirinya.",senang
Iya AkubSelalu Puas Dgn Vodeomu,senang
Takut sendiri ditengah keramaian,takut
Tudahh! Heran gasi sm orng2 ini huft,terkejut
jijik aja,jijik
Tapi gak dua2nya sih soalnya sama2 ngeri,takut
soalnya kalo bareng jijik,jijik
Abang abang jualan sate kok kuat gtu yaa gak kegoda buat nyemilin satenya pas lg dibakar. Heran,terkejut
kalau pencuri masuk rumah ni mau terkejut tengok aku ngan siblings buat pesta muda mudi kat dapur,terkejut
"ihhh bahas skincare, hampir semua kelas gua pake skin care, anjeng jijik bett licin"" gimana gitu liat mukanya",jijik
"Ngeri bgt kl wfh an uda slese, jam tidur w masih kacau balao",takut
ak dirumah dimarahin trz grgr mamak ku benci mlihatku rebahan &amp; selalu bangun sianc katanya pdhl aku bangun jam 5 &amp; klo kesianganpun gc lebih dari jam 6 hhhEheheheheheheheheheh lalu apaka ak hrs bangun jam 3 pagi agar dikategorikan tdc siang??,marah
"Ga usah kayak ulat bulu ko ya, santai"" aja kalo sama cowok. Mau muntah dia liat ko agresif kali, tapi dia ga mau bilang takut ko tersinggung aja dia. Paham?!",marah
"Kecewa itu reaksi hati saat keadaan bertolak Dengan keinginan nya. Tapi hati tidak di biarkan berjuang sendiri, sabar salah satu teman setianya untuk melawan kecewa. Tenang dulu. Beri waktu sedikit. Krna atas izin-Nya semua akan berakhir indah",senang
Melihat orang yg kita sayang tertawa bahagia itu membuat sangat senang Apalagi kalo kita yg jadi alasan kebahagiaan mereka. mksh,sedih
"Kalo suda risih, mohon ditanyakan kepentingannya apa wkwk",marah
"Nggak marah, nggak ngamuk.. tapi raut wajahnya terlihat sangat kecewa. Langsung berasa nyeri dadanya",sedih
Ttpi jisoo blm pernah acting takut ga sebagus webtoon mending actor actress aja yg dipake banyak kok yg bagus actingnya,terkejut
ya gmn ya kalo blm kenal emg malu gitu,takut
maaf ya kalau kehadiran saya membuat kalian risih,sedih
Yang membuat aku semakin heran kenapa aparat penegak hukum semuanya diam ya,terkejut
puas gila sembang dgn kakak malam ni. sumpah kelako gila dia cerita zaman zaman bercinta dia tu kemain ex bejuta. tuptup sekarang jodoh dgn kawan abg aku masa abg aku kecik kecik dulu,senang
"bersinar sprti anak papa. Klo ditanya sedih/engga, pasti sedih. Tpi senangnya, penantian panjang kita akhirnya terbalaskan, walau tanpa capt kita. Setelahnya, kabar dri perantauan papa mulai bermunculan, kita smua cemas, khawatir, dan mulai berdoa smoga papa baik aja..",senang
Anj benci bgt kalo nahan berak,marah
"Ente paham bener tuh jalan sorga bung,ngeri gua.",takut
"Gue gak pantes sama kamu... Aku sadar diri selama ini... Bukannya prinsip wanita harus lelaki yang ngejar... Tapi kok heran gue, lihat cowok ganteng terpesona... Gue kejang kejang ngerasain sikapmu hanya bisa, sabar.. Coba gue cowok ganteng gak gini gini amat kan...",terkejut
Udah muak sama jurnal.,jijik
Disuruh pasti anak sm aja phobia mic ya kali inisiatif sendiri wkwkwkkk btw thanks ya jenooo pasti jeno gugup deh wkwkwkwk,senang
"dan rasa-nya aku sudah bersahabat baik dengan kecewa, sampai-sampai dia enggan meninggalkan ku. Ia terus melekat, dimanapun dan kapanpun aku berada.",sedih
"Gatau aja betapa care nya sihoon ke eunsang, Saya sebagai brandnewz stan merasa tersinggung",senang
Takut yg ditag risih,takut
ngeri na jgn gitu,takut
kecewa y gan,sedih
"Singkirin dulu dengki nya ya bos, w liat u jg jijik tp w diem aja bcs people live in their own ways senang aq mjd bahan gabut anda sekalian fren mwah",jijik
Syukur deh gak jadi. Yang pelit kulit ayam dilarang mampir,jijik
Aku dah penat jadi bodoh kat Twitter,marah
sy nk tidur awk.. penat dh.. sy nk chat awk tpi tak daya dh buat masa skrg.,jijik
"biasanya malem malem gini kamu bakal nanya ""mau cerita ga"" trs aku bakal cerita hari ini ngapain aja, sambat, ngeluh. sekarang aku mau chat takut kamu risih, takut kamu malah ngejauh",takut
nonton itaewon class tiap episodenya aku emosii sama org2 janga. heran ada aja cara buat jatohin sae royi,terkejut
"Saat terjadi lock down hukum ekonomi berlaku dengan sendirinya, barang terbatas konsumen banyak harga barang bisa naik 100 kali lipat. Jadi tdk usah heran apalagi kaget. Astaga! Kota di-Lockdown, Roti Sebungkus Dijual Hampir Rp 2 Juta",marah
"Makin lama muak gue sama orang norak ada kosakata baru dikit2 open minded lah, dark jokes lah, tolong cuy ini sensitif bgt, kalo kaya gini lo menggeneralisir sesuatu ga sesuai konteks nya berarti, ya sama aja kaya dark jokes kemaren tentang virus corona, udh tau dark jokes",jijik
"terkadang orang yg uda kurus bener kek triplek, masi aja ngeluh atau nanya kurus gk, ah aku gemukan. mikir si ada yg lebi gemuk dr elu, dan mereka enjoy. kalo lu blg gini gemuk gk? gw tersinggung anj, gw iri pen sekurus yg lu bilang gemuk gk ini hmmm",marah
"Iya lagian kan tujuan mereka nge spill buat apa? Itukan twt 10 tahun yang lalu, udah basi banget rasanya kalo harus di permasalahin, im saying this bukan karna ardhito ganteng atau famous, muak aja sama org yg bilang ke base tau tentang maksud dari twt ardhito ini itu",senang
"Gausah dikeluarin yang, kasian takut ada calon anak presiden nanti",senang
terkejut ingat nak mati dah rupanya nak tidor ja hahahaha,terkejut
"Muak sdh kita melihat sistim penegakan hukum saat ini, semena mena menindas rakyat kecil, sdgkan yg kakap banyak yg bela?",jijik
"Walaupun ada kata ""maaf"" dan bukan aku yg ditanya, tapi aku tersinggung, sakit hati bacanya",marah
"Dah mabok nabrak org sampe meninggal, ngamuk ngamuk pula Ngeri banget eh org jaman sekrng",takut
Provokator bapak moyangmu anjing kurap?? Wajar kalau kami tersinggung kalau rumah ibadah kami du rusak... Anjing bahlul lo..,marah
"Banyak duka yg hanya disimpan sendiri hanya untuk memenuhi '2020 ini aku harus bahagia, opo wae sing marai bahagia dilakoni'",sedih
"Saat itu.. Di shelter 3 gunung kerinci.. 19 tahun yang lalu.. Ketika itu aku mulai memikirkanmu, kagum, terpesona.. Dan membawamu pulang...",terkejut
"Nah itu aing kalo sayang org gk main2, cuman kalo dah kecewa maaf2 aja hehe mau bertahun2 juga aing gk perduli, sama sebaliknya pasti",marah
"Mimpi pergi supermarket beli macam barang ingredients semua, semangat nak buat cookies bagai, Last2 terbangun semuanya mimpi. Sedih betul",senang
"""Serius vin ihh"" ia akhinya menggerutu kesal karena merasa saya permainkan pertanyaannya. ""Ga kehatean aja"" Dengan senyum tipis saya ucapkan. ""Aneh banget,udah ahh aku kesana dulu"" akhirnya ia pergi bertegur sapa dengan teman yang lain lagi.",senang
Yg kaya gini ttp aja masih banyak yg benci. Heran aing,terkejut
Aww merasa malu wkwk,takut
Makanya sekarang aku paling muak ngeliat acaranya dan pemandu acara Si apapun temanya.. selalu yg di pojokkan Pak Jokowi/pemerintah,jijik
INI TUH EFEK SAMPINK TERLALU GUGUP CUHH GAADA SANGKUT PAUTNY W HOBI NGATAIN,senang
bila kw menangis hatiku pun bersedih. bila kau senang htku pun berbunga. bila kw gelisah htku pn bergejolak. ini semua karena. kita SEHATI,sedih
"I feel the same,biarpun skrg msh belum gajian,tp smnjk mulai kerja my mom sering buat wishlist ntr dia kalo aku udh start gajian ,rasany senang campur sedih ,senang krn mama selalu berdoa agar anaknya kerja sebagus dan setinggi mungkin , sedih krn liat wishlistnya byk bgt :|",senang
"Yg jelas-jelas ajala gausah banyak bertele-tele, Malah jadi risih nantinya.",senang
"hahaha kalau u xpe, meh la borak lagi hahahaha, jaga2 ya... i think he likes u, jgn terkejut terbangun pukul 3 pagi ada yg gigit kaki I",terkejut
BANGGA GUE PLS,senang
"Aku dpt call dr ank sulong arwah ptg semlm sgt terkejut, bila dia beritahu ""abg as... Ayah dh takde"" baru masuk hari y ke 11 aku berhenti kerja ak dpt tahu pesakit yang aku jaga setahun lebih dh takde..Allahu..aku sllu ingat y hari terakhir aku kerja, arwah menangis seolah -",sedih
malu bngtt [nutup muka],takut
Syukur alhmdulilah..termakbul doa,senang
Ada yang susah masih tersenyum Ada yang lelah tapi tak kerasa Ada yang bersedih tak ada yg peduli Ada yang kesal hanya memendam Ada yang mbatin tapi membisu Ada yang berusaha tapi sendiri Ada yang kejam tapi orang terdekat Ada yang tak peduli tapi tak disangka.,sedih
"Keren nih, siapa yg nge tweet? Yg likes dan retweet banyak ya. Semua sangat agamais dan mudah tersinggung. Anyway, Indonesia 85% - nya muslim, gimana mau anti Islam? Menurut malah kurang kontra, masih banyaknyg diem2 aja kalau ada pengrusakan dll.",senang
Bener Tl gue ga kondusif lagi Aku kesal banyak kemakan ramalan yang belom tentu 100% bener,marah
"Udah kek wota aja tiap kali ada member potong rambut langsung terpesona , coba pap kaka kmu drun",terkejut
"saya amat sangat kecewa dgn penanganan yg saya terima. Semua manusia ada batasannya, tapi kalau hanya untuk tau dimana paket saya, menyampaikan complaint saya sebaik-baiknya despite ketidakpastian berjam-jam, telfon saya dgn tidak sopan dimatikan secara tiba2 saat bicara",sedih
pdhl aku cocok sama ono km benci aku krn aku rebut ono kan!!!!!!!!! jaWAB FIKA,marah
Syukur deh kamu sadar sekarang suda pagi. Aku sungguh bahagia,senang
perform is amazing .... terpesona dengan gerakan dance nya yang benar-benar ngikutin irama ditambah nuansa panggung nya,terkejut
"jauh apa?aku kt penang bodoeee,kecewa aque dngn kamue",sedih
"itu knp gue benci bgt. mrk yg enak kita yg sengsara,ga sbntr buat nyembuhin ini,gue hrs nunda pendidikan bahkan ngerelain gaikt tes STAN krn ada tes kesehatan&amp;fisik yg ga mgkn bgt bs lolos saat itu. hak kalian si mau ngerokok,tp perna mikir ga kl dampak ke org lain separah itu?",marah
Makanya jgn naruh harapan sm org jd kecewa kan Pdhl ak jg gt,sedih
"""aduh aduh aduh ponakan om yang paling ganteng yang besok mau disunat, sini ditepuk tepuk dulu"" ""jangan kenceng kenceng bang, anak gue lagi gugup banget ini""",senang
Muak bangets gue sama gayanya si BANGSAT ini......SUE LU JOK,jijik
"Cewek kalo kecewa mulutnya aja yg jahat, padahal mah hatinya nangis.",sedih
"Bang, Martabak 1 ya Yang manis apa Yang telor Gak usah Yang Yangan deh, kitakan ga ada hubungan apa2, risih tau di gituin ... Bodo amat... Bngsaatttttt",senang
Gua ga pernah liat lu kasih emot kek gitu mangkannya jijik,jijik
"Aku kira ini hanya akan terjadi dengan teman temanku di Sulawesi, Kalimantan dan lainnya. Aku merasa lucu tapi sedih",senang
"Kemudian saya sholat. Setelahnya, rasanya saya menjadi lebih tenang. Amarah, rasa kesal, rasa kecewa dan marah mulai melunak. Kemudian saya menghampiri ibu lagi. Setelah berbincang cukup lama. Walaupun saya tidak sampai menceritakan semua masalahnya. Itu membuat saya sangat lega.",senang
Menangis bahagia melihat ini huwaaaah gk tau hamidunnya eeeh pas publis tau tau dah gendong baby girl omaigaat Congrats! So happy for both of you ozil nuuurrr,senang
"Pft aku ga berharap mereka balikin awardnya buat daniel, krn itu impossible. Cuman kalian itu sadar diri dikit kek, gamalu apa jadi bahan ketawaan? Abis bikin trending sampis yg ternyata bukan daniel yg nerima award, skrg idol kalean yg dpt award gantiin idol lain. Karma ngeri ya",takut
takut tidur sama guling,takut
kalo makan martabak mbok ya atas bawah sekalian gt jangan dilepasin satu-satu gt risih liatnya (?),marah
Mindset taknak muntah jelah. Penat ah nak muntah bagai orang dahla penat dah,jijik
"Sad, kecewa coba bikin egg tart bel, siapa tau nanti sungjin muncul",sedih
katanya baguus ya? pengen nonton tp gara-gara liat cuplikannya ada yg bacok pala jd ngeri,takut
"Menghitung Januari pada tiap enam puluh menit yang berlalu dengan sesal, enam puluh menit yang akan datang dengan cemas, tapi waktu memaksa hidup dalam enam puluh menit yang sedang berjalan.",sedih
Jangan sampai umat islam murka kelar hidup loe,marah
Terkejut i,terkejut
HAHAHAHA DAH WEH. WEH FON JATUH ATAS BIBIAQ AKU. TERKEJUT,terkejut
"pokoknya si mba2 farmasi itu ada mslh sm temennya bukan sama dia trus dia jg ngebongkar aib mba2 farmasi gt. Dan di ss an chat juga, awalnya yang salah adalah tmnnya mba kasir. Makannya mba farmasi murka. Pokoknya mba kasir sm mba farmasi sm aja klakuannya",marah
"Ni kebiasaan bgt nih tiap mau ke tempat baru pasti overthinking, cemas berlebihan.",takut
"Awas, jangan terlalu mencintai nanti jadi benci",takut
Syukur kaga ada. Udh deg2an,senang
"Yg seharusnya tidak terlalu tersinggung kalau disebut azab, karna definisi azabnya udah ga jelas seperti ini. tidak sepesifik sebabnya dan tidak ada benang merahnya antara sebab dan akibat, yang tidak merasa berbuat kesalahan juga ikut tersinggung.",senang
"HAMPIR SEMUA cowok BERHASIL MEMBUAT AKU MUAK, MAAF.",senang
hidup ni penat,jijik
Sedih klo ga mutualan ama kmu,sedih
MALEM MALEM BIKIN TERKEJUT,terkejut
"Mungkin tiga sampai empat lagu, satu lagu ditambah dance juga kalau mood sedang bagus. Wah, pasti senang, dong. Nggak perlu bayar tapi bisa nonton konser eksklusif. Bagus kalau begitu.",senang
"Pernah suka sebelum duka, Pernah tertawa sebelum semuanya terluka, Pernah bahagia sebelum corona ada, Tuhan hanya ingin mengingatkan kita agar kita kembali kepadanya.",senang
"Udah biasa kalo malu-maluin, Kak!",senang
kalo gw sebutin banyak yg akan tersinggung krna gw jga kehilangan sumber bahan bacaan dan satu lg simpatisannya jga bnyak takut gw kena bacot,marah
wajib sujud syukur ini,senang
"Wanita luar biasa yang selalu mengajarkan ilmu ikhlas, ilmu perjuangan, membantu tanpa pamrih, tak mau dikasihani. Intinya selalu mengajarkan berjuanglah untuk apa yg kau harapkan. Maaf sampai akhir hayatmu kita masih hidup sengsara, aku blm bisa memberikan ...",sedih
"Bikin yg ada aj kak, klo gada jgn dipaksa nanti kecewa",sedih
"Negara lain memilih lockdown dengan mengorbankan ekonomi, di sini justru terbalik dengan mengorbankan kemanusiaan... Sedih, WNA asing masih bisa masuk, konflik horizontal pemudik x pemukim, kebijakan lempar batu sembunyi tangan...",marah
maintenance la pulak terkejut ler tu banyak yuyu join main hahahhahaa..,terkejut
"Reporter aja terpesona, apalagi saya manusia biasa yg cuma hobi rebahan",senang
"Ngeri banget yg pacaran mah bentukannya begini. Mnding mblo aj k xixixi,,",senang
"dimana kabar bohong?yg benci itu yg merusak tempat ibadah umat islam, kristen protestan radikal mengatasnamakan Laskar manguni tuama minahasa...paham kau!!!? kalau kau banyak bacot jangan2 memang kau salah satu orang minahasa di perantauan atau akun yg menyamar",marah
risih ciriwit kimi. hih!!,marah
Kalo ngga tahun ini ya tahun depan lah dicabut nyawanya dia...biar ga bikin sengsara orang byk...aamiiinn...,sedih
"sebel juga fliss sama temen w,dia awal pas pembagian nem smp sedih nem e kecil,pas ppdb nangis2 takut ga keterima dimana2,eh akhirnya dia pake jalur kjp tapi sombong nya minta ampun ini yang membuat ak kesal hikss",marah
Gue baru sadar. Ini sedih banget liat ava sendiri wkwk,sedih
Aku juga lg rewatch ini makin terpesona sama ketampanan dan kharisma Dr Cha,terkejut
"Palingan juga begitu penjelasan aparat. Tak heran Klo ada yg bakar Quran, melukainya atau membunuh ulama. Gangguan jiwa!! Selesai. Umat Islam sabar",marah
Rasa bangga jap ambik acca tengok financial statement duck ni,senang
Malu bossku,jijik
aku ramal cebi bakalan kesal &amp; ngata ngatain durex,marah
"Uhhuuukkkkk... Ikut senang dong Neng, Akaaang... Bahagia selalu ya, Kang.. GBU.",senang
"Eh tapi tadi kepikiran ""oh iya bisa aja ya mereka udah muak sama kuliah"" kaya gua",senang
"Dulu biasa-biasa aja terus di bilang risih kemudian di blok, cobaan dari mana lagi coba skripsi aja belum kelar terys di blok lengkap sudah penderutaan.",senang
"Gue selalu muak kalo baca kalimat itu. Kaya seolah-olah gue itu salah banget dan harus ngerasain jadi orang tersebut. Tapi giliran gue udah nyoba buat mengerti dan memahami, orang itu kaya tai.",jijik
"Sebenarnya target utamanya bukan kalian. Hanya saja karena si target sedang jauh dari jangkauan, ia jadi kesal. Kebetulan ia juga kurang suka dengan keluarga kalian karena dekat dengan si target. Karena itu sasarannya berubah haluan menjadi keluargamu Pul.",marah
"... So pstix ada yg berani, knpa ksih kesal ahha cocok cwek itu hrus dapet. Pastix ada yg sudah menyerah n msih hidup.",senang
Waah syukur deh kaak.^OV,senang
wah saya bangga dgn kegigihan kamu,senang
NGAKAKKKK JIJIK,jijik
Tapi ternyata diamku membuat semuanya bertanya2 bahkan membuat tersinggung orang lain,sedih
Gpp mek yang penting lu seneng matinya sengsara,terkejut
Disalahin mulu duka nya,sedih
"Pembatasan sosial berskala besar, darurat sipil lah...Jancuk..! Rakyat udah capek ngadepin badai pandemi yg merontokkan semua sendi kehidupan ekonomi dan sosial, skrg ditambah kelakuan pemimpinnya yg bikin muak. Enough ia enough!",marah
YAAALLAH AKU BANGET!!! auto merepet repet ibu ku kesal,marah
gue sangat bangga dengan tangan nya ):,senang
"nak duit untuk pakai konvo, esok diorg last payment, rm 250 dapat tu pun dah rasa bersyukur, Kalau laa ada orang nk tolong untuk konvo kita allhamdulilah. syukur selalu...",senang
ishhh.... ya bener sih..... tapi kesal,marah
Ngeri anjir si Charlotte :'(,takut
Kalo kecewa inget pas lagi seneng bareng,sedih
Anak broken home itu selalu berusaha menciptakan senyuman dibibirnya walau sebenarnya hati nya sedang sakit dan kecewa,sedih
Tanda dia dh penat,jijik
"Doi pulang, rasanya seneng tp sedih. Smg slamet sampe tujuan, terhindar dr virus virus ala.",senang
Subhanallah bapak ini kayaknya buta mata dan buta map ini ngeles alasan orang goblok heran orang seperti ini kok bisa jadi pejabat...semoga pejabat tdk pemikiran ordebaru hidup suka hati menghancurkan negara,marah
1 pengusaha moral meyakini bahwa masyarakat terdiri dari pluralitas pemahaman apa yg terbaik. namun apa yg terbaik versi pengusaha moral dapat diciptakan bahkan untuk tujuan oportunis. ngeri bat!,marah
Sendiri dengan rasa ini Sendiri dengan duka ini Karna aku hanya menunggu Rasa ini hilang Untuk tidak mengharapkan mu Terlalu jauh,sedih
"Jangan menunggu bahagia untuk tersenyum, tetapi tersenyumlah untuk bahagia.",sedih
"kalo komentar itu jangan nebak2. kalo sange nya sampe grepe sembarang orang, iya jijik. ngeliat orang ngetwit sange langsung jijik? ckck lu yg munafik kek hidup di jaman batu",marah
sejenak lupakan penat dan gelisah hati me,marah
Nanti saya murka,marah
Iya aku maafin aku mikirnya juga toh cuman temen ini tapi makin lama makin ngerasa dia nyoba deketin aku lagi dari yang tahun baru kemaren dia ngajak main tiba tiba udah nyusul tanpa persetujuan aku yaudh aku iyain aja tapi makin lama makin risih aja gitu,sedih
"Hiii sama. Kayak gemes bgt ga sih mbak, murka bgt sampe gatau mau gimana lagi",marah
"Kalo aku sama kakak sepupu, aku exol dia army. Tapi ya syukur aja karna yg ngajak ngobrol duluan dia haha, bahkan kmrn berita ttg chen dia yg nanya2 mulu",senang
Takut ditagih utang,takut
manis g senyum mm,senang
Malu anjirr,takut
Syukur dah 19 buat cara 19. Happy birthday acap,senang
Hehe syukur kalau suka,senang
"wanita ga suka cowo yang = jorok, pelit, gugup, sombong, kasar, agresif, penilai, ribe dan tukang keluh",marah
"Ya gmn gak muak sih, giliran dah percaya bgt sm seseorang, akhirnya dibohongin jg, like asdhfkdlsllkl???!!!",senang
"Aku mendengar perbincangan rekan kerja ku yang beda bagian pagi ini muak sekali, astagfirullah Ya Allah maaf",sedih
soalnya aku emang lucu banget.... terus malu sendiri,terkejut
"""WAH! ANAK MANE LU?!"" kesal pisang ambon sambil menaikan suaranya, menunjukkan bahwa ia kesal saat ini ""BARU SEHARI DISINI DAH BELAGU LU. MAU GUE OSPEK?!"" tantang pisang ambon sembari memasang mimik marah ""hajaaar mbon. Cekek aja cekek"" kompor si kepok",marah
Dok saya lihat akun orang luar dgn centang biru terheran2 kenapa bisa indonesia tidak ada sama sekali..2 akun.. saya juga heran sebenarnya..malah jadi khawatir sebenarnya..,terkejut
Hitler juga tampangnya kaya Chaplin. Pinokio apalagi lucu tapi buat rakyat sengsara.,terkejut
"Masih! Temen gue dimaki-maki perkara bilang bikin scramble egg liat di utube chef terkenal bukan chef abal2, dia tersinggung",marah
Boleh ga disini aja until tomorrownya soalnya aduh di ig tuh bisi malah terpesona gt ternyata aku udah byutipul dari dulu.. nih foto dikirimin tybo gilasih ga ngerti lagi kerudung nya hits banget..,terkejut
"Pastinya, keduanya telah melalui berbagai macam suka, duka, senang, sedih, dan ratusan kenangan yang dibuat bersama. Marilah kita undang mereka berdua untuk naik ke atas panggung, agar dapat menyampaikan perasaan mereka ke satu sama lain. (c.)",senang
"Waduhhh baru tau...... Bang Zombie rajin menabung juga ya Maaf bang, sy lagi senang hati",senang
Hahaha. Partey memang sedap. Dia punya level tak takut tu macam Bailly. Tapi versi tak senang injured.,senang
"Guys i need your help for now. Kawan aku ada tertipu dgn numbr ni, dia ckp mak bpk dia meninggal tah apa pastu pinjam duit dkt kawan aku, bila dh bg dia terus block. Ada sapa2 kenal numbr ni tak? Kalau ada tlg slide dkt dm hati2 tau jgn pakai nama mak bapak demi duit. Derhaka",jijik
Jijik parah anying,jijik
"Klo dari ketinggian suka takut tiba2 loncat pengen nyobain jatoh (gatau lah ini aneh bgt), ayam, ikan hidup yang keluar dari air terus loncat2 (geli sih), kecoa terbang",takut
"Akhirnya Hanum menggoncang-goncangkan tubuh Angga yang berada di sisi kiri. Ngggaaa.. bangun Nggaa. Hmmm. Ngggaaa bangun dong dek, ehlah. Gerutu Hanum. Angga mulai membuka matanya yang masih terasa berat, menatap Hanum kesal. Apa sih mbak?",senang
"Maunya gitu. Tapi karna ogut tim eek jongkok jadi kalo buat tdr di wc ngeri kesemutan smpe keram:""",senang
Hahaha. Partey memang sedap. Dia punya level tak takut tu macam Bailly. Tapi versi tak senang injured.,senang
Kata orang2 kantor biasanya mah &gt;11% tp tahun ini cuma 7.5an persen pdhl itu aja ku udah bersyukur sekali eh pas dikasihtau gt jd agak kesal krn itu kan buat setahun kedepan wkwk tp yaudah gpp ._.,senang
"Aku tahu bang Jerome bisa! Semangat! Hadapi dengan santai, kalau gugup ntar malah ga nyaman ._.",senang
Wak gara-gara ko cakak jo tetangga kos wak ma da. Wak suruah bunuah anaknyo. Kesal wak,marah
Takut menceburkan diri ahh ke laot saking lamanya ngejomblo,takut
"Who knows karena aku atau dia sendiri (?) Yg jelas, ketika aku merasa tersinggung, I told him/her that Im offended by this word. Aku bilang baik2 dengan kata maaf. Ternyata, bukannya dia minta maaf, justru menjauh setelah itu.",senang
ngeri yah wkwkwk,takut
aku kira aku saja yang kesal,marah
"Niat mo masak lauk buat saur ehh tetiba gasnya abis. Sial. Untung gw jenius pny byk akal,jadilah ceplok telor di rice cooker awokwowkwowk berhasil dan enak dong tentunya. Duh rasanya bangga bgt aku jadi diri aku ini.",senang
Mula tak muak dah lama lama muak,jijik
"Maaf ya udah bikin kamu cemas, akun kamu terindikasi aktivitas mencurigakan pastiin kamu udah sesuai ama syarat dan ketentuan Shopee ya. Tenang yah, mimin bantu cek. Yuk DM mimin username ama email aktif kamu ya. Mimin tunggu",senang
"Gua lebih heran nya ke elu, ngapain nanyain ini coba?",terkejut
Heran deh kok ya kesalahan org tuh di bahas2 aja di korek trs sampe dalem? Semua org pnya kesalahan di masa skrg maupun di masa lalu. Chill.,terkejut
Ngeri ah kalo mantep2,takut
"Sekarang aku pengen ngajak kalian army, yang lihat tulisan ini buat donasi, atau sekedar follow aja dulu. Lihat cerita mereka. Suka duka nya mereka. Suatu saat kalo ada rejeki baru donasi. Akun itu isinya tentang sebuah usaha membantu pendidikan anak"" Pedalaman Papua.",senang
"heran aja, harus banget ya klw posting foto FPI disertai nanyain BANSER dimana? pdh BANSER dari kmrn beberapa minggu lalu sdh bergerak ikut menangani covid19, tp keknya gk ada postingan yg nanyain ""FPI dimana?""",terkejut
Takut ya....,takut
semangat yaa!! jangan gugup dan omongin baik-baik juga jujur oke!,senang
"U CALL PUN X BERANI,,, NANTI TAKUT KO KENCING,,, RUGI JE AKU KE SANA,,,NANTI",senang
"Ngeri skrg ya bang, sudah tydak seperti dulu",takut
Nyangka krna aku yakin svt bener2 bisa besar sih mereka tuh punya ciri tersendiri beda bgt vibenya juga sukak deh inget bgt dulu dri yg tembok ijo klo kumpul temen yg kpopers juga suka aku setelan vidio mereka dah sampe pada risih wkwkwk ini lagi raf wkwkwk,senang
"Ye betul, kualiti air sangat2 penting. Nak senang kalau pindah tu tak lma mana, masuk dalam bekas kuih je. Air tak perlu banyak samgat.",senang
Terkejut aku... ingat marah aku tadi,terkejut
"Setelah sekian lama, aku mimpiin crush jaman kuliah dong mana banyak banget momennya lagi. Sampe kebangun juga masih berasa ini perasaan indah banget wkwk tpi tetep aja ujung2nya sedih karna waktu kutembak dulu ditolak sama dia asemmmm",senang
tak takut Malaya 63 taun d Sabah &amp; Sarawak 57 taun ari ari 1 bangsa 1 ugama saja d tindas tapi yg mindas sebangsa seugama bukan yg lain bangsa lain ugama ba apa yg mau d takut klu dari start mimang begitu..yg mau takut iala yg tak biasa buat kerja ba,takut
Weh penat gila balik terus tidoq and now bangun kelaparan,marah
"Belum pernah dikatain bambang rame2 sih, sebel banget gw. Bikin mulut gw murka aja",marah
Asli coy ngeri,takut
"Glad to know, you can't hate others. Benci org dosa, kalo ga seneng, ngomong lgsg aja",marah
". Aku juga excited nunggu Mbak lahiran, ikut deg-degan juga. Huhuhu, syukur kalau gituu! Salam buat si dedek kecil.",terkejut
Bila kita pakai night scope? Aku benci thermal scope. Kau main dengan sape ni haaa,marah
Untung buat Jokowi rakyat tambah sengsara di depak aseng,senang
"Goblok goblok, najis amit amit dah gw. Btw, kalo si rijik kena corona Gusti Allah murka sama siapa ? Sama Bani kadal al hoakki kan hehehe",marah
Ajing teriak anjing luh bilang tu zul ngk pernah boong yg mulutnya kayak comberan otaknya penuh dgn sirik benci luh habis makan apa brow,marah
ya allah puas rasanya tengok Dato Rizalman sekolahkan vivy &amp; artis artis yg demand bantuan khusus,senang
"SEMANGAT KA! semoga dilancarin ya sidangnya, jangan gugup biar lancar ka",senang
Menangkan diri melawan rasa Kecewa,sedih
Yg terakhir kok gua jijik ya:'),jijik
Mbangun 57 lantai dlm 11 hari? Takut pak itu semennya udah pd kering blm ya?,takut
Kalau bersih kenapa risih,senang
"Jika manusia murka dengan apa yang dia dapatkan di dunia ini, maka Tuhan juga bisa melakukan hal yang sama",senang
Gue ga di aduk..jijik aja liat nya klu diaduk..,jijik
Gx kuat aku reporter aja ampe terpesona ma nunu,senang
"Setuju! Lalu sujud syukur krn ga perlu buang waktu memproses interview, ud dikeiatanin bobroknya pelamar..",senang
Seru si tapi ga puas aja wkwk,senang
knp smpai segitu benci nya km knp harus aku yg jadi kyk gini gmn aku mau lanjutin hidup ku kasih aku satu kesempatan utk berjumpa dgn mu spya hati ini tenang... dewasa la... aku cuma ingin tau apa yg semua terjadi... jgn dulu pake emosi,marah
"Scroll gambaq pastu nampak gmbaq akmal yg baru baru ni dia hntaq tunjuk dia botakkkk. Pernah skali dia tanya , ""cenna kalau abang botak, not like botak licin but botak ada rambut sikit"" At first terkejut pastu macam, it is up to you. I still love you hehe",terkejut
Atuh iya lah pingin puas ma sy,senang
gugup bgt liat org nyindir kaya tkt ak yg disindir pdhl blm tntu tp tkt aj gt,takut
Kok gue jijik yauu,jijik
Kamu SOpan Aku Senang,senang
"Halah gue ngerasain hal itu, cmn risih aja gara"" telat dikit doang harus spam spam wkwk",jijik
"Mungkin saat nanti kita bersama , kan berbagai rasa dalam suka duka :')",sedih
"Gua jijik wkkw mang ngapa? Terlepas dia balas gua pake karya dia ya bodo amat sih gamikirin itu, pokonya yang gua liat diatas, iti bikin gua jijik nyengir.",jijik
[malu banget],takut
"serius jeung percaya eta pamaeh, mun serius teu satuju eta jadi bahan bercandaan beda deui. karunya eta corona teh musibah keur duka di china",sedih
Maksut saya tuh motor apa aja ya salah apa lg motor busuk. Kek takut aja notor ilang,takut
Aww jadi malu Jangan lupa sarapan,takut
ak gabisa marah bisanya cuma nangis,marah
Terkejut qkak,terkejut
"Beliin lu boba 1 gelas keburu diminum sendiri div gatau kapan bisa ngasihnya,kalo 5 liter kan gabakal gue minum ngeri diabetes aja wkwk",takut
Bener gk tersinggung juga jdnya,marah
Belum puas dia rasa AZAB dari TUHAN yang di berikan untuk'nya.. Menyandang status Ustadz tapi menyumpahi orang lain. Yang pantas mati kau...,marah
Kannn siot do terkejut aku,terkejut
Aku terpesona..,terkejut
"Hi bangsat,,,kau mngaku2 muslim. Tdak pernah ada dlm jiwa org muslim sejati yg sprti kau ini ""saat agama/tmpt ibadah nya dinistakan"" dia tdk marah... Sburuk2 org muslim pasti akan murka jka agama/tmpt ibadah nya dinistakan.",marah
Aku bangga memiliki kalian..,senang
"Temanku emang banyak tp yg aku anggap sahabat-saudara cuma satu, kamu. Hah g tw jg sih, aku ini masih sahabat mu atau bukan hehe. Makanya pas kamu dm aku, aku kaget, marah, seneng sekaligus kesal.",marah
"Sebetulnya agama Islam jg tdk membolehkan merusak tempat memuja sesembahan agama lain, tp entah itu para kadrun sukanya kalap rusak2 tempat ibadah agama lain...sy muslim jg heran mrk yg spt kitab sucinya apa",marah
"AAAAAAA mulai murka nih kerjaannya mulai liatin makanan terus, udh bosen makanan rumah",marah
"aku dah kataaa, shu senang jeeeeeeeee",senang
Cih jijik sama cowo macem gini,jijik
Takut sama lu tem,takut
iya makanya ku kasian sama anak anak nya yang ikut buat kelas itu. kalau mamak mereka tau apa ngga murka. duit yang dia pakai dipakai buat bayar orang biar dilatih tarian yang 1 menit aja nga ada.,marah
Gua malah jijik sama aroma nya,jijik
"terkejut aku, baru nak tarik selimut HAHAHAHA",terkejut
"Capek gaesss, panas gaessss banyak duka Ny gaess gek tekacip atek bis, mk siang dk acak pegi siang, atek bis soalny",marah
Cebong? Lg terpesona sama itu tuh tuh tuh tuuuuh masa g liat lagi atur langkah kakinya jalan pelan2 sambil langak longok biar dijeprret kamera,terkejut
JIJIK LIAT REP2 NY,jijik
Lu semua yg senang saat momoring mau nangis FUCK YOU. Banyak elf juga yg nyuruh heechul putusin momo itu yg kalian sebut senang,senang
HUFT AKU GUGUP.,takut
"Emang dasarnya benci Anis, tapi kita bisa lihatlah partai mqnq yg ngotot, kelompok mana itu pasti kacung2 reklamasi yg gagal mereka dendam kepada P Anis",marah
Biar bang alif makin terpesona ngeliat lu nisss ett wkwk,terkejut
Kan aku dah cakap lenkali makan kobis dekat mamak je senang,senang
"terkejut tibe naik call even aku call sekali je dia tadi, selalu dia susah sedar babee .",terkejut
Ngeri jg,takut
Untung gak separah gua hih ngeri orang jaman sekarang ungkit ungkit masa lalu,takut
Tapi aku kadang kesal sama cube,marah
"Jika kamu sedang jatuh, bertindaklah layaknya pemenang Sahabat. Segeralah bangkit dan buat dunia terpesona",senang
Ngeri kali bu,takut
"Iyaa Dee, bangga banget denger speech dia masih gak nyangka itu Jeno yg semalem",senang
"video bokep tuh panjang2 durasinya apa ga sakit ya, gue kmren lebih dari 10 menit aja rasanya risih banget.",sedih
"emang si villain ribet amat, kek apaansi lo drama banget tapi seenggak sukanya w sama dia tetep aja sedih",sedih
"Heran juga saya sama MUI, org macam Ayah Naen kok bs jd Wakil Ketua MUI. Emang gak ada org lain di Indonesia ini yg lebih baik akhlak dan ilmunya???",terkejut
Bikin Senang.,senang
"""sapa neh?"" kesal ambon yang di ikutin lirikan sinis oleh si kepok ""wah anak baru belagu nih mbon"" ujar kepok mengompori ""heh anak baru. Jangan sekate kate lu ya! Lu tau ga, kita disini penghuni lama!"" gertak ambon kesal ""oh ga laku"" sindir si raja sambil terkekeh geli",marah
Malu sama krudung neng. Itu mulut,jijik
"tah mending nu kieu, lain teu nyuport ka brand local justru saya bangga. tp mun harga na teu eling mah da kumaha atuh",senang
"Sendiri = sepi Tapi kalau ada yg cht tu rasanya risih banget,tapi kdg kalau gada yg cht sunyi tapi kalau ada yg cht risih,kalau gada sunyi,kalau ada risih. ini gimana ya?",sedih
a.k.a masih takut ke dokter gigi,takut
jaehyun : aww malu banget,takut
Duka euy,sedih
"Jika kamu senang keluarkan saja tawa mu, jika kamu marah keluarkan saja amarah mu.. jika kamu sedih keluarkan saja tangismu... tapi jika kamu malu jangan keluarkan kena..uan mu... Ups...",senang
"Benci gua, pagi-pagi udara lagi enak, ada yg ngerokok. Naik gunung udara seger, ada yg ngerokok. Gedung 2 udara dingin, ada bau rokok. Kek ngerusak suasana aja",marah
Lagi lagi kecewa sama apa yg ditunggu2.gue gak merasakan apa2 setelah itu. Yg ada cuma nyesek,marah
"akhirnya sampai juga kita di akhir dari thread ini, sekali lagi doa terbaik bagi kita semua yang berpisah. Tidak ada rasa benci di hati ini, mungkin pada awalnya kita merasa marah dan kesal namun pada akhirnya kita kembali menyadari betapa hal baik yang terbaik untuk dia,",senang
"ak tertipu gais tyt promosi The Office Blind Date. udah kuduga jg ini jalan cerita komik bgt sial. eh bnrn kan, mana di awal udah nyimak serius bgt jg hdh",senang
"Yaa kalau elo suka di season 1 karena kliniknya otis dan maeve sih oasti kecewa soalnya di season 2 dikit banget, karena si ibunya otis juga join ke sekolah. Other than that, ya ngebahas problematika masing masing tokoh aja, which is better for me.",senang
"Orang hadir di hidupmu karena sebuah alasan. Mereka berimu bahagia dan kecewa. Ada yg sesaat, tapi ada yg selamanya,",senang
"Begitu Hebat nya Fitnah Saat ini, Mungkin kan Allah Swt, Akan Murka Kembali di Daerah Ini, Ayo Umat Islam Berbuat lah, Untuk Pembelaan, Sebelum Allah Swt Mendatangkan Murka nya.",senang
Ngeri yah om,takut
"Yg bikin gue risih adalah karna si Ardhito ini punya tampang, cewe2 nanggapin nya malah kaya seneng-_-",jijik
apa nata gk muak denger hadeh lu ml,jijik
"Halah mba, lo kalo ngeliat orang sange juga jijik jangan gitu lah, jgn munafik, gue tuh dah nebak bgt ini pola pikir lo asli KWOAWKSKSKSKSK",jijik
"[muak] : jujur, Jaehyun... saat itu aku belum siap untuk memulai hidup berkeluarga. Aku terlalu lama hidup sebagai wanita karir sampai aku takut hidupku berubah... ditambah kamu yg selalu minta untuk punya anak. Disitu aku muak... dan karena muak aku malah jadi gak mau...",senang
"Tetep naik, bukannya ga mau taat aturan walaupun agak risih dan riweh tapi selama fisiknya masih kuat dan ga sakit tetep gas. Susah soalnya cari barengan sama waktu yg pas lagi hehe",sedih
Tahu tak korang lagi buat aku sedih.. Sebab lepasni .. Lagi susah aku nak jumpa korang..,sedih
Haha soalnya kesal bgt mas sal,marah
Jan gitu dong malu gue,takut
Nahh gini puas gw Wkwwk ngak tau artinya aja ngakak,senang
"Enaknya,bocah aku yg jadi perannya,,,panting aku puas'in sampe bener"" berdua puas",senang
"Maaf, aku tidak seperti mereka yang slalu berhasil membuat mu tertawa,menghibur dikala duka Tapi selagi aku ada ku akan selalu menjaga mu, ku akan mencintaimu dalam diam dan dengan cara ku.",sedih
biar inget kalo terlalu baik sm org akan ngerasain terlalu kecewa jg.,sedih
Dengan senang hati mull,senang
"Bagi merawat duka yang lara ni. Gaji masa kerja part time kat kedai makan tu aku beli buku . Rasa puas wey! Walaupun tak dapat semua tapi atleast aku ada usaha. (Boleh buat modal utk cerita kat anak"")",senang
"Sebenernya sebelum nyalahin yg balas, kadang sendernya juga ngirim menfess yg memancing keributan wkwkwkwk Tapi syukur sih aku selama ngirim menfess tidak pernah di saltyin dan menggarami mengess org2",marah
Keluarkan saja jika kesal ke saya kota beradu meme nantinya,marah
"Dikata sama bbeb sndiri ""jijik ih kaki km item belang"" pdhal abis diajak liburan panasan sama dia, langsung minder seketika",sedih
"Tp tim laen jg lumayan ngeri ngab, kabarnya Borneo mau ada Megatransfer jg. Makin seru dah ini liga.. Let's see..",takut
Ada dendam. Ada takut tersaingi.,marah
Hihihi.. tq my baby.. sentiasa ada dlm susah n senang.. menerima kami berdua (dgn Ipan) seada nya.. love u soooo much!,senang
Hahahahahahahahhaa moskov sial terkejut sister mmg mcm moskov siaaaaallllll,marah
"are you okay, dear? Cemas aku Ama kamu dek",takut
bener sii tapi nanti aku gugup pas deketin cewe,takut
Malah harus masukin nama hanbin soalnya itu lagu buatan hanbin. See ga ada yg sempet bikin lagu buat lagu CB merek. Dan YG masih blame hanbin karena CB yg delay. Murka lah semua iKONIC. Ga penting surat klatifikasinya itu cuma buat jadiin hanbin kambing hitam,senang
Mau itu sekelompok kecil yg diserang pun tdk boleh karena sudah pasti menjalar kemana Kita negara hukum serahkan ke pihak berwajib Kalo hny berdasarkan balas dendam tdk akan tuntas Bnyk hasutan yg lebih ngeri sampai ada yg mengerakkan perkosaan Aduh miris bgt,marah
Sumpah aku tak paham asal tak puas hati sangat,senang
"Kalo sekarang sih dah b aja, di waro ya syukur, engga masabodo, dikira hidup gua makan waro kali",senang
"Hei bos... Hati2 kalau buat nama anjing. ""Laoli"" itu marga dari suku ""Nias"". Saya sedikit tersinggung dengan pernyataan anda ini.",marah
Iya yg lain ap lgi tzuyu kayak gimana gitu Sumpah aku kesal pingin ninju tpi gak bisa serius,senang
tweet dr bb dah bangga bgt,senang
Assalam. Tak puas hati ckp dpn jgn simpan.,senang
"Setelah tugas itu selesai maka saya akan berhadapan dengan api untuk menebus dosa saya sendiri. maka saya senang berjabatan dengan mereka, semoga dengan jabatan itu kelak mereka akan mengingat saya dan memintakan syafaat bagi saya pada Nabi Muhammad""",senang
"Sebagai moslem, saya marah, kecewa, dan ingin perang dengan mereka. Tetapi... Jika ingat para pengrusak tempat tempat ibadah kaum Nasrani, di bakar, hingga pengusiran , perasaan mereka juga sama seperti yg kami rasaksn saat ini. Dari sedih, malah pingin tertawa",marah
"Udah lama ga pacaran,ditanya udah makan apa belum aja udah syukur",senang
SIAPA ORANG YANG GA SUKA SAMA AELYN? SIAPAAA? SINI LU..... GUA MURKA.. WKWKWKWKWKKW,marah
suka duka akudongg,sedih
weh terkejut. sumpah tu nayeon!!!!!,terkejut
bangga sekali. teruskan perjuanganmu nak!,senang
"risih aja,, cuman nyesel akhirnya",jijik
"Semoga lancar sidangnya kak, semoga dimudahkan segala urusannya sama allah, jgn lupa doa, baca sholawatan yg banyak biar gk gugup. Semoga lancar Ya kak sidangnya pokoknya kalo Kaka, gugup baca sholawatan yg banyak",sedih
Ngeri! Para Analis Sebut Virus Corona Berpotensi Besar Memicu Resesi Ekonomi Global,takut
"iya Ai, aku sebagai inspirit ngerasa tersinggung bgt sih &gt;.&lt; ngelewatin semua dari 0 bareng mereka tuh jd bisa ngerasain sakitnya inpi. terus ada yg ngejokes kaya gitu, ya ngamuklah hahhahaha semoga kejadian ini ga terulang lagi",marah
"Ini doang anjrot dokumentasinya, dan tempat terfavorit sih.. adem, sejuk, pgn berenang rasanya awkoakaoaka. Syukur pas bareng Ibu dan Bapak sih perginya, sama nenek uwe jg.",senang
"Syukur, sampai saat ini, belum ada yang menjadi pasien suspeck virus corona, baik yang sudah ada di Aceh, atau mereka yang masih di Tiongkok, termasuk 13 orang di Wuhan, Hubei.",senang
"Terima kasih sudah menghubungi Bella ya kak, Bella senang dapat membantu kamu. Selamat beristirahat ^AM",senang
Kok gugup akuuu~~saat bersamamu saat tersenyum padamu~~,senang
Wanjeeerrrr ngeri bener wkwkwk,takut
NGERI BOS WKWKWK,takut
"Bukan masalah salahnya di mana,,tapi banyak yang tersinggung kalau sebut macam macam maksiat tersebut,,",takut
Saya ketiduran lalu di mimpi saya ada Aikawa. HERAN.,terkejut
"Saya selalu risih dengan kata ""kaya"" atau ""miskin"" seolah ada gap. Tapi ini terlanjur kesel aja, maneh teh lain orang kaya tapi sombong!",marah
"Kalo tersinggung karena selalu dapet pertanyaan ""kuliah dimana"" atau ""semester berapa"" padahal gak kuliah gimana bang?",marah
Beneran aman g sih? Trs beneran ngaruh ga? Takut nya cuman promosi. Udah cape pengen kulit wajah bersihhh dan cerah huhuhu:,takut
Bikin malu ikatan dr saja pecat dr ini,sedih
"Iyaa de gpp, asalkan senang aja",senang
"Inga bae""kecewa itu beda dgn marah!marah gampang month ilang.mar kecewa ?pikir jo noh sndiri!so besar to",marah
Bikin Senang.,senang
kesian member terkejut hahahahha penat do gelak,terkejut
"pemimpin kita ini kan bodoh makanya ditetapkan ""DARURAT SIPIL"" dia kira sedang perang. atau hanya takut kehilangan kekuasaan?",marah
"liat ajalah itu fans mbaknya, muak gue",jijik
"Happy birthday Semoga diberikan kesihatan yg baik, murah rezeki, ceria, gembira, bahagia &amp; dipermudahkan segala urusan serta terlaksana apa yang diimpikan",senang
"Rajin bagt ngitungin hari, heran wkwk",terkejut
"Makanya Dil kalo ada apa apa jangan minta bantuan, selesain sendiri. Kalo kaya gini kan jadinya kecewa",sedih
Gugup selak mateni kran kak,takut
Wkwkw risih juga gua anjay,jijik
Penat la penat aku nak nangis,jijik
Ya maklum lah antenknya orde baru yg kaga senang sama pemerintah.,senang
"w takut tdr trus tiba"" ada hantu pocong sama kunti",takut
"Dan harusnya kita gunakan tenaga dari yang kita makan (relamati untuk kita) untuk kebaikan, bayangkan betapa tersinggung ayam di meja makan pejabat yang sedang makan sambil mengobrol rencana korupsi.",senang
"Udh basi nder cara adu dombanya. Lama kelamaan malah lu bikin muak jadi gapeduli. Mending lu bobok, kalau bisa jangan bangun lagi.",sedih
Mami tolong carikan buat q juga [aww malu banget],takut
"Apakah aku dan kamu layak menjadi kita? Yang akan selalu bersama dalam suka duka? Mungkin saja iya, atau mungkin saja tidak. Sekarang ini hanya ada harapan yang menjadi angan dan menanti sebuah kepastian, entah sampai kapan, mungkin nanti. Sabar saja dulu",senang
"sampe sekarang gue bucin dia, meskipun udah jarang nonton dia. gue bahagia banget pas tahun lalu dia nikah. asli gue udah was was banget dia nikah sama pacarnya yang tahun 2014 itu siapa ya namanya lupa gue ah, pokoknya mba nya jand* . ozil yang pacaran gue yang murka dong asli",senang
weh aku terkejut!!!,terkejut
"Tau gasi wkwk ak rada heran kenpasi masa lalu kek gitu diributin hmm, lagian biarin aja napasih.. org kita juga ga sempurna mendingan ttp rendah hati sama benerin diri sndiri",terkejut
"Ga lah entar kecewa lagi, mending gue sama diri gue sendiri :') Dikira apaan comot di jalan woi wkwk",sedih
sekumpulan pria duduk bersila.. tangan menengadah penuh duka.. riuh mulut lantunkan syairNya.. agar harap segera tercipta..,senang
Jijik ya.,jijik
"Dari pukul 10pm sampai 3am, aku bukak fb lepastu tengok bts CLOY, aku takut aku takleh move on je ni....dengan hyun bin................. Taste aku kat lelaki da berubah ke?",takut
Great thanks 2u umetaja vitu vingi na vya maana sana vya kuzingatia katika maisha ya matangazo... si twitter tu hapa hata kwingine even dukani... weka duka/ kibanda/ hotel katika mwonekano mzuri wenye kuvutia wateja.... a lot. mis,takut
ibai penat la gini tk leh tido..aku penat gile,jijik
Penat aku nangis tepi bucu katil.,sedih
Yah penonton kecewa dong,sedih
Semoga pada 31 Januari 2020 ini menjadi hari terakhir di bulan ini untuk kita semua akhirnya mencapai suatu keberkahan dengan penuh rasa syukur setelah berproses dengan indah,senang
"gara gara kemarin ngebayangin kerja dari rumah, tetiba mimpi ngontrol pesawat dari rumah, cuma bisa ngebayangin posisi mereka dan setiap pergerakan berdasar pilot report sama mereka ngasih tau kalau mau konflik sama pesawat lain. Hm ternyata repot dan ngeri juga.",takut
Mungkin dia sedikit kesal krn tiap hari ada aja muka tzuyu yg lewat tl dia gara-gara gua wkwkwkwk,marah
Ak takut dihujat,takut
Ngerasa jijik aja lihat orang pacaran :v Ngembe erik ???,jijik
"Kadang ingin posting kyk kita sedang bahagia, mencapai suatu hal, dll, malah takut didoain ama yg dengkiin jadi paranoid gitu gimana yaa...",senang
"Kalo ada yg judge lu, itu mah biasa bro. Nabi aja ada yg benci. Jan sia sia kan waktu unt meladeni mereka. Masi banyak org yg peduli dan sayang sama lo",senang
"Ngeri anjir, awal sange, akhir horor",takut
Merasa tersinggung nih,marah
Emang ga risih mesra mesraan depan ortu? Gua si risih,jijik
Takut semut,takut
"Logat balinya masi kental, yg mana aku selalu senang kalau org bali udah ngomong dengan logatna",senang
"Pak Jokowi mainnya kurang jauh, jadi suka heran hehehe",terkejut
"Percuma sudah letoy, takut sama WC.",takut
Hahahaha syukur tersenarai.,senang
"Nggakk, kadang jijik",jijik
Hanya kata semangat yang engkau berikan dan aq cukup senang mendengar itu.,senang
Pen murka aja gua,marah
KARNA AKU GA DINOTIS DAN AKU KESAL AKU MAU GIVE AWAY KEKESALAN SAMA PULSA 10K UNTUK 1 ORANG GA PAKE SYARAT SYARAT DAH TERSERAH KLEN MO NGAPAIN SELESAI besok HARI SELASA g tau jam brp,marah
"Loh itu berarti faslitas yg diberikan mumpuni bukan maruk, kalo ada rejeki disia2in kan takut dosa",sedih
mau todong apapun aku tetap terpesona kak,terkejut
Mau dishare disini ? Ah takut kesebar tapinya,takut
"Sesat wajahnya berubah menjadi cemas, ia meringgis kecil dan refleks meremas genggaman sang suami. Walaupun wajahnya cemas, ia pun tidak menutup kebahagiaannya sebab akan bertemu dengan sang buah hati.",takut
"Lebih ekstrim lagi. Bapaknya nembakin semuanya bahkan anaknya sendiri karena gak mau mereka mati sengsara sama monster. Pelurunya habis sebelum bapaknya bunuh diri, dan ternyata tim penyelamat datang : )",senang
Dosa jamaah....siap2 Indonesia...semoga Allah Swt tidak murka pada negeri ini...mari mulia banyak2 beramal kawan.,sedih
banyak duka nya bang,sedih
saya jg jijik,jijik
Hahaha kalo gw takut dipecat jadi menantu. Wkwk. Soalnya mertua gw udah bangga banget gw jadi PNS,takut
Ngeri bawaannya penggaris kayu,takut
heran padahal cuma gitu tapi bisa ganteng,terkejut
bukan lembut tapi takut,takut
Ngeri amet,takut
kalo ada major character death aku benci kamu. sejam aja tapi.,marah
"""ada banyak matt di dalam matt"" kata andrea. kalimat ini mewakili isi kepala matt ketika dikuasai rasa cemas. - bagaimana jika andrea mengalami kecelakaan - bagaimana jika aku tidak bisa - bagaimana jika ada perampok di ujung jalan dls",senang
"Iya.. liat aja itu ekspresi tae. Terkejut, kyk emng dr awal udh gak ngarep gt, eh tb"" dikash trs dy senyum lebar bngt. Seneng bngt dy",senang
"semoga lain waktu lebih cukup ya, cil. semoga hatimu senang hari ini.",senang
Aamiin Allahumma Aamiin. InsyaAllah tetap Syukur Nikmat atas apapun yg Allah berikan.. Met beraktifitas di,senang
"Di tahun berikutnya, diamanahi untuk melanjutkan apa yang sudah dilakukan oleh Bang Satria. Alhamdulillah ditemani saudara seperjuangan yang senantiasa menemani dalam suka dan duka. Thanks a lot brok for always being with me.",sedih
"tersinggung, gaya berpakaian berubah, menarik diri dari pergaulan, atau mengalami depresi. Kalau Anda curiga anak Anda mengalami penindasan seksual, ajak anak Anda untuk bicara baik-baik tanpa maksud untuk mengkritisi atau menyalahkan anak (misalnya karena cara berpakaian",sedih
Makan tuh proyek... Kami rakyat sengsara,sedih
haah jenis terkejut tu,terkejut
terkejut aku tetiba uyin carut aku,terkejut
Dor! Pergi ke sawah ketemu banteng Kalo diganggu marah yg punya Selamat pagi aa Coba liat mana senyumnya? -,marah
"Namun setelah lama mungucapkan itu Kumiko mulai jenuh dan pikirannya teralihkan pada hal lain yang menyenangkan. ""Ah... Gagal lagi"" ujarnya kesal.",senang
Sumpah sih benci bgt sm cj cj cj!!,marah
"ulf, semoga hatimu senang hari ini, ya.",senang
"Padahal anu diritwit jeung dilike sama teh banyak, tapi aku merasa bahagia kieu :"" emang paling bisaan, nyieun readers bahagia",senang
wkwkkwk fansnya merasa kesal,senang
"Ko tau kalau aku orang yang gakk bisa jujur dengan mudahnya, setiap aku ngomong pasti bikin sakit hati atau tersinggung karna ucapanku.",senang
"Tapi kami muslim takkan pernah mundur jika kalian terus memusuhi kami. Tapi sebelum itu, ingatlah kejadian yang lalu... Kami yakin jihad itu jalan mulia, jangan pernah melupakan, bahwa kami dengan senang hati mati dijalan yang lurus",senang
"Smoga ujian kmu lancr yahh, dan bisa masuk PTN dngn jalur Undangan biar mudah dan bangga juga, tpi dngn jalur apapun smoga kmu bisa masuk PTN yg kmu suka",senang
"idem, saya juga kecebong kalau kata si kampret waktu pilpres kemarin tapi kecewa pas sudah jadi presiden, sudah sibuk bagi2 jatah kursi di pemerintahan ke parpol drpd urusin intoleransi ini yg menjadi-jadi",marah
Yok cuekin aja yok wkwk Cuman ya risih aja gitulo semakin marak 'konten' ini,jijik
"Hatiku? Ketawa tapi rada sakit. Gimana ya lucu aja bilang mau komitmen, udah malas pacaran tapi nyatanya jadian sm cewe lain dong seminggu kemudian. Hahahaha kecewa parah.",sedih
Aku kalo diginiin ko malah risih :v. Kalo bukan sapa2. Kalo pacar beda lagi,jijik
"So the time jelmaan tu dah sampai katil, plus minda aku duk terfikir aku dah 'tak hidup', panik berbuak2, Aku usaha bukakkan mata luas2. Finally i get control of my own body. Dan masa tu tiba2 rapid breathing n heart pumping like crazy. Alhamdulillah syukur masih hidup..",takut
"Pengen tu hidup kek drama gitu,ceritanya dah lama nggak ketemu,pas ketemu terpesona satu sama lainnya",terkejut
Di kantor disemprotkan ke seluruh badan. Risih. Pengenalan nolak tapi wajib. Sampe rumah lepas baju langsung mandi keramas.,jijik
Selalu harap harap cemas kalo denger kata mutasi,takut
"Kak aneeessss aku seneng bgt samaaa tweet kaka!! Makasih banyak ya kak udh jd temen ak, maapin klo ak kadanga nmannyong apa risih gitu hiks sedihh:"")",senang
"Tetep semangat ka, jan gugup terus sidangnya diberi kemudahan dan diberi kelancaran, nilainya memuaskan dan bisa banggakan ortunya serta bangtan :3",senang
"Emberr, dehse pastiles muak mendengar suara pales si cinlau",senang
"Selanjutnya hanya terdengar bunyi .. .. .. pertanda sambungan telepon berakhir. Ia hanya mampu menghela nafas. Jika harus jujur, terbesit rasa khawatir juga gugup jika harus berhadapan dengan anak-anak siswa menengah atas.",senang
"Jarang bah sy benci org ni, tapi tiap kali nampak muka si PU TAHI ni sy betul2 mau tumbuk oh.",marah
Mulai takut dia,takut
Wkwkkw.. alternatif saat takut keluar rumah karena virus corona,takut
"Semua bisa nder, cuman klo yg udh fasih bgt yeonjun, tae, sama kamal Kamal karna dia gugup kadang dia kaya kagok gitu paa ngomong wkwk",takut
Ga peduli. Ga bakalan bisa haha hihi di depan padahal muak di dalam.,senang
"perkara percintaan yg bener2 basi, muak. jd ceritain kronologinya dr gue putus terakhir aja ya? jd pas utul ugm sekitaran juli 2019 gue putus for somereason yg bener bener gajelas. dulu, mantan gue seposesif itu sih. masa iya, gue gaboleh berteman sama cowok?dia sebaliknya,cape.",sedih
"Itu diatas titit banyak uratnya anjing, ngeri mah",takut
"Kalau dibandingkan Melayu ndgn bangsa lain aku bangga dilahirkan dlm melayu. Seburuk buruk bangsaku tidak menganiayah bangsa lain sewenang wenangnya, bangsa Melayu berjaya memertabatkan Islam seadanya. Kalau kau jumpa yg teruk2 itu hanyalah ndlm lingkaran hidupmu. Tidak mengambar",senang
gue aja bacanya risih,jijik
Aku klo dikasih dg senang hati dan lapang dada menerima,senang
"sampe kpn pak de ini spt ini trus,ayolah pak bkn wktny pencitraan spt ini, rakyat udh sengsara, masak ga ad empati sedikit pun kerakyat",sedih
"Lalu hr ini kamu dm aku. Wah masih inget ternyata. Atau kamu lagi kesepian makanya dm aku. Ah maaf sebenernya aku g pengen berburuk sangka. Tp ya aku cuma kesal, sedikit.",sedih
Syukur jadi gua bisa memuji diri sendiri,senang
Minhyun stalker emang jirrrrr dia tau kita semaleman kesal dan resah,takut
Tak pegangin astaga. Biar ga guling mesinnya. Takut banget tuh mesin bisa guling,takut
taukan sekarang gimana rasanya cemas,takut
Dor! Gaes kalian sekarang jadi waspada ga sih belanja online gegara C0v1d ini? Kok gue takut ya wkwk,takut
Ya .. mbak takut ketemu mas poci Nggaaaaaa. Jawab Hanum kesal. Angga juga takut mbak! Bodo amat. Pokoknya bangun anterin mbak ke kamar mandi sekarang juga! Hanum menyeret Angga setengah paksa. Tak sia-sia ia belajar taekwondo dari SMA. Kekuatannya mampu membuat adik-,takut
cowo cowo gabisa tahan ya kalo sange ckckck ngeri bgt ngajak ngajak,takut
Kecewa benda biasa. Nangis dalam diam benda biasa. Terluka sendiri benda biasa. Dan semuanya dah terbiasa,sedih
"* Chenle: Bener, Jaemin ssi.. sangat gu ah? Jeno ssi sangat gugup",senang
Cewek ga bisa marah karena dia sayang. Tapi sekalinya dia marah bukan berarti dia ga sayang. Kadang dia marah karena udah terlalu lelah. :'),senang
Kalo bagian itu mah standart Level noob Tersinggung nya cuma dibilang alay sama orang yang foto profilnya gituu Menyakitkan lohh Aslii,marah
"terpesona, ku pada pandangan pertamaa~",terkejut
Penat mengharap,jijik
"Dulu cinta bet duetnya vincent desta. Makin lama diikutin, vincent bikin terpesona terus astaganagah",senang
"Bagaimana, baik-baik sajakah kamu ? Gadis penganggu itu, apa perlu kutangani. Risih, menyebalkan. Aku lebih suka senyummu yang menenangkan. Sudah, jangan terlalu diperhatikan. Ingat, disini ada aku. Aku akan selalu jadi sandaranmu, buatlah kisah denganku. Bagaimana keputusanmu?",senang
Aku tersinggung eg asu :v,marah
Pansus. : Perjuangan Panja. : Dagelan Mereka Tak mau Berjuang tegakkan kebenaran mrk hanya mau Dagelan lindungi rezim korup. Selamat Dagelan disenayan rakyat sdh muak padamu.,senang
"Setuju utk seojun Gue jg ceweknya lebih ngefeel Seolhyun, tp gue takut dia di judge klo ada apa2 Utk suho, Jin BTS tuh mukanya mirip deh....",senang
semoga sengsara di awal bahagia diahir..aamiin,senang
"Weh aku juga pas manggil mas ke orang, dia juga kaya yang tersinggung gt gatau kenapa",sedih
"ana braniin nglaporin ke wali klsny,, eh pas ana k kantin tau""ny mreka sma tmen skelas dah ngmpul aj bkin acra buat mrahin ana smpe"" udh ad yg bwa potongan bmbugk ngrti ana kan ngbelain mreka, tpi ko mreka mlah ikutn murka jg, tpi untungny dtng guru Pjkrgjdi dimarahin deh",marah
"Anjeng. Jangan tersinggung ya, emang bukan yang pas. Gue lebih gasuka kalian di sindir. Jadi gue tegur",marah
Smpai penat la..smpai dh x terkeluar air mata tpi hati menagis like termenung..and then pling penat msa x boleh tidur(insomnia) pejam mata ada ja bnda2 buruk terfikir 3 or 4 pgi bru tidur..and tiap2 hari mimpi org yg sma..sedih..sedih sngt2 masa tu..masa tu la,sedih
"Megahnya bercakap. Tuhan uji beza beza ye. Huh Sibaik la time aku break dulu walaupun insomnia, termenung hari2, berendam air mata, result drop sikit, masih dean every sem, syukur sebab lecturer aku tak belittle aku macam dia buat skrg ni",senang
Hanya kesal dan kecewa. Dia bilang apa.. Terus dia nglakuin apa,sedih
"Suka heran sama orang-orang yang baru putus trus lansung dapat yang baru, mana cantik-cantik lagi Kok bisa ya, Apa itu yang dinamakan fakboi ?",terkejut
"Sejak itu, ia memutuskan untuk tidak pernah lagi melangakahkan kakinya ke mesjid. Malamnya, ia pergi ke cafe/bar masih merasa gugup dan terguncang, ia tidak sengaja menumpahkan minumannya di meja.",sedih
Awww aku terkejut serius segitu termasuk hemat bgt?????,terkejut
"ambil dah, muak bgt gue",jijik
"Prestasinya naikan iuran bpjs, dan bikin rakyat tambah sengsara.",sedih
Asal kamunya juga senang,senang
"Abis ngecek salah satu aplikasi buat belanja online dan terkejut. Harga masker 30k/box. Oke, beli deh gapapa masih make sense harganya. Pas mau di checkout dan cek ongkir, 850k. Ongkir doang. Monmaap ni ya, itu pengiriman darimana? Pluto?",terkejut
"Aku nih udah cemas, takut skripsi banyak revisian",takut
Gimana klo ada guru yang suka makan jam pelajaran lain? Ngeri gurunya ya ga makan nasi lagi,takut
Udara dingin tuh bisa gw nikmatin betul2 sebelum nikah sih. Kalo udah kenal kawin mah maunya di rumah aja. Heran deh. Hahahaha salam dari laki2 yg ga kenal seks sblm nikah. Pengembaraanku berhenti stlh kawin. Xiixixixi,senang
"Menurut aku sih, lebih kesal ketika mereka yang omongin kita di blkg. Karna,jika mereka yg di maksud kan 'teman' itu ngomongin kita di blkg, dan kita tau kburukan teman kita yg ngomongin di blkg itu dari orang lain, bukan kah kita kecewa sekaligus benci? Setidaknya, lebih baik...",senang
Benci gw setiap wat nyanyi pasti di akhir lirik matanya natap si tine.. ckckck Beruntung bgt lu tineeeee,senang
"kan,hmmm tak sabar plus penat plus nk ada duit",senang
"bangga donggg, udh bisa bikin kelompok drumband nih wkwkwk",senang
"Si ezol blm plng"" q mlh mimpi aneh bgt y Allah.. da yg mayat tiba"" bangun trs mnt maaf sm ibu bpk da yg iwan udh plng mlh q gk ketemu sm Ezol lg da yg q marai ezol trs ezol marah dan pergi dr rumah q.q kejar udh gk bs da yg q udh menikah sm org trs ezol slh phm blok semua akun q",takut
nanti nadip terpesona,terkejut
"Menurut aku sih, lebih kesal ketika mereka yang omongin kita di blkg. Karna,jika mereka yg di maksud kan 'teman' itu ngomongin kita di blkg, dan kita tau kburukan teman kita yg ngomongin di blkg itu dari orang lain, bukan kah kita kecewa sekaligus benci? Setidaknya, lebih baik...",sedih
Woy gugup,takut
Syukur alhamdulillah smoga lolos ucl musim depan dan optimis tetep di puncak klasemen,senang
Lama lama makan muak,jijik
"bila lagi nak larang penggunaan lori uzur di jalanraya, rakyat lain sengsara hadap jam setiap hari. Business owners saja Nak kaut untung dan hidup senang, rakyat lain susah tak pa.",sedih
terlampau penat sampai tak tau nak pura pura okay macam mana dah,jijik
Duka daya ne sai dai idan photoshop kikayi kika turo mishi,takut
iya emg cuman kan dari sekian banyak anak nct yg dipilih tuh jeno. that's why kita bangga sama dia,senang
"mau nahan juga malah jadi nyakitin diri sendiri gasii hmm gimana ya, b aja sih cuma kalo udah keseringan bgtbgtbgt risih liatnya. 16",jijik
mon maap kalo w diginiin risih.,jijik
"Lucu bgt sih kalo kecewa gini aku, haha",terkejut
"OH... WOW.. AKU.TERKEJUT PERCAYA GA SI W NGOMONG ""GILA GILA GILA GILA 99+"" literally di ulang ulang wkwkwkkw",terkejut
"liat profil twttr nya piatek mas.... agak kecewa sih cuma mo gmn lg, setelah ganti nomer punggung jd bapuk",sedih
weh ani je tak penat weh hahahaahsha,jijik
Udah sabar dari dulu.. Muak,senang
Kok bisa gitu ya wkwkwk ato mungkin dia gugup?,takut
"Ya bayangin lah kamu punya bias dikatain plastik, atau dikatain jelek. Mau gak? Yaudah, kalau dari awal kamu nggak ngomong aneh2 pasti kamu gaakan diginiin. Aku juga tersinggung kalo hobiku dijelekin orang. Memang dia ngomongnya kasar itu ga boleh, tapi dari km harus introspeksi.",marah
takut cicak. gw juga bakal takut kalo satu ruangan sama cicak,takut
Iyaaa ternyata beomie ke backstage ngobatin luka dia Sebenarny gue pribadi dari tadi emang khawatir juga cuma tetep thinking positive trus ingetin moa yg lain Tp naluri seorang ibu(?) selalu benar wkwk ternyata beomie kenapa2 Syukur lah cuma luka kecil,senang
Sedih aku bukannya streaming eh ada yg download mv mas kapas,sedih
"Hari ini aku dapet kabar pengumuman nama-nama siswa yang terdaftar di SNMPTN 2020. Dan setelah aku cek di laman web nya, ternyata namaku gak ada. Aku nangis sejadi-jadinya saking kecewa berat akan hal itu. Ternyata otakku gak setinggi itu ya :""(",takut
Esokla pantek sksksksk mok tido aku penat HAHAHAHAAH,jijik
Kadang syukur,senang
belom berani ber iklan sih takut boncos :'),takut
"Prnh ketemu org tatoan di gereja gatau si gereja mana (yg jelas bukan gereja w) cowo cakep tatonya lumayan banyak di tgn, trs w lgsg yg kaya terpesona gtu bukan karena cakepnya asli tp karena dia tatoan dan g malu ke gereja huhu maw bgt....",takut
"eh gue nemu miranda versi gede nih, kemarin gue pake puas banget anjrit parahhh",senang
Tandanya dia kecewa dengan diri dia sebab tak mampu bagi kasih sayang yang yg secukupnya dkt org yg dia cinta,sedih
Takut projek hilang kot,takut
So true my crush already have a gf but bila jumpa dia yaallah perasaan suka tu masih ada penat dibuang,sedih
"Kataku dua bulan lalu, padahal ngeliat member sendiri-sendiri dan buat group baru aja udah ga sanggup dan langsung galau. Salah ga sih aku berharap X1 jadi utuh lagi? Sedih",sedih
Aku banget gugup dikit juga bawaannya pengen stay di toilet,takut
"Karna kalo kamu menahan nangis takut kejadian kaya aku. Kasian dirimu bisa di benci org lain, kasian nanti kamu gak ada temennya, kasian kamu juga nanti di omongin tetangga, kasian kamu juga di musuhin satu rumah. Jangan kaya aku yah. Semoga menjadi pelajaran",takut
yasssssssss. muak dah,jijik
"PLISS GAISS JGN DIKASIH PANGGUNG, APALAGI DI DM DM KEK YG KMRN TU JINGAN JUANCO ASU JANGAN KASI PANGGUNG PAHAM KAGA DUH GUSTI AK MURKA",marah
Katanya nyokap tau yg terbaik pih. Tp sedangkan bokap gue aja ngebalikin lagi ke gue. Gamau kesel tapi gimana yaallah tiap taun kejadian mulu kayak begini. Udh 2 taun muak juga sama bahasan nikah jodoh taaruf dll,senang
"PERNAH DIPUTUSIN GEGARA TEMEN COWO NGEBALES STORY IG ""EH SIA TIIRAHA RESEP KOPI"" DOI LANGSUNG MURKA DAN AING GA NYESEL NGEIYAIN PAS DIA BILANG PUTUS.",marah
Terkejut dengan kemunculan figuran pada ending itaewon class,terkejut
Puas hati gila dengaq dato rizalman beletiaq kat depa2 tuh dengan loghat utara. Biaq padan muka depa. Baru ada akai. Sengap pa masing2 pasni,senang
"Sebenarnya aku adalah tipe orang yang mageran jika tak ada alasan yang jelas untuk pergi ke suatu tempat. Pada awalnya aku berniat menolaknya. Namun Rey bilang dia ingin menembak seseorang. Sebagai teman, aku senang dan ingin membantunya sebisaku.",senang
"awalnya risih diliatin trs, pas tau auto uwuuu",senang
"g harus, risih lah. tapi tergantung orgnya.",senang
"Wqwq gak apa kokkkk, ngeri aja ketawan kalo mau nyepik lalaki",takut
Dengan senang hati,senang
"Kelebihan gua : Dulu gua gak suka tuh sama yang namanya Bowo yang tiktokan, dan sampe sekarang booming gua ttp gak tertarik. Tapi banyak yang maenin sampe cowo melet melet lidahnya sambil tiktokan. cuma pen bilang, Gak pantes lu KNTL!!! JIJIK, ALAY!! Maap ngegas",senang
astagfirullah maap kasar abis kesal,marah
lebih baik diyam kalian yaaa atau saya murka,marah
"Lagi beresin lemari, nemu diary jaman2 awal masuk kuliah, ngakak dan geli2 jijik gimana gitu bacanya wqwq",jijik
Hm kecewa laa hati ni,sedih
"yaelah cupu lo, mainnya lewat base, sini maju lo, biar dimusnahin sama sedunia twitter. heran gue manusia sampah kayak lo ada di dunia. cih",jijik
Sebagai yang fanatik bola saya merasa tersinggung,marah
"Alhamdulillah Mbak Syantik..... W0ng Nd3So ma emang MissQueen Tapi tak membuat MissQuenn Pemahaman.... Heheheee Separah2x Pak Jokowi,,,, Bliau Presiden 2 Priode n Ane Gak Nyesel Milih Bliau... Mba'e Dua X Salah Plih n 2x Kalah.... Masih BanGga dan Bahagia.....",senang
"Harus tetep bikin anak comfort sm kita (guru) adalah hal terpenting utk tenaga pendidik. Ambil hati nya,maka ia akan mendengarkan segala ucapan dari mu Thats true , sy udh ngerasain.. 3 tahun berdiri di Dunia pendidikan ini banyak sekali suka duka nya.. Mulai dari anak &amp; ortunya",senang
Maaf nak cakap.. Tapi kita patut lihat apa yang ditegur bukan siapa yang menegur.. Sorry kalau tersinggung,sedih
"Segalanya di ributin, sampe heran akutu. Emg dia ngerti ga alasan kenapa kita di panggil rumput? Kita fandomya warna ijo bgtu kan?",terkejut
"Bener. Ada temenku yg bagiku udah berubah. Gak kayak dulu, awalnya sedih, kezel, kecewa, tp ya mau gimana, masa dipaksa sama terus kan gak mgkn. Pdhl bs jd aku jg udh beda di mata mereka",sedih
gun ketawanya puas banget pas ada yg teriak 'phi rhun sarangheyo',senang
IYA BANG MARAHIN ISH KESAL KALI AKU EMANG SI IPUL PANTEK,marah
Jijik anjirrr,jijik
[mrasa kesal],marah
"Nampak nya korang semua masih mentah, masih bocah. Masih belum kenal apa itu kari ngeri.",takut
Janji jiwa sek mgkn wkw ya kita gatau kan ada yg tersinggung ga kl ngasih2,senang
Klik link yutup nya gaes! Kali aja terpesona,terkejut
Pekanbaru Terpesona sama suaranya,terkejut
Tidur mimpi mesen burger sama sundae pas mau makan malah bngun sedih,terkejut
Dia jd bgtu.. awalnya pp mm g tau bgimana aku hrs brthan slma berthun2 bgini sndirian.. mm pp pun sdh g mau aku berurusan lg dn NP wlau bbrp kli skretaris ny mghbgi. Aku cukup kecewa aku ga bisa melanjutkan s2 ku tapi ternyata Tuhan punya rencana yg lebih baik..,senang
"Makin ngeri aja Liat berita,sama ngerinya tidak kerja saat ini",takut
"itu simbol negara, saya mantan paskibra sangat sedih melihat itu, bahkan murka.",marah
"Gue Bangga banget bisa kenal . Dari dulu sampai sekarang tetap follback gue meski berkali gue tumbang . Maaf kalau yg lain masih suka pilihan , tapi gak semuanya juga begitu . Salam Hormat bang Teman yang sesungguhnya.",senang
"Jangan bosan menghadapiku, maafkan aku jika sering membuatmu sedih kesal marah dan jangan pernah menyesal untuk mencintaiku",sedih
Entah apa yang aku rasain sekarang. Kangen kesel benci keluh kesah semuanya campur jadi satu dihati.,marah
pengen gw anterin ki tapi ngeri kalo situ bersin,takut
Cwo yg diem juga tetep ngeri,takut
terkejut ak terheran heran,terkejut
Bangga bgt,senang
Lagu lama di putar2 malu uang rakyat buat gaji dirimu.....wahai kpk,marah
giliran nu piduiteun anyiiing tanpa malunya konfirmasi berkontrivbusi dlm penbuatan lagu. siateh gimanapun juga ujungnya mah tetep manpaatin diakan? kalo hanbin milih keluar sendiri aing ge ga baklan murka,marah
dan dia akhirmya terpesona sm mark wkwk,terkejut
"Mau nonton tell me what you saw, tapi rada takut gitu.. katanya mirip voice ? lah gue nnton voice cuma sampai 3 episode gara2 parno agak ngeri sendiri jadinya nnton drama ocn, soalnya dramanya udah kayak movie,terasa nyata",senang
Manusia paling kotor..... Jijik liat mukanya...,jijik
"Misii numpang ngakak,,huahaaa,,puas lo sukurin",senang
"Nampak simple je kan sebarkan pasal bazar? tapi berpuluh ribu peniaga kecil bazar confirm terkejut &amp; panic kalau baca benda ni, gila betul",marah
Mutualan aja syukur aw,senang
"Peletku dahsyat juga ya ternyata, semua cewek bisa terpesona. Jadi bangga",senang
Ampun mas ampooon... Gajadi dah saya yg ngeri malah...,takut
"Dikira Cuma Hubungan Menantu dan Ibu Mertua, Ternyata Diam-diam 2 Orang Ini Telah Melahirkan Seorang Anak, Hati Siapa Tak Murka?",marah
kalo aku bangga dan jadiin motivasi juga,senang
[Merasa kesal] pen banting meja,marah
"Laah knp heran? Kan buatan Dimata sipit kadal..dah biasa itu. Yg justru heran adl, kok masih setia aja bisnis ma mrk",senang
Persib ga kalah ngeri juga mang,takut
"Dan silent moment happened. Awkward gilaa sumpah. Tapi acah2 lah berlakon tak kenal each other cehhh. Tapi bab terkejut tu memang tak boleh nak cover. Fuhh tenang kan diri jap dengan pandang orang kiri kanan. Dia pun amik pemadam, cuci dekat cip tu. ""Cip ni kotor ni"" kata beliau",senang
Apa yang Ada di otak cewek perusak hubungan orang? Heran gua Apa emng gak ada otak? Yg ngebantuin biar jadian apalagi,marah
ME TOO! paling benci digedor kalo lagi di kamar mandi hhhhhhhhhhhhhhhhhhh,marah
Mbae tersinggung wkwk,marah
biar kaya di wpwp gitu ya [aww malu bgtt],takut
"Kau adalah jiwa paling berkemungkinan besar memberi saya rasa kecewa. Serta, kau adalah jiwa paling berkesempatan memberi saya rasa harap.",sedih
Seperti itu bikin malu az tuh yg nyinyir ke pa anies,sedih
"... dikurangi jika keadaan si pemilik tubuh stabil. Ia mengatakan hal itu dengan penuh perhitungan, karena takut mengatakan hal yang salah juga karena ingin membantu keadaan si pasien yang tidak ingin dibawa ...",takut
Dia gugup,takut
suda muak huhu,jijik
Gw dulu sekali konseling 500rb tapi ngerasa puas karna mental gw bisa sehat lagi ampe skrg,senang
Kecewa biasa . Santuy aja kali akh. Tau gak sih jalanan itu tmpt yg unik lu bisa jumpa org dri mana aja yg gak lu tau. Mana tau jodoh lu ada diantar org2 yg pernah lu jumpai dijalanan kn wkwkw,terkejut
"Ngirim lewat DM anjir ngeri bgt kan, udh gue suruh putusin aja. Alhamdulillah temen gue nurut. Karna temen gue udh bener muak. Soal nya si cowok ini tiap berantem pasti jln sama cewek lain. Nah ini udh puncak nya .",takut
Siklus gajian Gajian - belanja - bayar cicilan - makan Dan ngopi santuy - mulai kaget- mulai cemas Mulai berharap gajian lagii,senang
Kesal gue. Mereka fans apa iblis yah,marah
gabisa aku gamau ya km salah paham trs. mending diomongin enak enakan aja [mrasa kesal] [tp ttp sabar],marah
"keluarga lagi, aku ngga bisa, kadang bunda atau bibi becandain aku, biasanya aku bakal respon, sekarang aku cuma bakal senyum tanpa ngomong apapun. Sebegitu kecewanya ya, kecewa ternyata juga bisa di akibatkan oleh keluarga.",marah
"pas dianya suka balik, aku ga suka lagi ke dia, malah jijik astaghfirullah",jijik
Mgkn dia sewot krn bagian dr kelompok yg suka merampok uang rakyat.... Mosok 100 hari perampokan2 BUMN semakin ugal2an lbh ngeri dr sby.... Usut tuntas dana pilpres jokowi... BUMN jagan dijadikan korban utk kemenengan dan kekuasaan.,marah
Syukur nikmat,senang
"Ngeri kan kalo misalnya mau beli kebutuhan pokok dilarang, kita ngelawan, habislah kita.",takut
Di Eropa sini gw perhatikan sayurannya banyak yg diimpor dari Afrika. Gak tau karena emang lebih murah atau karena pemerintahnya malas dan gak pro rakyat. Maklum Uni Eropa adalah organisasi pro elit. Sering kecewa lihat sayuran yg mesti diimpor dari jauh. Polusi &amp; gak pro lokal.,sedih
"Udah 2020 masi ada yg ngomong2 cebong kampret, heran",terkejut
Wah ngeri mas . Malah samaoyo grantes keno kuwi,takut
Serius ada yang langsung report gitu? Wah jadi takut GA lagi .-.,terkejut
Aku terima makanannya.. Tapi masih murka,marah
"Parah, tidak ada sama sekali membela kepentingan rakyat, dgn kayak gini makin sengsara rakyat, bisa banyak yang di ciduk nanti dgn dasar uu ini",sedih
"Plus, I'm not good looking pun, korang duk try2 abg last2 bila tgk abg face to face korang kecewa. Ah sudah, maleh aku. The point is: I'm not looking for a relationship. Nak notty2 sikit tu maybe boleh la, tapi I'm not gonna invest perasaan/hati dan masa sbb abg dah puas kecewa.",senang
Negara takut bertindak,takut
Ga kebayang kalo injun murka,takut
"Betul. Setuju sama masnya. Saya juga kpopers dan saya ga ngerasa disenggol ko. Toh emang bener kalo bias saya dikatain sama pacar, pasti saya tersinggung.",senang
"Kesal karena menggangu saat jam rush hour itu sih, kenapa ga berangkat dari pagi",marah
"5. ak anak bontot, alyas anak yg sering disuru suru mulu ma kakaknya hnggg kesal",senang
Saya follow Desa dan u guys punye story line.... And this recent post make me feel...... Urghhhh.... So sad. Bukan mudah nak melepaskan dia pergi begitu sahaja slps byk up story suka duka dgn meow tercinta *am i crying..... Ohhh shut up*,sedih
"Heran, klo masuk kerja pasti dada nya sakit, kmaren stay di rumah gk knpa napa..",terkejut
"Yauda woles aja dit. Gw cina &amp; gw ga tersinggung sm sekali kok dgn twit2 lama lu. Semua orang bs salah di masa lalu &amp; itu yg menjadikan lo jd sosok yg lebih baik skrg. Black widow said ""I don't judge people by their worst mistakes"". Gw tetep pengagum karya2 lu dit. Keep it up",senang
saya kesal berbicara sama anda.,marah
Aku jugak benci kacang di bubur ayam.,marah
"Aku benci betul bila tengah syok otak sedap tiba2 kau tak happy, macam hey apa aku kena buat? Surely aku kena tolong kau but hey, wtf man dia bukan bini kau?? Tapi dia kawan kau man, manusia pula tu! Wajib tolong lah kan?? Arghhh aku just nak tidur je pun!! Tapi dia pun kan??",marah
"Saya bangga dng warga surabaya bisa mengolah sampah jadi energy, beda dng warga jakarta mengolah SAMPAH jadi GEBRENER ....keren lah warga jakarta.. Samlah ya sampah",senang
melihat ftku di hpe lama membuat ak jijik,jijik
Dreamies beneran kaya bocah tk yg kalo mau manggung dikasih mainan gambar gambaran biar ga gugup atau bosen di Backstage,takut
aku syak ada heart attack ni. terkejut tiba2 myvi tu masuk kiri,terkejut
"emang sih, gw juga terpesona",terkejut
"Pak, pernah gasi Bapak ngerasa di mana lagi masa2 ga enak badan, nah itu tuh ga enak bgt buat ke kantor, belom lagi kalo nanti pusing, penat, ngerjainya pun jadi ga maksimal Pak, gimana kalo saya izin aja hari ini. Yakan",sedih
"Lama2 aku muak bgt bud sama oknum2 kek gitu sumpah eneg bgt rasanya malah benci bgt bukankah mereka2 ngelakuin kek gitu bikin image agamanya jadi buruk dimata penganut lain, ya sumpah lama2 ni negri ini pada bubar klo lama2 pada mabok agama gini",marah
Makin muak dengan tingkah,marah
Penat lah aku tengok orang sweet ni.,jijik
Makan sekali dah muak,jijik
Org xpernah puas hati biasalah.,senang
"Sedih gk sih, nyawa melayang2 Hanya krn jokes . Disisi lain banyak nyawa berjatuhan krn misi kemanusiaan, perjuangan melawan penyakit, perjuangan memperoleh hak Dan kesetaraan.",sedih
Gugup tak bergerak,takut
"Heran aku sama orang-orang yang minta skripsi dihapus, gatau aja gimana rasa niqmat dan lega nya pas skripsi dah kelar. Lagian kau kuliah dengan ga tamat tepat waktu juga ga menjadikan kau hina, kuliah tamat tepat waktu juga ga menjamin banyak/sedikit ilmu yang kau dapat.",terkejut
"Nyesek dipendem, kangen dipendem, cemburu juga dipendem, kecewa dipendem, bahkan nangis juga dipendem..sampe sakit dada :')",sedih
Good luck and all the best Sofyan. Bangga dengan anak muda macam kau yang showcase talent sendiri ke persada dunia.,senang
Misal: Hope = Aku ingin kinan rajin membaca Kenyataan : 1. kinan bisa mau bisa nolak 2. Kinan nolak aku stres karna ga sesuai hope Trus aku kudu menyerah saja. Ngikut aja daah kin. Ga usah belajar literasi2. Kinan baca syukur . Ga pun gpp. Gitu kah?,senang
"Udh tau dark jokes malah minta empati lagi, goblog, tau arti dark jokes ga si? Heran bgt heran nih gue mah aslii da da daa wkwkwk",terkejut
gue heran se bucin ini w sama akashi aksdkfhskdj udah re watch kurobas s1-3 7x mana nonton last game berkali kali lebih dari 10x dah,terkejut
"Kesal cri , yang udah mah udah, nanti ada T baru juga lu gabakalan dukung",marah
"so point dia kat sini, perangai babi ke, muka comel ke, fake friends ke, toxic people ke, yang paling jijik sekarang orang yang senang percaya dengan fitnah &amp; batu api ni, aiyoooo downgrade main facebook jela",marah
"seriously before this i took corona for granted, but now it hurts. adu domba dimna"", ksulitan eknomi, sntimen"" ngtif ngalir trus, ihsg anjlok, death, phk, no-job, menengah pasrah, bawah sengsara, yg atas jg ga lbh bgus. kita semua kena dampaknya kok, dont take it personal.",marah
"Apa lgi yg bner"" mngerti kita dlm susah maupun senang",senang
jijik banget gua sama cewek halu kebangetan trs liat cogan dikit uwawuwaw sampe usik rlnya,jijik
Bener wkwk got kecewa endingnya zam,sedih
Aku tertipu oleh parasmu duhai juliaa,jijik
Iyaaaa kaakk... Kalo kebanyakan cabe gitu.. kalo cuma jadi melilit mules masih mending.. Kalo perut kakak panas itu yang ngeri menyiksa,takut
"Foto jepret sendiri, ngedit slogan sendiri bangga banget gue",senang
Fuh puas hahahahahaha,senang
huftttt aku gugup.,takut
Beler selalu heran dah gue wkwkk,terkejut
Emoticon admin sm town pleaseee gua murka bgt kalo liat emot itu gtau kenapa. Eh tapi kalo mo ngirim gua ke korut gpp ada kapten ryu,marah
"walaupun agak sedikit kecewa karena turun, tp gapapa. insyaallah aku ikhlas, karena emg susah ngehadepin bipolarku. belum terbiasa jadi ngerasa aneh sama diri sendiri. intinya tetap semangat. terus optimis dan berdoa semoga Allah dan Semesta mengijinkan.",sedih
Lagi jalan ketemu arwin Sariminnya lgi beli mangga Ciee yang dapet Membuatku semaqin bangga uwu,senang
Nahh.... ngeri kan...ujung2nya rakyat jg yang kena..,takut
"Sudah berapa kali kecewa --tak sesuai mimpi dan rencana-- Sudah berapa kali lelah dan ingin berhenti --musnah tak terlaksana-- Sudah berapa lama kau memendam itu semua tanpa ada perubahan nyata, ((Yang membuat kami berair mata)) Tak lelahkah menerka tanpa kata? *Numpang bib wkw",sedih
"Ku dari awal debut suka sih.. cuman ya gitu,sekarang kecewa aja sama fansnya.",sedih
Tgk lah gambar saya pasti mimpi ngeri,takut
"taktahu lah kenapa tapi tetiba teringat, nak prank aimie sebab dia cakap besar sangat kata tak takut hantu. At last, farisha yang menangis sebab terkejut sangat",takut
font: bebas asal bkn comic sans. bpk muak,senang
syukur la aku tkpernah miss reply chat kau hahaha,senang
Pasti oppa! Doain aja ya hehe Wiiii syukur kalau baik teruss,senang
HAHAHAHAHAHA dahla aku penat,jijik
"Short hair haha kemaren baru aja potong soalnya risih rambut di bawah bahu, tapi sebenernya pengen nyoba ranbut panjang biar kaya idol2",takut
"termasuk diri ini yang sangat emosi saat mengetahui dia bukan oppa2 :"" Jaman the unit gw capek bgt karena tertipu 2 kali. Gw kira Jun sama hangyul itu 94 an... TERNYATA 97 sama parah bgt 99 *tertipu atas asumsi sendiri*",senang
Yang gue benci dan keselin adalah kenapa dibuang kelaut terakhirnya. Laut bukan tempat sampah!,marah
Rasis bgt ya Allah Segera berikan mereka azabbbbb Kesal bangett,marah
"Penimbun masker ditunggu kabar baiknya, duka misalnya",jijik
"Risih lah, cringe bgt. Lu siapa gua anjir",jijik
Cin km sebagai CL luvers mengenali aku gk?? *jijik bgt sok mau dikenal,jijik
Walaupun kecewa tahun ini gagal dapet target 3 piala,sedih
"10 thn yg lalu twit di akun lama w sih isinya juga jijik banget, emang yg lain gagitu ya?",jijik
Ngeri banget,takut
"Terimakasih atas diriku karena mampu menerjang tiap badai, tiap anak panah masih sanggup kamu lawan. Terimakasih karena masih percaya padaku bahwa aku tidak semudah itu dikalahkan duka. Percayalah hati, lebih dari ini pernah kita lalui Terimakasih karena masih percaya itu !!!!!",senang
"aku tau kamu tidak akan pernah bisa membalas. aku tak apa, aku baik baik saja. ini sudah jalanku, mencintaimu sendirian selama 4 tahun merupakan perjalanan yg luar biasa. sedih senang pernah kita lalui sebagai sahabat terbaik saat itu. sehat sehat disana ya,",senang
"Lek aku wes murka nder, soale keluargaku lek liburan metu omah jarang2, tepak ngene maro gak dijak, suckit.",marah
Ngeri kalo hujan air panas,takut
kalo jijik si keterlaluan hha wong muntah jg karna dimasukin tytyd dia,jijik
"Hahahaha, kau punye jgn tunjuk mat. Warna bulu dgn kulit lebih kurang sama dahh. Jijik. Hahaha. Mat, bulan 2 nie aku plan nak ke Kedah, nak makan kueh tiaw yg top tuh. Pape nanti aku call ehh.",jijik
biasanya aku beli di shopee id nya marlimandar mau beli yg share in jar/full top semua selalu puas,senang
"Co, ngeri banget gak sih? Tanyain dong statusnya.",takut
Ya takutnya si Raja Baper tersinggung nti Sby Ngigau,sedih
"KO UDAHAN SIH VELL terkejut gue baru buka twit trus liat ini ga ikhlas cerita mereka tamat. Bakal kangen apa yg mereka lakuin dri awal smpe skrg. Pdhl pengen liat mereka tinggal serumah lagi terus ngapain aja, nikah, berantem lagi, sampe punya anak",senang
"dalam sebuah persahabatan,suka maupun duka,selalu setia",senang
Saya heran sma haters. Idupnya anyep banget apa ya kalau sehari kagak kritik orang. Julid mulu kerjaanya. Kagak bisa lihat orang tenang. Bawanya ngjak perang mulu. Yg parah udh ngetag ngetag gitu,terkejut
gue takut kucing tapi pengen melihara kucing konflik internal,takut
"Balik lagi ke per-LDM-an, kalo diceritain suka duka nya panjaaaang bgt ya, tapi Alhamdulillah banyak banyak bgt suka nya hehe. Kalo dukanya, ada 2 momen yang bikin aku cengeng menghadapi LDM ini.",sedih
"hahahahahahahahah jangan lah begitu, malu do aku",takut
Kesal banget mau nyuci piring kran nya malah ga nyala. Pas lagi ga mau nyuci malah jalan.,marah
"Sungguh, bisa dibilang aku benci isi kepalaku saat ini, tentang pemikiran yang sebelumnya sudah aku iyakan malah jadi bumerang buat diri sendiri kenyataannya.",senang
"Hhhhh dia emang sosok yang patut dicontoh. Pengabdian dan manfaatnya tiada tara bagi manusia, tapi gue nggak sanggup Kar. Gue udah menimbang nimbang dengan seksama, gue nggak bisa jadi kayak dia. Maaf ya lo jangan kecewa",sedih
"Mereka kan ga tau malu,kalo malu maluin itu kelakuannya sdh.",jijik
"Orang yang suka ngeluh kaya gini tidak bersyukur akan hidupnya, selalu merasa paling sengsara, paling capek, paling berat beban hidupnya di dunia.",marah
saya bangga baper krn saya merasa satu darah dakam keimanan.. apa loe,marah
"Baru nonton traillernya aja udah bergidik ngeri apalagi nanti pas nonton dibioskopnya wah bisa"" suaraku kembali dikeroyok orang lagi hehe:v",takut
Biar nambah views aja sih setau aku. Aku aja yg kpop fans kdg risih sama yg suka begituan di berita pny org lain,senang
Sudah muak dengan perdramaan,jijik
sama jg gapernaa suka heran,terkejut
"ga maaf buat kali ini gue ingkar janji sama kyuhyun. muak anjir ditindas mulu, semakin didiemin semakin ngelunjak",senang
"Mungkin Allah ga murka, tpi semua bukanya sebab akibat ya. Seperti halnya iblis yg tdak patuh, akhirnya di buang ke netaka",jijik
Kekna jangan terkejut kalau adik buat ni dengan mak nanti,terkejut
"Udah jam 2 pagi baru mau pules baca ginian kok emosi ya,, SJ disalahin mulu,,di bilang grup om-om pula,,benci dh gw sama fans gen3,,LEBAY AMAT !!",marah
Huwaaa apakah aku harus bangga ini terimakasih miyeon wkwkwk,senang
Sajaegi palak bapak kau Allahuakbar emosi hamba liat tetangga sebelah kurang ajarnya tidak habis habis inget dulu siapa yg suka CAPER PETRUS jijik bgst,jijik
"Happy Birthday Adek! Maaf kalau selama ini gua belum bisa jadi kakak yang baik buat June. Maaf juga karna selalu buat June marah hahaha. Doa orang ganteng biasanya mah suka dijabah Allah ya. yaudah gua doain deh buat elu. ""SEMOGA SEMUA HAL BAIK SELALU MENGITARIMU JUNE. AMIN""",senang
"Heran sih, tweet orang pas umur 14th dianggap serius amat ama netijen",terkejut
"Pencitraan ....tapi presiden kesayangan Tuhan....mau bisa apa ? Apapun yg dia kerjakan walau bohong sekalipun tetap di sayang Tuhan , manusia bisa apa ? Kasus esmka aja ....terlihat jelas bohong , tetap saja Tuhan tak murka",marah
"Masih diancam sdh gugup, tremor dan grogi",takut
Marah yg paling marah yaitu udah dibiarin dan gapeduli.,marah
"Tiap orang bebas mengekspresikan kasih sayangnya, terserah mo gmn gaya pacarannya asal ttp pada norma yang berlaku ajaaa. Kalo udah ga sesuai norma susila yaaaa risih laaaaaa",senang
"Sbg orang yg benci politisi sjk orde reformasi di korupsi,sy melihat fajrul ini bukan aktifis murni sbg pejuang keadilan aplg rakyat,tp lbh pd eksistensi diri dan strata sosial scr personal,penjilat yg mahir",jijik
main game hilangkan sedih? kalau asyik kalah? masih seronok ke? baik main futsal. penat pun penat. balik terus tidur agahahahahaha,senang
Kayanya dia terpesona,terkejut
"Giliran galau aja cari , giliran senang lupa alias babi lu ri",senang
Pak..liat.kalian hanya 7 orang. Bikin repot ribuan orang di stasiun. Pak...pak jokowi itu pernah naik kereta ke bogor...gak nyusahin orang pak. Tapi kalian ber 7 ko nyusahin ribuan orang penumpang ya.. Anda itu terlalu.. Dikira bangga kali rakyat ngeliatnya. Hufff..,senang
seneng ngeliat harga omi lumayan tinggi di sini tapi tsuzuru mahal sendiri.... kok saya kesal ya,marah
Aku kesal tp mutual ku harus ikut kesal juga.,marah
"tiba2 keplay di apple music duluuu, dan penasaran trs nntn mv nya dannnnnnnn AK TERPESONA PANDANGAN PERTAMA HSHSHSH",terkejut
Cari kesibukan lah bgsd biar ga on twitter terus,marah
"terpesona hero dadakan. aku folllwoww dr tirta soal brand sepatu, yg lain2 menyesuaikan.",terkejut
[merasa jijik],jijik
Mereka tuh ramahnya kebangetan pas sungwoon menang aja mereka heboh coba aku bangga bgt sama mereka yg selalu rendah hati,senang
"Sumpah ak jijik banget mbe wong seng sok asik, sok2an mekso mangan iki iku, njijikki cok2. Mending nek kui barangmu, kui barange wong mbo tawak2e",jijik
takut mati.,takut
Thankyou bikin kesal dimalam hari.,marah
"Mana ada yg percaya lagi dgn rezim pendusta, rakyat sdh muak dgn segala dagelan yg dilakukan oleh begundal2 pembuat sengsara rakyat.",sedih
Merelakan dia bahagia meskipun tanpa bersama. Nyatanya aku tidak baik baik saja.,senang
Terkadang rasa kecewa yang mendalam disebabkan oleh harapan diri yang terlalu tinggi terhadap sesuatu~,sedih
Pengen ngobrol santai aja di teras rumah kayak anak perempuan lagi ngobrol sama bapaknya. Terus gak mau bahas yang berat2 ah.. Cuma pengen denger Pak Aris cerita gimana suka duka rasanya jadi murid pak Plato.,senang
Monsta X - All in terkejut-kejut diriku,senang
"Sabar ustaz,,, doakan saja manusia2 yg berperilaku seperti hewan itu kena azam Allah kerna telah makan uang2 rakyat sengsara",senang
Nangis Jijik Nangis Jijik Nangis Jijik Nangis Jijik Nangis Jijik Nangis Jijik Nangis Jijik Nangis Jijik Nangis Jijik Nangis Jijik Nangis Jijik Nangis Jijik,jijik
"""Bosan aku dengan penat Dan Enyah saja kau pekat Seperti berjelaga jika ku sendiri Pecahkan saja gelasnya biar ramai ...""",jijik
Aku nggak bisa negur pake bahasa yg baik enaknya gimana ya supaya nggak tersinggung juga -__-,senang
jujur ak gapd bgt guys benci bgt bikin ginian tuh tp yauda la kepalang namanya jg tugas akhir kursus,marah
Ih itu ya jijik sih kan dr kotoran hewN,jijik
"aku tdk modus, tp aku senang jiwa mam,,,,,,,,,,,",senang
Oh ye kee. Terkejut pulak jumpa kau.,terkejut
kok aku jdi takut juga ya,takut
Awwww [mrsa malu],takut
"rakyat mulai banyak yg berfikir, hampir semua lapisan masyarakat sdh muak sama org model elo bud Dari mulai yg ulama sampe yg ga punya agama udh muak melihat polah elu dan kawan2 elu bud....",senang
Njirr senjatanya ngeri,takut
"ada orang jahat ""ihhh dasar bejat banget orangnya, biarin aja pasti dia hidupnya bakal susah dan sengsara"" pas orangnya udah jadi lebih baik ""ih dasar sok baik banget, sini gua bongkar semua rahasia kejahatan lo dulu, JeJaK DiGiTaL KeJaM B0s"" terus maunya gimana?",marah
Air putih aja disemutin coba heran gua wkwk,terkejut
ngeri bgt tkut diserang ardhito garis keras,takut
Jijik syu,jijik
"Hmm ak tersinggung, karena ak masuk kategori yg nongkrong bertahun-tahun",marah
Harus aku liatin aku nangis tiap hari ? Harus aku liatin segala beban ? Benefit nya apa ? Simpati ? Aku tak butuh simpati munafik! Ini saja ku buat karena ku sudah muak dengan mulut2 mereka!,sedih
Teman Hidup : orang yang menemanimu dalam suka dan duka hingga akhir hayatmu,senang
Rumah aku itu kontrakan. Cmn ada 2 doang. Tiap hujan atau kotor dia atau suaminya mana mau bersihin lantai dpn rumahnya. Hii jijik aku.,jijik
"Kebahagiaan yang sebanyak ini, aku harap nanti nya tak ada duka yang menghampiri.",sedih
"Jujur, aku sbg penikmat vs korea enjoy aja lihatnya. Mungkin ada fans yg tersinggung . Tapi aku sngt menyayangkan pembuburan vs ini huhuu",marah
Apa setelah menulis itu sama sekali tidak ada dorongan untuk sembunyikan diri dari seluruh entitas di bumi?????????? Apkh tdk malu???????,jijik
Kelakuannya bikin gua murka mulu dah.,marah
"Kitorang tak benci kpop, kitorang benci fans ii dia, menyirap bodo aku",marah
"Ya gausa sampe ngatain juga kali, julid amat heran.",terkejut
Orang yg pemberani justru yang tak takut menempuh resiko kegagalan dan menanggung kesalahan. Pengecut itu pihak yg tak mau mencoba karena takut gagal,marah
"bodo nak mampos la haihhhh pastu kata heechul mention momo boleh affect momo wtf takde siapa pon benci momo sekarang ni, diorang je yang over yang burukkan keadaan",marah
"Memang betul, tp pemerintah tak mau ambil resiko,layaknya virus corona...ga semua warga wuhan terpapar virus, tp kalo situ tau ada warga wuhan di sebelah situ sendiri...bakal cabut juga, takut ketularan :v",takut
"Aku kini basah kuyup, memikirkan kita hingga gugup, yang beriringan namun tak membentuk.",takut
nana mirdad kalo ngaca terpesona sama muka sendiri g ya,terkejut
Anjay... aku tersinggung lho.. wkwkw,marah
"Bukannya gak mau nonton dad, tapi takut banget. Takut nangis, I'm not ready for it. Bisa bisa nangis kejer:')",takut
Itu hanyalah buat mengisi kekosongan hari ku yg penuh penat,sedih
"Yes Siti, orang Kedah. Oooo, jgn sebut rempah gilin Siti ooii, takut mati malam ni. Just kiddin. Rempah giling mmang best!! Rasa mcam nak blik la ni juga. Hahaha.",takut
Kalau emang jadi Beban Mundur saja Bang biar mentri lain pun semua yg g bisa kerja jgn Omdo mundur saja. Kasian Rakyat nunggu pemerintah bekerja mensejahtrakan Rakyat malah 6 tahun Rakyat makin sengsara,sedih
"Drama, psychopath diary. Tapi bagi aku cerita dia meleret sangat. Penat tunggu huhu",senang
"Selalu semangatin loui. Meskipun nggak dalam rupa tweet. Aku ykin mereka selalu ada buat loui. Mereka bakalan saling support. Intinya saya benar benar BANGGA sebangga bangganya sama loui. Please tetap jadi Louis Tomlinson yang tegar, fun, konyol, pokoknya jangan pernah berubah.",senang
"Pada jamannya properti jenis apartmen di 2012 sampe 2014 dgn range unit yang ""murah"" dijual/sewa, prostitusi dan sugar daddy lebih mudah buat transaksi.dulu mah risih (maap) sama orang asing asianya. Sekarang sama abg yang nyewa unitnya.gue di green pramuka __",senang
Baik nya bu Nicke mundur daripada hrs terseret kedalam rezim pendusta yg sengsara kan rakyat.,senang
"HAHAHHA APAANSI, padahal gua juga tiap hari ngatain orang WKSWKSWKS tp ingett guyss, cuma becanda yaaaa. Dan tweet ini juga becanda lohhhhh wkswks bukan curhat beneran !! bener bener ga ada maksud buay nyindir atau sok bijak, jd jgn tersinggung yaa! SELAMAT MALAM JUMAT GUYS",senang
"Guten tag, there is your unroll: Thread by : Selamat malam teman2. Usai penat dan padat seharian bekerja, saya ingin menemani dg twit ringan . Have a good day.",senang
"Hai nder terimakasih ya tapi plis siapa sih yg mau bawa penyakit, tolong kata2 nya sebagai fans dan sebagai orang yg merasa yg kamu sebut jujur aku tersinggung, gua datang ke indo cek semua badan dan sehat,sampai indo gua cek lagi sapai paru2 semua dan vaksin dan gua sehat,thx",marah
Terkejut saya ada stranger ws time ceni,terkejut
"Wkwk ngeri sampe mimisan gtu :"") tp film jepang memang selalu dibuat ada saat2 terakhir gtu kan wkwk",takut
Iyaaa kaan huhuhu asli takut bgt mau bimbingan,takut
"ga heran si kenapa followerku ga naik ternyata aku suka blokir org yg songong kalo di ajak jbjb ga prnah ngerespon, sok ngartis lagi..",terkejut
"Pengen punya anak, tapi aku tkt bahkan gmw nikah, takut jd toxic parents buat anakku nanti, i wouldn't do that",takut
"Pantes aja kalau ""yang pada di atas"" lagi murka wong kreak kreak kadunyan isine lak mung paduuuuuu ae sampe dulure dewe diuntal. Iki mengko nek derr tenan yo salahmu dewe, rausah nyalahke liyan wong koe sing marahi liyan rekasan.",marah
"Tertipu dengan retorikamu, pesonamu, dan janji2 manismu wahai bapak yg pernah datang ke tempatku berkuliah ketika awal semester.",jijik
Takut karena ada apa2nya ..,takut
Ingin rasanya kembali menjadi anak kecil nga pernah ngalamin momen senang kembali kecuali ketika waktu sd dan cuma masa masa sekolah masa masa indah terjadi,senang
"Kating nya beneran julid kak ? Kirain becanda Wah heran nya cowo kok lemes bnget mulut nya ngalahin emak""",terkejut
"Tatapan tajam serta dingin Lucien menusuk sanubariku. Ah.... betapa kuingin ditatap sepanjang malam Sampai iapun tersenyum arogan ""Tidak kusangka kau akan terpesona sampai seperti itu"" Lucien tidak hentinya menatapku, menggunakan tangan besarnya untuk memegang daguku",senang
tumben banget torrent jelek lagi kaya gini pada males banget ngeseeds heran.,terkejut
"Sy heran koq ada org pensiunan Jenderal TNI tp koq terlht sngt tdk nasionalis banget, sngt berpihak ke Tiongkok n TKA nya. Woy... pak tua yg serakah hartamu tdk kau bawa mati, hanya Jas, dasi n Peti mati yg mahal nanti kau bawa. Kesel !",terkejut
Gugup bgt apa yak?,takut
"YES, we all deserve it. yuk semangat lagi dhit. gak semuanya benci kamu kok! fokus aja masih banyak yg sayang bgt dan nungguin karya kamu. like me",senang
"Hiks. Mereka yg ngeroom di oy0, aku yg kesal wkwk. Bisa geleng2 kepala aja ka wkwk",marah
"Yah syukur, berarti masi ada harapan menerangi dunia",senang
Akan aku bikin niichan terpesona '^',terkejut
iiiiih jijik,jijik
"bagus si bagus zatin, tapi ntar kalo deketin cewe gugup",senang
wkwkw kecewa aku sama diriku sendiri td sore wkwkwk bodo aku wkwk,sedih
wah ak hampir tertipu,jijik
"aku punya temen yg mukanya berminyak parah tp ga pernah mau di lap in pdhl waktu itu aku udh nyoba nawarin oil control punyaku but she said no. aku ga ngerti tp dia merasa mukanya glowing with that looks, is it just me or emg it looks weird? krn aku kaya risih aja dk why(?)",senang
"tapi kan habib kecewa sama pks, fanboy isis templatenya gitu.",marah
Bangga kita ada midfilda / kepa cemerlang laguni. Kita cukup berkenan,senang
Hal apa yang membuatmu gugup? Pas Kasih tau mamak tupperware hilang,takut
Siapa yang beli 5 m saya dkasih pun gamau kayanya agak ngeri berasa mempelihara kucing berkaki 4,takut
"Alhamdulillah, senang sekali rasanya sudah pernah sholat di masjid tersebut Nyaman sekali. Lonceng gereja berhenti waktu adzan dikumandangkan MasyaAllah",senang
Ko gaada yang ngeretweet ya. Kecewa,sedih
dia takut mbakx berpaling ke kaputen,takut
aq. aq dulu lebi ship ini daripada main leadnya. CAKEM SOALNYA SANG BUM. sampe kesal mereka tidak berlanjut irl.,marah
Cukup terkejut lalu bilang gua gamau wkwkw,terkejut
"Jan suudzon dulu mas sm penyakitnya, takut dia tersinggung",takut
SUDAH PUAS SAYA PANTAU SAATNYA MENYELEDING KALIAN SEMUA,senang
"tapi kaya bangga like ""shit keren bgt gue"" orang lain mana kepikiran",senang
ketawa puas bgt lagi,senang
Demi Masa Depan Yang Kita Mimpi Kan Hapuskanlah Kenangan Yang Mengusik Perasaan Tiap Kali Memandang Mu Tak Terhingga Kesal Ku Maafkan Aku Sayang Menodai Kepercayaan Mu,senang
SUMPAH YA KALO SAMPE HYUNBIN GAJADI SEOJUN AING KECEWA PARAH,senang
"Lagi kau buka ruang untuk terima golongan macamtu, lagi diorg besau kepala. dah tentu tentu benda salah, benda Allah murka. Semua umat Islam tahu, yg bukan Islam pun tahu. Benda mcmni lagi byk negatif dari positif. Ada sbb setiap yg Allah tetapkan. Dan kau cuma hamba biasa. INGAT",marah
Selalu rasa okay je single tapi penat ah single. So jalan terbaik nak main tinder. Bye,jijik
woe min klu gak ada tanggepan aku putus benar ya. udh muak aku sering kayak gni,sedih
"Youn murka [aww takut] Youn: hssjjsjs LU! YG BENER AJA, BEGINIAN LU TANYA KE GUE? GUE SAMBIT LU YA SJSKKLLLQ uyon marah huftt, formasi panjat pinang melorot dan ambruk satu2, menyisakan Hangyul diatas masih usahain ambil mejikom dan sepeda family. Weiyoun baku hantam xixixix",terkejut
Mereka belum puas hingga Islam hancur dan lenyap. Kite selepet jidatnye.,marah
"ampunn, nanti klo lider murka gk dpt makan seharian penuh",takut
man lemme told u: im okay with those but please JANGAN yg kaya di invisible man ngeri gasi lo diliatin sama orang tembus pandang sinting anjir teknologi ni mengerikan,senang
"Part terbaik: doi main ke rumah w, pacar w nelepon. Anjir gue panik. Gue jawab gugup, di depan doi juga gue gugup.",takut
"Gausa minta maaf lel sama dia mah, tumben apa chat ke org baik ga bawa binatang. Heran, napa sama gua sering chat nya sering bawa binatang ya:3",terkejut
wkkw skali2 ben rodo ngeri bro,takut
iy kan ak suka ngeliatin knp km suka senyam senyum liatin hp ak kan mau muda juga,senang
Nampak penat sangat tu,senang
Ahhh i feel you. Kadang2 penat berdebat dengan orang macam ni :'),jijik
"apa kamu tida malu ngehujat pake nama fandom laen? uda la kalo gabut mah gabut aja gosah ngajak tubir orang, eh lupa deng kan situ sampah ya sampah kan tugasnya bikin risih orang ups bcnd syg",jijik
Oke fix. Doi gw udh hampir 1 abad belum balas chat gw. Gugup nya kelewatan,takut
sedih harus ditinggal rian gatau sampe kapan aku ngapain ya sebulan kedepan disini wkw,sedih
"Wah hshshahaha rumput mana u rembat? Amboi senang nau open rumput fresh tu. Bagi dorang makan rumput, i makan lamb chop depan dorang dengan u skali",senang
"Itu masa lalu mas Dito, milik mas dito. Yang penting mas sekarang gak begitu. Eneng paham kok mas. Kalo ketauan skr begitu ya maap mas, eneng kecewa ngehehehe",sedih
"""Ooh, kita perlu kecewa Untuk tahu bahagia Bukankah luka menjadikan Kita saling menguatkan """,sedih
"hari lain bukan tak sempat, kdang penat. tidur awal",jijik
jijik bgst!,jijik
"Ngeliat orang lain susah, ngeliat ortu susah, stress mau kepala 2, kehilangan temen, menyadari terlalu banyak fake friend disekitar kita, inget seseorang yang bikin kita kecewa.",sedih
"(cont.) lelaki rupanya masih perhatian padahal Raira sudah berbuat kesal. Memang manusia itu membingungkan, ya? Raira paham jikalau pakaiannya basah. Ia pun merasa tidak nyaman dengan pakaiannya, terutama di bagian punggung. Akan tetapi, ia (cont.)",senang
wkwkwk... Idi0t diblokir takut??,terkejut
"Ini adalah pertama kalinya sebagai MC, jadi ketika memegang mic aku semakin gugup dan malah terlihat bergetar. Itu sebabnya aku mencoba untuk menegangkan kakiku (agar tebih tegak), tapi kemudian kakiku malah gantian yang bergetar",takut
21 km cuiiii.... Ngeri penyelenggaranya...,takut
"TERSINGGUNG AKU, KALIAN GATAU BETAPA ENAKNYA BUBUR DIADUK",marah
Heran aja...biasanya petugas yg duluan dtg k Bandara ini kok udah mw take off blm ada petugasnya...mw plg Makassar,terkejut
"Tapi itu cakep kok, aku pengen potong pendek tapi takut kependekan",takut
Makin insecure sama covid19 skrg Yg tadi nya makan di abang biasa aja eh skrg rada ngeri grgr abang kurang higenis padah dari dulu masa bodo gua ngelitin nya,takut
Senang sekali bisa berbagi sebuah racun,senang
tak bangga malah terasa bodo sebab sampai sekarang ada parut heh,senang
Ah jangan kenal. Malu maluin ajj,takut
gue ngeri itu orang kecebur menk,takut
"Jijik kali kan via vallen bisanya cuma cover lagu semua orang, nggak kreatif kali, haha tunggu aja lagu kpop ini",jijik
Minta pap msih tingkat risih standar Lu bayangin si jamet maksa Vc-an mulu coy gakenal gua k dia dan gapernah gua angkat budu amat gua ga read chatnya Risih tay,jijik
Duka ka. Bobo we yuuu,sedih
Kesingung melawan sampe mati. Dibilang pentol korek sumbu pendek tersinggung.,marah
Sebagai guru opo koe ra merasa tersinggung akan hal itu mbak!,marah
Kesal bacanya pake nyanyi,marah
dimarahin karena air di rumah abis dan ditanya kenapa ngga masak air. yaaaaaa gimana ya daritadi stay on pc terus ini yaallah udah berapa jam. mana lapar deuih kulen membuatku sengsara,sedih
"emosiiiiii anjjj, tapi retweet ah biar mutualku pada tertipu hahhahaha",jijik
"Sebelum ia pergi, kupukul lengan mas Rama pelan. ""Nakal banget,"" bisikku kesal. Nyaris memasang wajah cemberut. Mas Rama ngapain aja sih di Singapura?! Bukannya serius sama kak Vita juga... ndak tau ah. Nanti kalau mas Rama datang aku mau sembunyi saja.",terkejut
enggak sih tapi kalo banyak banget ya risih(?),jijik
Wadawww ngeri euy,takut
JANCOK!! PALING BENCI KALO MAU KETAWA HARUS NYUSAHIN OTAK DULU ASU !!!,jijik
Iyaaa gua bangga bet jadi anak ikom,senang
"Terimakasih sudah menggunakan jasa reply kami, semoga anda puas dan berlangganan untuk orderan reply berikutnya. Terimakasih, salam jbjb.",senang
harus bangga dong :v,senang
membunuhnya saat ia meludahimu karena kau berusaha membelanya saat ia diejek gay. Kau harusnya bangga padaku kan? Mulut Jansen melekuk manis membentuk senyuman. Namun tidak dengan netranya. Ansel bisa melihat sorot luka disana. Sorot penyesalan di setiap sudut yang ada.,sedih
"Wah syukur deh kak, semoga pesanannya sesuai ya kak. Kalo ada pertanyaan/kendala, bisa colek mimin di DM aja ya kak biar bisa dibantu. Happy shopping kak ^EL",senang
"pemerintah indonesia ini pada ga bersyukur,memiliki kekayaan alam yg berlimpah ruah sampai2 negri lain iri,kok ya negara di kelola kaya main barbie2an..rakyatnya semakin sengsara,yg kaya makin foya2",marah
"Kalo maneh nonton di bioskop, maneh gakan terkejut baca komik ternyata raftel itu laugh tale, kalo urg beruntung sih gak nonton di bioskop jadi komik nya tetep surprise hahaha",senang
Dpt ucapan 4 thun sekali pun dh syukur zi. Hahahahahahahaha.,senang
Dah lah aku benci kau,marah
Awokok syukur aku ga,senang
Syukur. Alhamdulillah.,senang
"Yah, sedikit kecewa gue sama lu. Lain kali komen aja langsung kalo ngga sreg. Pasti bakal gue jawab. Btw, prinsipnya jg sama aja sih. Lu jg komentator terhadap komentator. Ngga ada beda. Krn seperti gue bilang td. Inilah Twitter. Ruang publik beropini. Sip, selamat santap sahur.",sedih
Yg namanya sahabat sejati itu Ada disaat senang maupun duka. Bukan saat senang doank nggaku2 Sahabat Pada saat susah Boro2 ngaku sahabat Besuk aja nggak! Nggak harus terang2 an ? Itu pengecut namanya Plonga plongo ketika sahabat nya Di serang &amp; dipenjara,marah
"Lah gausah curhat bang, Kalo muak ya beli brand sebelah, udh tau kapasitas produksinya emg gabisa banyak tp ngutruk pengen ini itu. Bikin aja brand sendiri bos !",marah
Yg goblok itu manusia yg seneng dirinya di jajah trs sampe mati. Scopus itu produk penjahan baru terhadap intelektualitas. Coba tanya pak rocky gerung apakah dia trtarik dgn ID Scopus?? Saya yakin dia jg muak dgn praktik tolol duni pendidikan sprti ini,senang
Huhu hujannya pas mau brgkt sekola jd takut basah Dom mana emg ka?,takut
"Kenapa sekarang nampak macam takut je, masa pukul budak driver tu buat main terrer nampak",terkejut
Ututu cieh tingkatin terus yaa senang bngt liat kamu gambar,senang
"Saya tersinggung, campur sedih, terluka hatiku, ambyarrr cintaku, saat pemimpinku memuja dirinya",marah
"ckp senang je mcm mana kalau orang tu betul2 tak mampu .. jangan nak bongkak kalau ckp, rezeki kita lain2 tak semua orang senang bang ..",senang
"Kalau lu salah satu mutual gua atau liat twit ini, gua ga takut sama lu bego, mau lu cewe kalau sikap lu gitu mines tetep gaada pantes2nya. Malu bego maluu",jijik
Kamu SOpan Aku Senang,senang
Astagfirullah hampir tertipu,jijik
"Our last day pkp fasa 1. Haha sambung esok pulak. Kalau semua okay haritu, esk mesti kita dah boleh sambung kerja mcm biasa kan huhu sedih",sedih
"suka: bisa merhatiin orang yg beda2 tiap hari wkwk. ada aja yang bisa dijadiin bahan cerita. trus kalo liat pemandangan dari luar kereta/bus rasanya calming padahal tiap hari ngeliat hal yg sama. duka: masuk jam sekian tapi 3 jam sblm itu gue harus udah rapi makan, dandan dll",senang
mau murka sedih bgt rasanya,marah
"Come to here uni can, we miss yourlaugh.. mauki juga liatki senang, ayo sini di ban, smw masalah apsti ada jln keluarnya. we never leave u, plisss buang smw pikiran negatif dan goo Tdk ada kata terlamabat...keep fight, just call us or spesialy me if u need help",sedih
"bikin pekerja harian semakin sengsara,pemasukan Nol,dan pemerintah Daerah/Pusat kurang Peka,solusi juga masih ngambang.susah...susah... ???",sedih
"birthday this year la paling sedih hahahahaha dengan teringat benda lama, waktu pkp pulak. 2020 is definitely not my year :')",sedih
Syukur...klo normal,senang
"suka banged heran sama human kaya lo klo suka sama si a ya suka aja dih, g usah jatuhin si b biar fans nya ngikut di fandom lo mau si b jelek buriq goblo for real sekalipun (meskipun gaada bener2nya njir), ya biarin aja dih die famous juga kgk pake duit lu anyinkk",marah
Aku takut kalo ombre lipstik kek ginj ga cocok sama warna kulitku yang gelap,takut
"Ga sii, tp kalo akoe si ngapa2in bilang tp ga per jam juga, per mao ngapain aja wkw. Risih ya putus ih, eh ga ding dibiciriin dili biik2 mana yg bisa bikin saling nyaman",senang
"Syukur lah,setidaknya membuatku sedikit tenang wkwkwk",senang
Apa sih sbnrnya yg sedang di tutup tutupi pemerintah.. Masyarakat udah muak dengan sandiwara,takut
"Semangaat ya, semoga lancar, dosennya ga aneh aneh, jangan gugup ya kak, pasti bisa",senang
Style makan dan selera aku dan bapakek sama tapi aku tetep tersinggung kalo dimirip miripin sama bapakku,marah
Dani james dole ya koma benci,marah
Kan aku tersinggung,marah
Mantap tuh beritanya klo perlu dipecat aja. biar Jakarta gak sengsara,sedih
"Suka heran kenapa aing kalo pagi , jogging pake baju sport , sepatu , bandana , terus keringetan ngucur ke muka . Keren banget ya Allah",terkejut
"Ketika kamu kecewa dengan seseorang yang selama ini kamu anggap baik, ingatlah satu hal: Dia juga manusia .",senang
IH JADI MALU &gt;___&lt;,takut
"And if you know me, guatuh paling gasuka sama orng yg klo ngomong aja tuh gajelas Gua yg kek ""apaan si anjir"" gitu. Karna kalo ade gua ngambek juga ngomongnya suka gajelas kek have no confident buat ngelawan gua hahaha Pokonya gua gasuka, makinlah gua tambah risih kan",senang
"Suka heran sama kalian yang kasian liat hidup gw trus bilang ""gausah fikirin ortu kamu, kan masih ada kita.. kamu fikirin masa depan kamu aja"" tapi giliran kolot aing sengsara sia kemana ??? Apa2 jadi utang, bayangin kalo seluruh hidup lu dari janin sampe lu nikah jadi utang gmn?",senang
Gugup depan umum,takut
"+ dalam waktu dekat akan mengadakan event dengan tujuan untuk bernostalgia bagi para ex-member. Oh ya, dan saya juga menikmati konsepnya, ya! Yang awalnya saya agak gugup karena baru pertama kali berperan sebagai Host dalam dunia rp. XD Tapi akhirnya jadi Host senior di sana +",terkejut
Pernah ngak sih lo jijik aja liat seseorang? padahal dia ngak ngapa ngapain!!! . . . Kayaknya gua doang deh...,jijik
Hidup itu indah Hidup itu hanya sekali Bahagia itu nikmat Luka itu ekstase Selamat pagi Semangat menyambut pagi yang indah dengan senyum yang manis,senang
MURKA GUA GAPERNAH DITANYA INDAH,marah
BRISIK BGT HERAN,terkejut
Penat hidup single ke HAHAHAH,jijik
Syukur gk gw doang yg mikir gini,senang
jangan terkejut ah char kalau nampak muka saya di tiang lampu,terkejut
"Aku mohon, sekali lagi aku bukan maksd apapun. Mohon maaf kalo memang ada yg gak senang. Aku juga awalnya gak sangka bakalan serame ini. Dont judge, aku syg kalian....",sedih
Pas ngeri ngeri sedep,takut
"Aku sedih, dia seolah kuat. dia kecewa, aku yg tersakiti. yg lain memperkeruh, teman2 ku membela. dia di bela, aku yg terusik. dia yg buka dia pula yg kecewa.",sedih
tak best senarnya jadi morning person ni sebab senang bosan em member semua ketiduran lagi,senang
Bangga dong.,senang
h-hai ak zahra [gugup],takut
"Duka atuh nya ih, da abi mah ti tokyo belah wetan",sedih
"better use dilema instead of kedilemaan. opo gak puas awakmu mencipta kata membersamai yg bikin kupingku risih, ha?",senang
Ntar aku kalo deketin cewe gugup ica,takut
"gasii, jatohnya jadi risih. kayak gada kesibukan aja. hidup ga melulu ttg cowo",jijik
"Oh iya aku lupa. Aku kangen sama kamu. Kutunggu ya waktu luangmu dan dibulan februari! Jangan terlalu lama, beratloh. Andaikan saja engkau mengerti semua keluh kesal ku disini Tapi tidak apa2. Biarkan semesta bekerja",sedih
Kok ngeri gitu faa,takut
Wkwk..Takutnya aku nyinggung perasaan orang.. soalnya udah ada yg tersinggung,sedih
Sudah muak dgn sumua ini ustdz..klo masih tdk ada ke adilah sy berharap ulama mengambil tindakan.,marah
"Marah dan Kesal pasti ada ustad Tengku begitu juga dgn perasaan Umat agama lain seperti Gereja / vihara di Tutup,dirobohkan dibongkar,Ibadah dibubarkan.. perasaan nya gimana sebagai orang Indonesia yang beragam..??",marah
Terpesona suara gemes seongmin jadi pada lupa suara woobin tuh..... Astagfirullah,terkejut
Jangan saya gugup haha,takut
"Bijaknya mundur aja pak Yason.., lagian kita dah muak liat muka di TL.",marah
mak suruh aku tidur sampai pukul 2 senang takyah buat sarapan. chawlu geng,senang
"Biarpun kau bukanlah seorang bidadari melainkan manusia biasa, namun senyummu membuat CY terpesona mi_ChristyChiBi",terkejut
Normal kan kita stress or penat bila belajar ye lah dgn assignments banyak pastu nak kejar deadline utk submit lagi. Tapi i tak nak bagitau pon i stress ke penat ke sebab i ada satu perasaan takut yg orang akan ckp padan muka kau sapa suruh kau sambung study,senang
JIJIK!,jijik
Penat Penyesal Kecewa Gagal,marah
"Fiks, siapa pun kalian hati2 kalo kemana2. Gue cuma takut orang ini jahat sebenernya. Apalagi tatapannya bikin risih. Be safe, guys!",takut
"kan aku jadi gaenak sm mas crush kalo ngechatin dia mulu, takut dia risih",takut
Seru-seru bangga gitu akhirnya lega dia setelah mendem beberapa lama,senang
Terinspirasi dengan twit twit orang beken ..sehingga di aplikasikan dalam hidup sehari hari Merasa bangga bisa memainkan hati Tapi lupa hidup ini tidak selamanya bisa bersandiwara ...siapa menanam pasti akan memanenya itulah hukum alam,senang
Iya ngeri aja wkwk,takut
"Pokoknya jangan sampai tertipu akun-akun yang mengatasnamakan Bareksa selain akun yang mimin sebutin di atas ya. Selamat berinvestasi, selamat bertumbuh bersama Bareksa",jijik
"Bikin stres, tp nagih. Heran.",terkejut
Good idea for batho senang metsi jwalo ka rona Qwaqwa.,senang
"Ngeri dit. Kalo virus ""anti virus"" mematikan udah bisa dibuat Virus yg lebih mematikan juga bisa dibuat",takut
Aku tertipu aku terjebak,jijik
"Kadang sering memaksakan nyawa menantikan kabar hina hingga kau terjebak Usung lalu memaku mendesit hasratku Kita bosan dengan alasan Kita muak dengan pertikaian,kita bosan dengan harapan",marah
Dito butuh banget klarifikasi hidup setelah jadi Artis mah beda. Gue follow doi dari followernya masih 6K and liat dia jadi kayak skarang bangga banget.,senang
Yg kaya gini ttp aja masih banyak yg benci. Heran aing,terkejut
Terus nanti ketua dioperasi dimana? Kim sabu gimana sih nanti diakhir? Woii sumpah benci bgt sama direktur(?) itu,marah
Heran gw..malah nyebar kemana2 nanti nya,terkejut
"Gue muak apa goverment. Gue kesel juga, bukannya karantina wilayah malah, darurat sipil . Kesel. Udh banyak bgt korbannya, masih aja si buzzerp tolol, bego adu domba! Kecewa bgt ama pemerintahan skarang!",marah
Semangaaat kaaak semoga gak gugup pas sidang terus lancar jawab pertanyaannyaa. Bismillaah berkah,senang
"Nda ada jenisnya, kalau sampe kamu tersinggung artinya bercandaannya udah kelewatan, dan wajar kamu marah. kenapa lebih sering bilang ""dih baperan lu"" ketimbang ""maaf, becandaku keterlaluan ya?"" aku sedih :""",sedih
DIA KLO GUGUP LUCU BANGET DONGG AGGDAKDGGSAHDGS MONANGES,takut
"malem malem gini tbtb temen ngirim file word dengan judul ""UTS GEO BENCANA 2020"" fyuh terkejut, untung blm tidur coz disuru ngetag geomer wilayah kajian di pulau sumatera, rebutan dah tu sekelas, oke gua tag Kab. Lampung Utara. bye",senang
"Full sedih,kecewa",sedih
Puas giler aku dengar youtuber komen tentang isu artis kt malaysia nie ha,senang
"Udah pada mengakar ya kalian bencinya. Gue sebel sih sama geledek semuanya dan konten2nya. Tapi kali ini, lagunya upgrade dari yg sebelumnya, lebih berima dan oke. Coba di dengerin dulu, objektif sekali2 walaupun benci. Terlepas dari latar belakang yang rame kemarin",marah
yaps bener! karna buat nyemplung ke fandomnya kaya udha takut dulu banyak setund,takut
"Gue jg jijik kalo lu kek gini., Jauh sana. Gue mau nyusul Namjoon",marah
Syukur deh nyadar,senang
"Selamat membaca, merinding dan kesal misuh2 yah",marah
Davin ngeri kalau antingnya ketarik,takut
"Kota kenangan ku, terutama ""wedhang ronde""nya Kota yg menolak kehadiran FPI. Tak heran warga.nya penuh toleransi, walau tak sedikit mahasiswa/i yg berasal dr b.bagai suku di Ind, hadir disana. Sahabat ku warga Salatiga, boleh bangga dg kota kalian.",senang
"Kalo takut kecoak terbang, cicak diatas kepala takut ketiban cicak Tapi kalo jijik geli itu sama kodok, sm ingus kek pgn muntah",jijik
"Bila engkau sedih karna kehilangan, percayalah bahwa Allah sedang menyediakan pengganti yang terbaik . .",sedih
selamat pagi tweeps ..semoga kelen sehat semuanya ya... jgn lupa cuci tangan pake sabun buka pintu fasilitas umum pake siku atw gunakan sarung tgn n maskeran ya... aku cebong saya kardun kita sebangsa ya.... yg kmi benci bukan kelen ya...bong tp pemimpin pongah,sedih
Takut pada risih buat ngejebe put,takut
*Beda Aelah typo sangking terpesona sm si leader ganteng ini,terkejut
sesabar apapun cewe kalo terus dibikin kecewa suatu saat pasti akan marah juga,sedih
Tak lagi meragu Tak usah menopang dagu Di balik sesal dan juga kesal Kali ini aku tak akan bebal Ruang kosong berbisik Biar aku sabar sedetik Bicara mengenai milik Bukan lagi hal yang pelik Sang Dewi bukan Sang Peri 91.366 TH,terkejut
Apakah kamu juga tertipu,jijik
"Ahahahaha comeinyee Naeee Serai paling senang, kejap je tumbuh akar dalam seminggu dua centu bile rendam dalam air. Pastu tanam cam biasa",senang
Thank you for this GA!! And congrats to for really proud of yooooooo!!! Akhirnya perjuangan kalian selama ini membuahkan hasil sampe sini bangga kalian makin banyak dikenal!! Ayoookk terus berjuang utk kesuksesan lainnya! Anw let's be moots,senang
Aku km gugup suka sakit perut berasa melilit dan jantung deg degan,takut
"kalian boleh ko bub aku, block jg ga apa. aku tau aku tiap saat bikin risih terus sama apa yang aku tweet. maaf ya buat ga nyaman",senang
"Kalo takut kecoak terbang, cicak diatas kepala takut ketiban cicak Tapi kalo jijik geli itu sama kodok, sm ingus kek pgn muntah",takut
"Nonton videonya jijik dan sedih, kucing main gancu tuk di bunuh",jijik
Aku merasa tersinggung,marah
"Kecebak, Mau lanjut sengsara, Berhenti tapi sayang.",sedih
"Sedih banget sama orang orang yang mudik.. yaaa kalo udah terlanjur pulang ya isolasi diri dulu gitu kesadaran diri gitu.. tapi sedihnya di ngak sadar, mementingkan diri sendiri,ngak mikir tetangga kanan kiri, keluarga. Di ingetin dia malah marah, ngak diingetin kita resah",sedih
"katanya dia seneng bgt bisa perf sama mamo, tp jg gugup nervous bgt. selama latihan merasa banyak dibantu sama mamo, senpai yg baik. trus di animenya kan gaada battle dance, nah di livenya dimasukin (sayang cuma bentar doang battlenya huhu). dan masukin acapella juga huhu.",senang
"Enak di temenin guling kan kalau ngantuk tinggal molor di atasnya, ciuman sama je aja key, puas ntar",senang
Sang Setan pun tersinggung dibanding-bandingkan seperti itu. 2,marah
anjinc ngeri jendela ada yg ngetok lagi,takut
Mari kita bersenang senang,senang
"Sbnarnya cukup senang ada mahasiswa yg brni mnyuarakan pendapatnya, mengkritik dosen kalau memang merasa benar. Krna sering kali dosen tdk pernah ingin di salahkan. Tpi alangkah baiknya di bicarakan langsung, akan terkesan tdk sopan jika hanya melalui japri sja.",senang
"namjoon melepaskan sabuk pengamannya, kemudian mengecup pelan bibir yoongi yang masih mencebik kesal. ah, betapa menggemaskannya kekasihnya ini.",senang
"hi kak, sori nih bikin kamu cemas, kamu sudah coba cek pesanan kamu di aplikasi Shopee belum? kan biasanya ada nih untuk pesanan kamu dan kamu juga udah chat penjualnya belum?. Biar mimin bantu, boleh nih kamu infoin no pesanan km ya kak by DM aku aku tunggu ^FA",sedih
Ya aku seh masih di kondisi banyak mau alias ampun mau belanja mulu makanya sengsara ndiri ckckckckk,sedih
Aku benci woody,marah
macet tadi kesal ry ente pake juga?,marah
Puas dpt gelak mcm ni,senang
"Menurut aku sih, lebih kesal ketika mereka yang omongin kita di blkg. Karna,jika mereka yg di maksud kan 'teman' itu ngomongin kita di blkg, dan kita tau kburukan teman kita yg ngomongin di blkg itu dari orang lain, bukan kah kita kecewa sekaligus benci? Setidaknya, lebih baik...",marah
"Bukan rekat atau retak, lebih ke jijik karena keliatan banget isinya tak lebih dari sekedar kumpulan orang2 munafik yg slalu ngomongin agama tapi praktek di kehidupan nyata NOL besar, jauh dari yg diomongin di WAG",jijik
Mungkin Lebih baik jgn pake tulisan cbkist biar nggak banyak exol yg tersinggung hehe.. Btw aq bkn shipper siapapun di dunia kpop sih jd gk masalah haha,senang
aku mau cerita sedikit nih gaiss tadi pas mau buka pintu lemari makan tiba ada cicak dong dan cicak lompat nempel di rok aku jijik bangett sumpah masih kebayang sampek sekarang dong,jijik
Ada loh orang yang sudah di kasih tau tapi masih tetep kaya gitu. Yang ada malah kitanya yang risih dan ilfeel. Soalnya bingung mau ngomong kaya gomong gimana lagi.,takut
"Ya Lord, dragged into a convo that was full of ""angkara murka"" ae ku nggak tenang berhari-hari dan waktu itu ge beneran pengen banget kalau memang kudu putus aja tu yang bae-bae dan nggak pake beranteman",senang
Aw itu kalimat syukur,sedih
Ak yg tgk bnyak Kali pun terkejut ..HAHAHAHAHAHAHA,terkejut
HAHAH iya banget. Tapi gw yg baca aja risih hahah,jijik
ini lg film si bucin bucin td juga paKe ada acara special tayangan oALAAA FUCEKKKKKK MAKIN MUAK AJA AKU HELPSS AJHAKHSAM,senang
"Lebih ngeri kadal yang gak keliatan si.. eh gak ngaku maksudnya, eh maap.",takut
Jadi risih sii,jijik
"muak bgt sama pertanyaan ""kenapa kenapa kenapa kenapa kenapa"" berak",jijik
"maksudnya buat promote artisnya, tapi aku kesel sama risih sama yang kaya gitu soalnya kebanyakan gak nyambung sama apa yang dibahas",senang
"Disuruh diam mulu sama kamu, heran",terkejut
Wa gua hampir tertipu gua mau ngitung dong siapin pensil sama kertas. Kesel gatuh.,jijik
"angan takut mencoba hal yang baru, gapailah impianmu. Tapi ingatlah, tak peduli kemana kamu pergi, KELUARGA tempat kamu kembali.",terkejut
"Biar gambar berbicara. Harga korang cari lah sendiri, aku taknak mention takut nanti korang terkejut.",terkejut
"Ngeri ngeri sedap ngebaca. Yg pingin cerita horor, so sangat recommended!",senang
"Betoooll. kayak doi sama dia, katanya dulu benci. ternyata malah benar cinta, huh.",senang
"Ep 10 dong ! Pokoknya begitu uda ada sub lgsng nonton wkwkw . Gabakal kecewa lah ya akting Hyun Bin gt loh, cakep pula Ye Jin jg bagus aktingnya. lumayan sedih krn dia chaebol tp kyk kesepian gt hidupnya.",senang
heran sm magadir,terkejut
Kenapa sih setiap lagi gugup pasti bawaannya sakit perut.,sedih
Ngeri banget emang orang2 jaman sekarang,takut
"Beruntung skrg ada sosmed, liat sosmednya aja jd sedikit lbh tau kabarnya. Lingkungan baru ngerubah dia sedikit demi sedikit. Kecewa ? Pernah, tapi aku siapa wkwkwkkw",senang
Heran gua tuh sama fans tolol kayak gitu nyumbang duit buat fandomnya kagak cuma modal bajakan eh bangga lagi nyebar chaos sumpah gw dah maki maki kalo kalo gak di block,terkejut
"jujur dan dibicarakan baik2 dari pada diam2 saja bukan?karna kita pasti berusaha agar tida mengulangi kesalahan yang sama. Kalo aku pribadi, aku benci orang munafik. Karna apa? Karna merka terlalu bisa nge drama di depan kita. Dan juga, bukan kah kita yang memiliki teman ada....",marah
"Kalo cantik mah cantik aja ka suka merendah dah, heran",terkejut
"As a reward, sbb kecewa dan sedikit marah, aku daftarkan diri aku untuk join satu seminar bisnes ni. Random! tp aku berdoa ianya berbaloi. Ameen!",marah
Okey u nak borak ape? i pulak rase dia suka u sebabbbb dia kacau u jangan u yang terkejut sebab niat nak kenekan orang tapi typo tuju diri sendiri hahahaha,marah
maklun sdh tua negara pake coba coba rakyat jadi sengsara,sedih
"8) smpai pd waktunya selesai ujian, aku hny bisa bimbang karna aku tdk tau apa sodaraku masih mau menyekolahkanku apa tdk, smpai akhirnya aku membuat masalah dan membuatnya kesal dan dia mengusirku dari rmhnya, aku sakit hati, karna sering",sedih
Waah jangan cemas yaa. Pastiin kamu cek masa garansi Shopee kamu kak. Yuuk infoin dulu nomor pesanan kamu ke DM dong kak. Ditungu. ^OV,sedih
"Ah ngeri say, kudu bikin program kesejahteraan rakyat biar mampu sewa oyo 150rebuan.",takut
"sebagai separuh/seperempat, seperlima(?) hati parangdan saya tersinggung",marah
Pacar aki /terpesona/,terkejut
"Raga terkurung tapi jiwa buat diri merenung Ke dalam lendasan kenangan Punya foto foto berterbangan Buat jiwa kacau dengan pelbagai perasaan Aku mungkin tersengih, menangis, berdendam, merendui setiap ketika. Akan ku keluar dengan senang hati, berjumpa tanpa lagi halangan antara",sedih
Alhamdulillah syukur masih ada badan dan mampu bekerja....,senang
"aku paling benci pagi, tiap baru buka mata harus meyakinkan diri dulu kalo km uda ga disini",marah
"Sempet pgn ngechat buat nanya kabar, tp gila aja w Benci bgt klo harus flashback walopun bukan ""luka"" krn gada yg tersakiti tp ttp aja rasanya sedih karna dlu bahagia bgt",sedih
Jijik giler hahahaha,jijik
Jijik bgt anjay,jijik
"mau download ah pilem nya, tapi kalo mau nambah wawasan lg nonton pilem spotlight (2015) juga, lebih ngeri",takut
"Suka: enak bgt hidup dirumah karena nyaman dikamar sendiri,makan disediain,tidak homesick Duka: cape bgt karena macet luarbiasa,bisa tidur dimobil,bete dan kesel kalo satu matkul atau tiba"" gaada dosen,harus bangun pagi banget kalo ada matkul pagi",senang
Seketika mak langsung murka,marah
"finally aku jumpa pasal loca b ni,terkejut siot tengok dia post kat story ig",terkejut
Seiring berjalannya waktu aku jadi muak,jijik
lha kan ada EPA tahun depan...kesempatan bagi mereka dan boleh sekali tengok pemain kompetisi internal persebaya...syukur enek pemain sing apik...,terkejut
"Sama, aku sdh menerima kok. Tapi bingung ngehypenya gmn. Takut ada yang tersinggung",senang
hmmm jangan tertipu. gambar sekarang semua atas pinggang &amp; gambar sedang berdiri.,jijik
"Bila scene ni mesti rasa sampai kat hati sangat! Faham sangat rasa tertipu, rasa kita syg sgt dgn org tu, kita tak kisah pun org tu siapa, gaji kecil pun tak kisah, kerja apa pun tak kisah, then kita rasa tertipu, feel sangat scene ni, terasa kat hati!",terkejut
"Kamu bukan spasi diantara bait puisi, kamu ada diantara makna tersembunyi yang tersusun dan terurai. Memaknaimu tidak cukup sekali. Ragu dan benci silih berganti, pandai sekali rasanya dibolak-balik. Ttanya hilang lagi kala dirinya seakan benar-benar telah kembali.",takut
Darat! Aku tertipu lagi~~~,jijik
Bikin kesal emang itu akun anon,marah
dia punya appreciate member tu uiyo i is proud... that is what we call healthy friendship is... pernah tu aku cakap nak pinjam rm4 hahaha guess what dia yang bukan siapa2 tu yang aku tak kisah pun pasal dia tapi paling gelabah nak bagi. terkejut jugak aku ni.,terkejut
Tadi tetibe tgh baring aku rasa dlm perut aku mcm ada baby kick. Fuhh nasib rasa sekaki kalau 2 kali atau lebih aku pon terkejut,terkejut
Heran gw jg,terkejut
First time aku bangga study mrsm. Hahahahahahahahahahahahahaha. Ni mesti pengaruh ngn .,senang
BACOT ANJING MALU MALUIN TAU GA?!,jijik
