text,emotion
dipeluk enak nih,senang
masih dongg wkkwkwtar klo gk semangat gk bisa bucinin bebep2 aku,senang
semangat dan bertambah kuatlah kalian frp_natsud_ frp_lucyheart frp_wendy ~,senang
jangan lupa sarapann semangat buat hari inii ayang semoga harimu menyenangkan !!,senang
aw ikut seneng semangat ya kuliahnya!,senang
semangat!!,senang
senang bermain salju,senang
"nikmati, bisa senang-senang bareng teman tapi tetap produktif,",senang
"akhirnya syuting lagii, semangat ayank",senang
"kalau yg cuma kembang tahu doang, aku belum pernah coba tapi pasti enak.,duh lupa namanya",senang
"ingett wkwk. iyaa dog lalu kita bertiga , sama dina mabuk kepayang sama legollas, pinjam cd nya di rentalan , astagaa kita remaja bahagia ya waktu ity",senang
semangat kak. sudah terima chat wa dari kemenkes belum. disana ada petunjuk konsul gratis online dan tebus obat.,senang
semangat ngantornyaa,senang
pokok semangat sek,senang
"happy birthday jiann adek gantengkuu gemes ucul kuat perkasa semoga rl charamu dan kamunya sukses terus, bahagia selalu, dikasih banyak rejeki & kedamaian hidup, banyak yg makin sayang sama kmu juga! have a wonderful day",senang
"hai kak hwii!! don't skip ur breakfast yaa,semoga harinya berjalan lancar,dimudahkan segala urusannya,dijauhkan dari marabahaya,semoga selalu ada dlm lindungan tuhan,janlup vitaminnya ya,semangat!! janlup senyum hihi,stay healthy & always be happy!! have a great day kak",senang
semangat buat hari ini!,senang
"sering-sering bikin au taeyong yaakk, seruu! semangat teruss nob",senang
semangat kamuu,senang
"ojo lali , ngemil ceria by",senang
"semangat buat hari ini, have a great day",senang
"terlalu dini menjadi tulang punggung keluarga,ya sama.semangat kamu lantas berbahagia apapun kondisinya",senang
agak enak ya kakk jadi nya,senang
semangat,senang
kombo diluc-raiden enak kok.. gk terlalu mental2 masih bisa dijangkau,senang
"peluk kakak semangat terus ya pokoknya, banyak yang sayang sama kakak di sini,yoon ji lagi cosplay jadi warga lokal",senang
"wkskwkw aku juga pernahh jadinya sampe gabisa buat buka galeri ya allah cape banget ya hp penuh tuh, wkskwk semangat anya bersih bersihnya wkwkw hapus apk yang udah ga dipake aja",senang
"benar guys, nasi goreng.,simple, cepat, dan enak.,saatnya lanjut beres2 dah, ini rumah udh kaya' gak ada penghuninya, debu udh mulai bermunculan lagi.",senang
kasih semangat dong moots,senang
"selamat pagi., salam sehat n bahagia untuk semua",senang
"nggak tau ya aku up lagi kapan, lagi nggak enak badan dari akhir januari di tambah bulan ini banyak ujian praktek",senang
"ga enak, apalagi kalo orang lain yang pake kamar mandi itu jorok. kemarin pas ngekos suka nemu piring kotor, padahal di sana ada tempat cuci piring.",senang
"hola kak wawa!! don't skip ur breakfast yaa,semoga harinya berjalan lancar,dimudahkan segala urusannya,dijauhkan dari marabahaya,semoga selalu ada dlm lindungan tuhan,janlup vitaminnya ya,semangat!! janlup senyum hihi,stay healthy & always be happy!! have a great day kak",senang
"terima kasih sudah berjuang sejauh ini. bertahan sekuat kuatnya. jangan pernah mengeluh. terus berjuang, terus semangat. walau sendiri, jgn bersedih. masih ada tuhan yg mau menemani tiap saat. for me",senang
pokoknya traveler hidup bahagia bersama paimon,senang
"semangaatt kak! buat ga dengerin kata orang susah banget emang, tapi saya berdoa semoga kakak punya support syatem yg baik. tetap semangat ya kak, semoga lekas sembuh, gbu",senang
"braithwaitw ""kami akan bertemu penggemar kami lagi dan menunjukkan kepada mereka bahwa kami adalah satu tim yang bersatu. kami akan menunjukkan semangat.",senang
"okay, kak icus juga semangat ya",senang
"ya allah berkati, bahagia hmi..",senang
"mjb, yanfei bisa, enak banget malah",senang
"semangat pagi, jangan lupa sarapan^^",senang
semangat mbak,senang
ni nder ayo semangat,senang
kamuu juga sehat dan bahagia selalu yaa ;3 thank you soo much udah baca,senang
"semangat, vii",senang
enak ga?? Kalau ga ya ga mau,senang
"semoga lulus ke universitas impian ya, buat temanny semangat!",senang
"kemarin karna gabut produktif di dapur dan jadilah inii, dimasukin ke kulkas dimakan pagi ini msh ttp enak",senang
punya kucing putih dengan paw pink hanya impian di rumah ini. tapi gak papa selama dia bahagia. toh milky ga naik ke kasur atau nginjek2 sajadah,senang
hormat kepada angin semangat everybody. nanti kita akan selesai pada waktunya.,senang
"kenapa loyo tuh? semangat juga ya, iyen. jaga kesehatannya jangan lupa.",senang
good moawwnnning! let's start this sunny morning with happiness bb don't forget to breakfast && mandi tp masih kepagian jadi nanti siangan aja :d have a nice day bffs semangat buat hari ini yuuuuup jangan lupa selalu bersyukur many people love you,senang
"duuh ga lama lg insya allah ngalami masa2 ini, melepas anak lanang kuliah..pasti ambyar hati mamak ya mbak,selamat belajar mbak n, sehat, bahagia n sukses sll, smoga tercapai apa yg disemogakan, aamiin",senang
semangat di pagi hari,senang
puas banget aaaa,senang
semangat buat hari ini!,senang
semangat yaa. banyak penyesalan yg udh terjadi harusnya pada saat ini gaperlu disesali. yuk bisa yuk buat nata lagi hal hal yg lbh baik,senang
"enak banget ternyata kalo tiap hari bisa tidur di jam 8 atau 9 malem , selain bikin gendutan kulit juga jadi bersih sama cerah",senang
"wow sangat berbeda hahah, semoga hari sabtunya ikutan cerah juga",senang
demi yaa gtu aja udh enak bangeets,senang
ayang kenapa?? yuk semangat yuk,senang
kabar bahagia banget pagi ini,senang
"kalo abis pup pas pagi pagi tuh enak banget ga sih, perutnya jadi rata & langsing",senang
semangat om,senang
kaka juga iya wangi enak aja,senang
iyaa mau makan yang enak yang banyak,senang
"serius, aku saksi dua orang yang semangat buat terus lanjutkan hidupnya karena kamu. dan itu dua orang yang sangat kusayang dalam hidupku. aku tidak bisa berucap hal lain, selain kata terima kasih.",senang
"semangat jalani hidup dengan bahagia yang seperlunya, bersedih dengan seperlunya, dan bersyukur sebanyak-banyaknya",senang
"have a nice day, semangat buat hari ini",senang
semangat bestie,senang
semangat pagi,senang
tepuk semangat se ma ngat se~ ma~ ngat~ *yeayy*,senang
semangat zi,senang
"sudah sampai disini, bahagia pun menanti",senang
semangat sayang,senang
dangdut enak,senang
"bismillah,,tetap semangat jangan menyerah,,yakin pasti bigwin",senang
"orangtua kita selalu bahagia melihat kita, selalu tercurah kasih sayangnya buat kita tanpa batas..",senang
semangat okeyy,senang
"sebab tetap, pencen n senang dpt loan kot huhu",senang
"selamat hari sabtu juga ibukk, semangat buat hari ini",senang
semangat terus pejuang receh di pasar,senang
enak tapi,senang
"selamat pagii princess!,semangat berkegiatan, tetep jaga kesehatan ya !",senang
saat paling bahagia menurutnya adalah saat ia tidur.,senang
semangat ych hari ini,senang
"semangat eventnya, cantik.",senang
cerah banget,senang
"siipp kak, kalo gitu bisa ikutin semua s&k giveaway yg ada di caption postingannya ya. semangat terus! :) ^mc",senang
"sabtu sek semangat makaryo pren, uang kenakalan cair.",senang
semangat juga beb,senang
pagi yang ceria,senang
semangat aku,senang
"pagii~ btw cuaca enak gini mendingan tidur yok, have a nice weekend~~",senang
"morning win win metawin semoga makin banyak solo projek, solo endorsement, series baru dan projek-projek lain yang bikin win bahagia.,",senang
"cuma mau infoin, enak banget",senang
"optimis bisa, semangat pak! menteri bumn erick thohir ingin harumnya aroma kopi indonesia bisa tercium hingga mancanegara,",senang
tapi ini enak bgt,senang
"semoga bisa tercapai ya kak, semangat untuk temennya!",senang
puji tuhan ku bahagia banget rasanya dapet kabar jimin udah sembuh..,senang
tapi itu langitnya cerah,senang
bubur kuah kuning ternyata enak banget ya,senang
day 1 terlalu semangat terus datengnya kepagian dan belom ada orang,senang
semoga keterima ya semangat!,senang
pagi pagi dapat kabar bahagia,senang
"aamiin, semangat",senang
kurang 400k sampe target yoo semangat markf,senang
ujan teruss enak,senang
"happy birthday moa dan taehyun!! semoga panjang umur, sehat selalu, bahagia selalu!!",senang
"suka banget sama lagu bangtan yg film out itu enak banget di telinga gue ada yg sama ga? jangan lupa streaming di semua platform musik ya termasuk yt,i vote for for at the 2022,",senang
dimana mana hatiku senang,senang
semangat setelah sekian lama nggak pernah event aku kak.. t__t,senang
semangat.,senang
semangat menjemput rejeki coy,senang
"selamat pagi mbak,salam sehat penuh semangat dan selamat beraktivitas selamat berakhir pekan",senang
"pagii semangat ya kamu hari ini, have a good day",senang
"pagi"" ujaann enak bgt buat tidur",senang
"wkwkww kadang mo ngelarang nyanyi dia nya dah kepede en dlasal bunyi aja , asbun.. dan bahagia buat dia",senang
yukk semangat yukk walaupun badan lagi kurang fit,senang
nyenyak! semangat juga!!,senang
"kalo baring bawaannya lelah, kalo kerja bawannya semangat terus, salut sii sama diri ini",senang
"hiih km harus ikhlas, semangat berproses semuanya",senang
nggak dong~ aku beli loyang 14cm 1 biji juga kemarin wkwkwkwkwk sempet mau beli yang 14 itu 2 sekalian kan enak kl mau kasih incip tetangga. tp nggak jadi beli 2 jadi besok gak bisa langsung ngovennya,senang
semangat ktnya,senang
"udah semangat lagi kan, chaeyi?",senang
"wihh semangat pkl nya onad! dah sarapan lums? kalo lums sarapan dulu yaa, have a nice day ;3 stay healthy",senang
happy birthday mbar.. sehat dan bahagia terus yah!!,senang
kemarin di gramed ada bocil lg disuapin mamaknya makan promina keknya enak bat duh,senang
ngopi enak,senang
"wkwkwkkwkwk semangat nguli, cla",senang
"disini rian, enak bgt klo buat lanjut tidur",senang
sarapan tenongan si enak,senang
streaming child pagi pagi enak banget selingannya ssfw sama we go up,senang
"congratulations for ur debut ""child"" makna nya dalem banget huhu. kek relate dalam kehidupanku juga kehidupan oranglain mungkin, semangat terus buat karya karyanya yang lain nanti. bahagia selalu buat kalian. me lafyu. xx t.,",senang
kokk enak tau mcam kiko,senang
semangat nidaa,senang
semangat semangatt,senang
semangat lesnya!,senang
enak bisa lanjut tidur,senang
"nah kalo gini terus terang sama2 enak ya mas, asal minta bonus'nya ngak gede2",senang
pngen bgt baca sejarah tentang avicenna lgii heuheu ayo semangat bacanya kii :),senang
rebahan emang paling enak ga sih,senang
wih kereen. mauu. keliatannya enak semangkanya disendokin gitu. berasa kayak di drama cina,senang
semangat yaa para pejuang keluarga.. semoga dilancarkan rezekinya yg berkah.aamiin,senang
terima kasih pak ri 1 presidenku tetap semangat ya pak membangun bangsa ri,senang
semangat puasanya an,senang
makasih nokaav bahagia selalu juga,senang
"semangat buat hari ini ya!! u deserve to be happy. anw, jgn lupa sarapan",senang
semangat kakak,senang
gm ayu! berkobar2 semangat,senang
semangat ya.. jangan mau dijadiin mainan,senang
"bismillah semangat hari ini, semoga banyak req dm amin",senang
semangat semangat haha hihi,senang
enak banget jadi orang serba bisa.,senang
"semangat, hati-hati dijalan meii!!",senang
nda semangat on rp,senang
"gue dicegat sama diaa firasat gue udh nggak enak nih sumpah. dia bilang ""za, gue kangen sama lu"" gue kaget dong anjritt, gue diem kek org bego sumpah trs dia langsung pergi gitu ajaa ninggalin gue yg lagi cengo.",senang
"halo haloo, jihan disini mau kasih sedikit reminder ya,jangan lupa bersyukur atas nikmat pagi ini jangan lupa sarapan, minum yg banyak jangan sampe jatuh sakit ya mandi pagi biar segerr jangan nangis nangis ya, semoga bahagia selalu u're magical, love",senang
sgt enak,senang
salam..semoga di pagi yg cerah ini kita semua selalu di beri kesehatan,senang
"program makmur dukung pertanian indonesia.,go petani sejahtera!!,,",senang
"pelan pelan sama yvyv h*jnya dibalikn ke ranjang. ga kasar ga kenceng,""sayangnya, yvyv nakal ya. ditinggal malah main sendiri. ya udah main aja situ sama bantal hyung lagi. "" h*j geleng geleng panik. asli suara y*hnya lembut bgt. ga kaya marah. ""ga mau, ga puas. pingin yvyv""",senang
semoga yang menderita penyakit kanker diangkat penyakitnya dan selalu semangat,senang
2in hehe. fix ini enak bgt,senang
semangat good luck,senang
nemu duit senang,senang
rejeki enzi si anak imut! pagi-pagi zi dpt jajan dari yg lagi ultah! wuhuu maaci ya iden~ semoga bahagia celalu (¢Ì€á´—-),senang
melihara tuyul aja enak,senang
baru bangun langsung disambut kabar bahagia,senang
semangat kalau papa yang pimpin senam.,senang
aamiin yaa rabbal'aalamiin semangat,senang
"wajar, aku bahkan baru bener bener bisa pake laptop di kelas 1 smk. ga harus bisa cepet kok, kalau keadaan ga mendukung yaa mau gimana? gapapa nder, semangat. mulai sekarang sedikit demi sedikit pelajarin yaa? ke sodara atau temen yang punya laptop, kamu minta ajarin gitu",senang
enak loh lagunya,senang
semangat pagi,senang
anjayy lebih enak itu sih daripada bagas,senang
"wkwkwk biarkan saja, yg penting dia bisa bahagia",senang
gempa tapi lagu lagi enak enak nya.,senang
"enak ya, bangun tidur langsung cuddle sama ayam",senang
event jam berapa sebenernya semangat ku udah menggebu-gebu jangan sampe mengabu.,senang
senang rasanya sehat kembali makan normal habis smpai bersih piringnya melihat senyum ibu2 semringah seorang penjual,senang
yok semangat yok kaa xixi,senang
"pengen tinggal di perpus, enak aja ngeliat banyak buku",senang
"allahumma sholli ala sayyidina muhammad semoga hari ini penuh keberkahan untuk kita semua, pekerjaan dan diperlancar rezekinya semangat pagi",senang
"nabilahjkt48 suatu saat kita kn berdua, 1 atap bahagia bahkan tuk selamanya",senang
semangat buat hari ini! ;3,senang
"pagi pagi di keadaan gue yg ga enak badan ada kabar baik banget, alhamdulilah jimin gue sembuhh",senang
aamiin yuu semangat,senang
semangat isah,senang
"happy weekend mba noni, bahagia selalu",senang
"selamat pagi om,sehat selalu dan tetap semangat",senang
kabar bahagia terus dari kemarin. mudah-mudahan bisa sehat terus semuaa,senang
"iyaa wlaaupun gajadi sma yg di video (pen nyebut nama tp takut) wkwk, tapi dia bahagia bgt with his lil family trus suka cerita2 kelakuan baby layla, kek bapak2 yg banggain anaknya bgt deh pokonya gemoyy. emg iyaaaaa enak bgtt, ini kesayangan sebelum exo",senang
haloo tataa. yg semangat yaa ngejar deadline nyaa,senang
cie libur semesternya udah habis ya? semangat wkwk,senang
wah sekolah? semangat yaa,senang
"aamiin, semoga hari ada yang nyantol ya! semangat",senang
semangat pagi juga,senang
semangat sender,senang
"hey, semangat!",senang
"sale pisang 8k, ini enak bangett . dom tangerang 5 qa?link toko ada di bawah ya",senang
"good morning gita, semangat buat nanti streaming nya (2Œ’_2Œ’;)",senang
semangat menambah,senang
"adek w ldks sm pengukuhan osis lewat online, ga enak bgt",senang
markf! semangat 2±400k lagi buat mencapai target we can do it kok yuk semangatt,senang
acc ini bener2 enak bgt,senang
", hi pagi kakkamu udah sarapan belum?kalau belum cepet sarapan ya? jaga kesehatan dan istirahat yang cukup juga!! aku bingung mau ngetik apa lagi intinya aku cuman mau bilang kakak semangat terus yaa !! banyak yang sayang,",senang
"waduh, yg wangi2 bayi sih enak. kaya zwitsal",senang
yuhuu semangat pagi yaww kak dan happy weekendd ^yn,senang
cakap senanglah.. tapi memang senang pun kalau hati kering. haha.,senang
"assalamualaikum, semangat..",senang
"tuhan, semoga istirahatku malam ini kau damaikan, dan pagiku kau indahkan dengan harapan dan semangat baru. aamiin",senang
"semangat trisya, happy weekend",senang
"makasi kembali ka, semangat pagi ^o^",senang
asli enak banget. apalagi kamunya sambil desah kencengg uuhh,senang
semoga quarter life crisis segera berlalu yaa~ semangat besteh~~,senang
semangat vancaa,senang
semangat fa,senang
"pantesan ada istilahdek cinta gak enak padaku? si adek bilang cintamu abang trus si babang bilang adek ku kalau kau cinta pada ku usir bapak mu..,..",senang
"enak daring bs sambilan nyantai"" dirumah",senang
"pagi, udah 2.6jt semangat yang hari ini streaming. enjoy streamingnya, nikmatin lagunya sambil berkegiatan yaa, biar gak kerasa",senang
"hmm imo, seni itu untuk dinikmatin, ga harus menguasai dasar2nya. sama kaya kamu ga harus paham hukum elektromagnetik buat main hp, paham hukum aerodinamika buat ngayuh sepeda, and lastly, hal2 yang mereka lakuin ini ga ngerugiin orang lain kok. biarin mereka bahagia~",senang
"semangat, jangan lupa sarapan",senang
sampai kapan kamu mau pura pura bahagia?,senang
yok semangat yok,senang
semangat nov,senang
siap! semangat jugaa,senang
morningg irish.. semangat hari ini,senang
hujan gini paling enak baca magangverse. sesuai sama alur cerita yekan. mana bulan februari pula latar ceritanya elaahh mas bii kiciww,senang
semangat pagi bang.. salam dari madiun.,senang
jangan lupa sarapan. semangat buat hari ini!,senang
semangat deh gw,senang
yuhuu semangat sabtuu,senang
dulu gua g masalah ngekos kamar mandi luar tp stelah ngerasain kamar mandi dalem ternyata enak ya,senang
selamaat terus semangat yaa sender,senang
"kei, enak",senang
"semangat terus ya kak, aku do'ain semoga kakak baik2 aja, percaya aja sama yang di atas, minta perlindungan, dan kalo ada masalah berdoa aja minta pertunjuk untuk jalan keluarnya",senang
semangat!,senang
kalo makan pake mie enak,senang
"gua liat lysyn dejun sedih, iya gpp jun kita nunggu wayv kombekmaaf ya jun semangat wayv",senang
"bismillah, pacar 2, dedek 2, gimana uas kemarin? semangat! tinggal seminggu lagi, tapi kangen :c",senang
enak bgt lord,senang
"semangat, bestie, aku kerja dulu ya nanti sambung lg",senang
"waa enak tuu, semoga libur mu bahagia yaa!~",senang
"pemipin yg penting byak ide bukan diberi ide terus menerus disetir, bgmna caranya bisa dalam jangka kurang 20th indonesia jadi super power rakyat makmur ..! gampang kok kuncinya tanpa perlu menghukum koruptor segala, tanpa, hutang, tanpa exploitasi sumber alam. sanggup..!",senang
semangat,senang
bahagia melihat tanda2 kehidupan,senang
selamat pagi!happy weekand enjinn!!semangat buat aktifitas hari inijgn lupa untuk v0te+stre4am nya yaa!! stay healthy&stay safe semuaa:)) -en,senang
alhamdulillah kayanya enak tuh kak,senang
enak banget,senang
kamu harus bahagia ya.,senang
masama mba.. semangat pagi,senang
"bismillah hari ini aku sehat, aku bahagia, aku berkelimpahan, aku menarik rezeki dgn mudah, segala urusanku dilancarkan, aku disadarkan dlm setiap ucapan serta tindakan dan aku dipertemukan dengan jodoh dan orang-orang yang baik. aamiin yaallah",senang
bila semangat mau pergi church tiba2 bersin x tentu pasal. umm. xdapat pergi.,senang
"semangat kak, aku setia menunggu ;)",senang
"enak kalo masak telor ceplok, margarin yg masih nyisa ditaruh di nasi behh",senang
"bismillah, yuk semangat pagii",senang
"pasti kuatt, semangat semangaatt",senang
semangat dipagi hari,senang
"oke, kak wulan. sama-sama ya. beyar senang mendengar kabar baiknya. selamat menikmati layanan indihome kembali dan selamat berakhir pekan :) -beyar",senang
"mun ujar jhon tralala ""semangat cantik""",senang
"aku pake skintific, enak nder gel gitu gak bikin banyak minyak juga di muka aku yang oily. gak bisa banyak review karena baru semingguan pakenya ;')",senang
"senang bangett pagi"" baru bangun udh dapat kabar baik dari jimin",senang
"pagi, mbak mita.. tetap semangat",senang
enak donk,senang
", wih enak kyaknya",senang
"aku sangat senang kamu mendapat atensi dari seluruh dunia atas kemampuanmu. dan akhirnya kamu berhasil menempati posisimu untuk debut. senang sekali. melihatmu berjuang dr awal karirmu, kamu pantas mendapatkannya walaupun harus naik turun dan jauh dari rumah. shen xiaoting yyds!",senang
"yang diharapkan itu pacaran dengan langgeng dan bahagia, kalaupun sekalinya menjadi mantan aku ingin kita menjadi teman bukannya musuh.",senang
semangat..! . tetap sehatt. .,senang
keberpihakan akan ketidakadilan ini yg senantiasa diperjuangkan gus muhaimin. semangat terus gus....,senang
iihh kok enak liburr,senang
"aku menemukan kentang goreng yang sangat enak aku akan memberitahu kalian nanti tunggu saja tidak sekarang, karena apa saja bisa dijadikan konten aku akan melakukan apapun dengan diriku sendiri jadi ini memakan waktu yang lama ^_^",senang
km jg ya isal semangat,senang
semangat..,senang
enak loh,senang
awalnya badmoodd parahh tpi abis dengerin ini langsung semangat lagi,senang
semangat qq,senang
",,,kalau ini beneren kiranya kau bahagia disana bersama orang lain.",senang
semangat flo ;3,senang
"semangat 45 biar bisa upgrade vivo y12 yang udah ngeleg, semoga ada rejeki aamiin",senang
ngopi +pisgor pagi begini enak kali yaa,senang
"met pagi ya, jangan semangat",senang
semangat kyoo,senang
"pagii semangat kegiatan hari ini, jangan lupa sarapan, have a nice day",senang
"diliat2 jaehyun kalo deket jungwoo tuh bawaannya ketawa bahagia terus. jungwoo lagi diem aja, tiba2 jaehyun bisa nyubit pipinya atau nepokin pantatnya jungwoo",senang
siaapp. semangat sllu yulin,senang
kenangan tetap ada tapi jangan terfokus disana. hidup lo bukan untuk kenangan tapi buat masa depan. tetap semangat!,senang
alhamdulillah.. yang jatuh jatuh tempo bulan ini udah di bayar.. tinggal yang receh-receh nya.. semangat!! pagii..,senang
ini enak parss,senang
"bagaimana yang aku rasa. tak jauh beda denganmu! intinya, kita merasakan sama. sama-sama menderita sama-sama bahagia! semua bersama :)",senang
padang enak,senang
"happy saturdayy , semangat buat hari ini! have a nice dayy ;3333333",senang
"kemarin sedih sedihan, hariini bahagia yaa",senang
tapikan asahi.. oh iya asahi orang ngawi .. nghokey,senang
"yang semangat, cantik",senang
"semangat pagi, semoga ada rezeki hari ini",senang
"sama aku juga gitu kak sender, kadang mikir knp ya aku ga kek temen ku yg banyak gitu suka ke dia, sedangkan aku udah mau kepala 2 belom pernah tu rasanya didekatin hehe tapi gapapa sih kan lebih baik jomblo, yok semangat jomblo sampai ketemu jodoh",senang
"aamiin, semangat jelly",senang
butuh ayang biar semangat skripsian,senang
"aamiin semangat yaa, tim arkeolog juga nihh",senang
semangat mengkulii,senang
lebih murah dan lebih enak ini drpd s*ri r*t1,senang
enak pastii,senang
kereen semangat,senang
semangat nugasnya fanyaa,senang
"di saat senang ataupun susah, menangislah dalam hati..",senang
wahh semangat uprak ny kakk:d,senang
aamiin! semangat ngeba nyaa sayaang,senang
semangat kk,senang
"sepanjang perjalanan hidup ini , terlalu banyak perkara aku lalui banyak juga kenangan yang telah tercipta , aku harap dimasa akan datang aku hidup lebih bahagia .",senang
kalau bubur kaya gini nggak diaduk enak banget plis,senang
semangat biyaa,senang
"bisa jadi tuh, kak. di sini juga kemarin begitu, beneran masih abg ini, sih. tapi semoga hari ini cerah",senang
selamat pagi semangat semoga segera bigwin ya,senang
enak lah,senang
"semoga cepat sembuh pak,, salam untuk keluarga besar. tetap semangat,,",senang
senang bangett,senang
"sama samaa, semangat terus kak nulisnya",senang
terlalu semangat demi dapetin ayang,senang
jangan terlihat begitu sedih minato. aku bahagia. kebahagiaan itu karena kau mencintaiku -kushina-,senang
wedang jahe buatan w enak bet,senang
hehe semangat ayang,senang
"pagi juga om, semoga sehat selalu ngopi om enak sekarang apalagi ngak ada beban liat kiri dan kanan liat orang mencurigakan",senang
enak dong klu di angetin,senang
semangat cii,senang
make notion enak juga wkwk tau gitu dari dulu make ini app satu,senang
iya mending batalin aja dripada kayak belanja sama batu anyway semangat upraknyaa!!,senang
semangat!!,senang
"pagi bang, sarapan bubur ayam enak nih bang",senang
"bersyukur sekali karena berkatmu aku juga bahagia dan merasa nyaman. inget taehyun tuh bawaannya happy,semoga panjang umur dan sehat selalu untukmu yang juga salah satu sumber bahagiaku",senang
kongkalikong paling enak emang sama beliau aja juaranya.,senang
"hahaha, ke-distract, ya? ayo kerjain sekarang. semangat!",senang
happy birthday!! semoga sehat dan bahagia selalu yaa,senang
"memulai pagi dengan bismillah.... mari kita memulai ikhtiar kembali.,semangat pagi.., eeeaa",senang
ini enak..semriwing,senang
semoga bahagia di surga.,senang
"lucu banget noona kolaborasi twibbon yaah? makasih banyak ya noona! have a nice day, semangat event!!",senang
"janlup sarapan, semangat buat hari ini",senang
semangat para atm wlm,senang
"pagii semangat kegiatan hari ini, jangan lupa sarapan, have a nice day!",senang
"streaming nya enjoy sih, soalnya lagunya enak hehe",senang
"allahumma sholli ala sayyidina muhammad semoga hari ini penuh keberkahan untuk kita semua, pekerjaan dan diperlancar rezekinya semangat pagi",senang
enak nih pagi2,senang
"kabar gembira untuk kita semua, kulit manggis kini ada ekstraknya, mastin hadir dan rawat tubuh kita jadikan hari ini hari mastin, tampil bersinar membuatku bahagia badan sehat rahasia mastin herbal, rahasia alam dari indonesia penuh pesona pesona mastin.. mastiinn good~~",senang
"morning moots semangat, bsk kembali nganggur.",senang
full cream cashew enak bgt!! marie oke lah. pengen nyoba matcha,senang
kayanya enak bgt deh,senang
"ya udah, semangat buat hari ini",senang
"buat hari ini ya!! u deserve to be happy. anw, jgn lupa sarapan cantik",senang
ngulet di kasur kenapa enak banget?? wkwk,senang
yh semangat,senang
becek2 dikit enak kok,senang
"hei semangat! aku juga tiap bulan dulunya tebus obat sama konsul psikiater, tabungan habis buat ngobatin mental doang, mahal banget bahkan kadang sampai nggak jajan sebulan, bener bener urusan sama mental tuh pejuangan banget, mau kantong mau perasaan, pokoknya ayo semangat!!",senang
happy birthday valee !! bahagia terus kamuu !!,senang
hai piaa semangat hari inii,senang
semangat bebebkuu,senang
"woo, semangat jalani harii!! hv a sweet saturday",senang
"enak nih, pagi2",senang
"finally jimin my angel, anak lucu uda negatif dan uda mau keluar dari rs kan senang banget rasanya jim lihat notif wv pagi ini makasih uda pulih pokoknya tetap jaga kesehatan sayang",senang
wahh semangat yaa,senang
lo harus semangat nan yok semangat yook,senang
semangat kerjanyaa,senang
good morning semangat harus semangat pkoknya semngat mencari rezeki,senang
selamat pagi pak dhe tetat semangat dan sehat selalu,senang
wah selamat,senang
"ihh enak banget, have fun yaa",senang
good morning ka sky! semangat ngeba hari ini yah sama jangan lupa sarapann,senang
dan hebatnya titik mematahkan semangat berada di keluarga sendiri,senang
yaudah semangat,senang
semangat nguli,senang
"done bismillah makasih banyak buat ganya semoga banyak hal baik yg dateng ke kamu, semoga impian kamu segera tercapai aamiin buat jaehyun dan soobin jg semoga sehat selalu, pokoknya be happy__anw let's be moots? oiya have a nice day kamu, be happy too okay, semangat",senang
semangat pagi.. semoga hari ini dilimpahkan banyak rejeki.. aamiin,senang
kurangi sambat tambahi semangat..gass sluurr,senang
sabtu yg cerah,senang
"maksud ak tp itunya yg gua melaka ga enak bgt bestiee, gatau sih tp kalo yg suka manis2 dan ga suka kopi kayanya bakal suka",senang
"have a nice weekend chii, semangat hari ini!!",senang
senang bangett jimin udh sembuhh,senang
"selamat ulangtahun bo, semoga sehat terus dan bahagia selalu yaa",senang
enak bgt pagi pagi masih bisa berak,senang
"kuuyy kak, mau liat haekal bahagia, tapi kalau sad end bakal lebih berkesan lagi.,hadu gw kayanya nyari penyakit de",senang
"haalooww bocil sunuu, selamat hari sabtuu, selamat weekend, jangan lupa senyum dan bahagia selalu hari ini, jangan lupa sarapan, trus minum air putih yang banyak biar kuat, have a wonderful day todayy",senang
bahagia kamu sedih amat sayang melibatkan orang lain yang bahkan ga peduli kamu seperti apa. terimakasih yuan selalu sayang diri sendiri dan menghargai masa lalu dengan tidak berdrama di masa depan.,senang
pagi bang semangat dmi sbuah perubahan dngn tindakan jauhi nato (not action talking only),senang
semangat mas bogs,senang
"best class ever pokoknya. susah, senang, sedih, semua nyatu sampe kangen berat pengen nangis.",senang
"semangat buat hari ini ya!! u deserve to be happy. anw, jgn lupa sarapan ayaa",senang
oalaah.. rajin ya ydah tetap & trs semangat ya,senang
iya emg enak,senang
"kak, semoga semuanya baik-baik aja yaa, jangan lupa makan yang enak dan dengerin musik yang bikin tenang supaya keadaannya sedikit membaik.. semangat ;33",senang
semangat dong aeril.,senang
"10000?0 sihh enak didenger gituu, lirik nya juga relate bangett djdjjfjf keren ya tuhan",senang
"halo, siapapun kamu dan dimana pun kamu semangat terus ya. masih ada langit di atas langit, semoga apa yang kamu takutkan ga terjadi ya! dan semoga hal baik yang kamu ingin kan bisa tercapai. klo msh ngerasa bingung cerita kesiapa, maybe kamu bisa mulai cerita ke aku, be happy",senang
semangat mbull,senang
semangat ka bitt! semoga sempronya lancar,senang
"yukk, semangat nih",senang
"masih lemes, ayo lebih semangat",senang
"semangat ya, fase fase seperti itu memang luar biasa",senang
"pagii, ngga nih cerah disinii",senang
"semangat dungs, pc & merchku blm dtg jdi hrs tetp semangat",senang
"happy birthday uri maknae semoga bahagia dan sehat selalu ya,",senang
aaa..senang banget baru bangun udh dapat kabar baikk,senang
"semangat buat hari ini ya!! u deserve to be happy. anw, jgn lupa sarapan adet",senang
enak dong,senang
"ga enak jg jd patrick gabisa cium bau apa"" wkwk ngakakkkk",senang
gapapa!! semangat ya sya,senang
"iya sama"" jadi semangat abil liat vidio kamu",senang
semoga harimu indah seperti langit yang cerah pada hari ini,senang
sabtu ceria,senang
bila akhirnya bahagiaku bukan bersamamu aku selalu berharap bahagia kamu adalah ssat bersamaku,senang
"semangat buat hari ini ya!! u deserve to be happy. anw, jgn lupa sarapan ola",senang
aowkaowkaowkoakw semangat ayy,senang
semangat !!,senang
selamat sabtu dan jangan lupa jaga semangat,senang
semangat rebahan gue mah,senang
"semakin didengerin suara gue makin ga enak,gitu kok pengen duet sama jungkook, yang ada nanti dia sawan",senang
alhamdulillah jimin ganteng bangun bangun pagi dapat kabar bahagia.,senang
biyar semangat,senang
"assiikk udah hari sabtu aja nih.. yg masuk kerja tetep semangat yaa.. indihome selalu mendukung aktivitas onlinemu,",senang
"iyaa. gorengan nanas tepung, enak bangeet deh.",senang
"semangat buat hari ini ya!! u deserve to be happy. anw, jgn lupa sarapan lita",senang
"semangat ngerjainnya, have a great day pit!",senang
"halo semuanya, semoga kalian tetep bahagia dan juga tetap semangat nge-ba nya yah-!",senang
alhamdulillah setiap melintas dapat melihat wajah beliau yang memberi semangat dan inspirasi untuk teguh dalam perjuangan.. sholu ala nabiy,senang
"enak banget kerja gak ada bos sambil dengerin lagu jeketi, nikmat sekali rasanya",senang
semangat senpaii,senang
"halo pahari samandiai,ada kabar gembira nih bagi para jagoan badminton di kalimantan gass skuy !!,ramaikan perebutan piala kepala bnnp kalteng pada turnamen badminton se-kalimantan tahun 2022 dalam rangka hut bnn ri ke-20.",senang
"alhamdulilah aa, jimin udah sembuh. berarti gue juga harus semangat dong biar bisa sembuh",senang
"gataww y gw happy pagi keekk ngalir aja, semangat rawr mwah lvyu",senang
enak banget aku kayaknya maret udah uts.. tbl tbl,senang
"semangat buat hari ini ya!! u deserve to be happy. anw, jgn lupa sarapan sebb",senang
"terima kasih buat pemilik akun cantik,sudah selalu hadir, mampir, singgah, di saat sedih. di saat letih. di saat suka dan gembira.",senang
mau athan sehat trs sama bahagia trs ok !,senang
"bukan cuma orangtua yg memotivasi hidupku, tapi kamu cileng, kamu buat hidup aku lebih cerah teens_shieren",senang
"semangat buat hari ini ya!! u deserve to be happy. anw, jgn lupa sarapan agas",senang
"alhamdulillah, i am happy for you nder, semangat teruss",senang
dan kau jadikanku ratu dikerajaan cintamu agar akupun bahagia hidup bersama denganmu selamanyaa a,senang
"oalah, semangat bi",senang
"jangan melihat masa lalu lebih baik dari saat ini, karena hanya buatmu sulit temukan bahagia tuk dirimu sendiri. just be happy!",senang
semangat kak biann,senang
sarapan dulu biar semangat,senang
"semangat buat kamu yang lagi latihan, ya walaupun gak ke notice. semangat",senang
akhir pekan bukan akhir kehidupan walaupun tidak ada uang yang penting senang,senang
semangat aktivis rpw,senang
"semangat buat hari ini ya!! u deserve to be happy. anw, jgn lupa sarapan anna",senang
semangat jangan menyerah terus mencolok!!,senang
mari marii semangat,senang
makan nasi campur pakai gorengan enak,senang
paling enak jadi orang yang kalem,senang
"mas put sakit apa? tetap jaga kesehatan dan jangan lupa bahagia,krn bahagia adl obat dr segala penyakit.cepat sembuh ya mas.",senang
"ditungguu, semangat tinn",senang
semangat nyatetnya plz plz demi bisa kepilih lomba,senang
selalu menjadi piala dalam keluarga walau kadang harus jatuh kebawah untuk sementara tetap semangat mafa..,senang
tak ada yang bisa ku lakukan selain melihat dan membuatmu bahagia.,senang
nugget dan sosis rebus itu enak ygy,senang
",, ayok semangat jaga kesehatan maka minum istirahat teratur dan asupan yg bergizi jgn lupa selalu bersyukur dan berdoa setiap saat alhamdulillah aamiin yaa allah yaa rabbal alamin,keren nih pak mentri bumn erick thohir semangat sehat pak,",senang
"semangat buat hari ini ya!! u deserve to be happy. anw, jgn lupa sarapan raa",senang
"happy birthday vale, bahagia selalu ya!!",senang
mantaf. pg jg semangat,senang
"yakan, semangat ngapalin treasure nya",senang
"ra, terima kasih banyak! aku senang dengarnya ¹. wah, sama-sama suka jennie. keren banget soalnya dia.",senang
"jelek bgt sabtu mu semangat ya, jgn lupa sarapan!",senang
semangat trus mbull,senang
"semangat buat hari ini ya!! u deserve to be happy. anw, jgn lupa sarapan adolf",senang
semangat dibantu doa,senang
"happy birthday tamaa, semoga bahagia selalu yaa (2´`)*",senang
"bangun pagi dengan perasaan bahagia inget kalo kemaren mark rilis child, lagunya disukai banyak orang, dan chartnya bagus bikin sender banyak beryukur sama tuhan atas segala hal termasuk hari ini bisa beraktivitas sambil streaming lagu sebagus ini! itu kan yg selalu,",senang
semangat kerjanya!,senang
enak dong :),senang
semangat y yang lain ueueu,senang
hai pagi semua!! selamat berakhir pekan semangat buat hari ini,senang
semangat kak,senang
enak atuh,senang
"haloo my lovely jejee, gua gapapa kok hehe, lu jugaa semangat yaa",senang
"agan- agan udah pada nyobain belum nih pempek kapal selamnya joeragan?dibuat dari 100% ikan tenggiri segar,enak loh!",senang
"have a nice day teh, semangat banget nih diliat liat",senang
"pesan semangat mangkalnya, unnie!",senang
"pagi nder, semangat nder",senang
semangat sender,senang
semangat yah,senang
kak vil cepet sembuh semangat recoverynya biar bisa nyusul jimin sembuh jugaa!,senang
"carasun ini enak juga ya jadi sunscreen, mana dapet ukuran 70 mlnya lagi, so worth it",senang
semangat dinda!,senang
ahh jimin udah sembuh senang banget,senang
semangat akakk,senang
semangat mencari nafkah untuk baby l nya ya kak. aku doain dari sini semoga selalu diberikan kesehatan yang luar biasa,senang
"hello to you. memang kadang perasaan gak tenang itu suka nyamperin sih, nggak enak ya? tapi gapapa, everything is going to be okay. hang on there ya, kalau pengen cerita boleh ketuk dm ku juga kok. semangat, cantik!",senang
"pagii, semangat juga yaa",senang
"happy birthday ~ maknae on top nya dreamis, adek kesayangan abang jeno. sehat selalu ya adek. terima kasih udah lahir ke dunia. bahagia selalu, __",senang
good tetep semangat bilang,senang
"selamat pagi mots, karena lagi g enak badan, makannya ginian. semangat.",senang
bolehkah aku dapat kata semangat darimu,senang
"happy b'day dedek jiee. adek nuna udah gede. ttap jd maknae yg sabar menghadapi kelakuan abang2ny yah. nuna syang jisung. bahagia terus yh. tenang aja, jisung ttap jadi maknae kesaayangan & yg pling kiyowok,,",senang
semangat snmptn,senang
"haloo cici, gua gapapa kok hehe, siapp cici juga semangat yaa jangan lupa makan dan minum jugaa",senang
"jangan jadiin beban, percaya sama kemampuan sendiri sendiri !! semangat pasti bisa !!",senang
semangat sampai punya satelit sendiri khusus keluarga,senang
semangat pagii..,senang
sabtu ga libur mas tetap semangat,senang
"tapi ""child"" enak banget si pas sama suara mark lee",senang
senang banget pagi pagi dapat yang manis manis ue ue,senang
puas!,senang
kaya enak aja empuk banget,senang
lagunya mark enak banget asli,senang
kan enak punya kapal min,senang
malah enak,senang
happy birthday marr!! bahagia terus yaa,senang
kamu juga semangat ya. sudah sarapan belum?,senang
kok gue senyam senyum sendiri bacanya.. semangat ya!!,senang
ada ga si yg semangat siap siap kemana gitu eh sampainya disana jd bdmd gatau karena apa,senang
mayan cerah buat nyuci,senang
"semangat, gua kasih minum nih",senang
"hii kak, semangat yaa, ga perlu khawatir apa yg belum terjadi, semua akan baik2 ajaa, jalanin aja apa yg udh di depan mata",senang
"semoga bisa jadi perempuan yang mandiri, semoga bisa terus nyari duit sendiri, semoga bisa tetep sayang sama diri sendiri, biar orang tua dan keluarga bisa bahagia , dan kalo suami banyak tingkah atau demen selingkuh bisa mantep ninggalin & mampu hidup sendiri.",senang
"seringan apapun masalah, karena malas ia terasa berat.seberat apapun masalah, karna semangat ia bisa diselesaikan & menjadi ringan.pagi =)",senang
"hey km tetep semangat yaa semoga cepet pulih. jgn lupa istirahat yg cukup, eat well & minum vit. speed recovery bestie",senang
semangat ya kak nanta!! semoga lancar operasinya terus cepet pulih deh semangat kakak hebat,senang
semangat cantik,senang
"wkwk benerr daripada bilang semangat, ajak liburan yuk",senang
"selamat pgi jga pak suryo, salam sehat penuh semangat,,",senang
harus bahagia terus dong,senang
demi apapun ini enak bgt fess,senang
semangat terus berkarya kak!!,senang
haloo minjuu habedee!! semoga sehat dan bahagia selalu,senang
semangat anggun aku jugaa setiap hari pulang jam 3 sore mana bimbel 3 kali seminggu,senang
"happy birthday, valee. bahagia selalu!! ;33",senang
semangat kak andoo,senang
"hii amaraa, semangat ya buat hari inii, have a great day ;33",senang
"selamat pagi, semangat olahraga",senang
ngakaka semangat~,senang
semangat noona!,senang
ih enak bgt aa mau jg,senang
semangat yaa.. gpp kok lama dr pd kmu yg cape stress jam tidurnya berkurang nyenengin orang lain itu bagus tp lebih bagus lg nyenengin diri sendiri dlu okaayy,senang
"saya jual sale pisang 8k, ini enak bangett . dom tangerang 5 6,4k terjual",senang
"yuk kak tamatin , semangat !",senang
lakaka ikut bahagia melihat ini,senang
", salam, melv. semangat skripsiannya, lu sekarang skripsiannya buat diri lu sendiri aja cukup kalau orang tua gak nganggep apa-apa mah. tapi masih dikasih uang jajan kan?,",senang
"ututu semangat bum, aku masih lama.. 7 maret",senang
"semangat bitt!! good luck, semoga semua urusannya dilancarkan ya, aamiin",senang
mantap bangettt enak cokkkk,senang
"aamiin allahumma aamiin,doa yg sama buat maak yaa sehat & bahagia selalu ya maak",senang
yok semangat yooooooook,senang
kasi puas hati member,senang
"jago juga middlesbrough, emang enak lu cr haha",senang
wikk semangat syg! jgn lupa makan,senang
"telor dikocok, butter dipanasin di atas teflon, masukin telornya, dorong aja atasnya kagak usah dibalik. jdi yg bawah mateng atasnya agak stengah mateng jdi shiny dan lembut gitu enak dah cobain wkwk",senang
semangat thor pokoknya semangat,senang
"jeyop kamu itu ceriminan diriku. terus hidup bahagia ya sampai akhir hayat kita. jangan sampai sakit, sehat terus, makan yg banyak, terus ciptakan karya2 yg luar biasa. sampai ketemu ditahun berikutnya",senang
wahh semangat nge-date bestie,senang
"tersenyumlah mi_christychibi, tinggalkan sedihmu. bahagialah, lupakan takutmu. tetap semangat dan terus menjadi yg terbaik :)",senang
semangat,senang
kerenn semangat,senang
ayoo kyy kita semangat bareeng ;3 ramein opmemnya wixst yaa!!,senang
"2 kali ngekos km luar. yg dulu gak enak, karena kotor dan suka rebutan. yg sekarang bersih dan adem ayem aja, duh pokoknya enak deh yg sekarang jadii tergantung kebersihan dan sifat dari anak2 kosannya yaa klo enak gak enaknya wkwk",senang
wkwkkw ayo semangat pantang mundur,senang
karena kaule dados bruder makane aja digodha nben ora lepas jubahe tetep semangat om brud,senang
"alhamdulillah selamat senderr, semangat",senang
gm gm keep streaming guys semangat,senang
kgk soalnya aku semangat event,senang
"selamat pagi! semangat nge ba nyaa, semoga banyak req dm",senang
ayo semangat,senang
"hii ayaa, semangat ya buat hari inii, have a great day ;33",senang
semangat ka tinaa!,senang
"makasii, lu juga semangat yaa",senang
"semangat ka fiony~~ sehat selaluu,we always love you",senang
"nelayan sejahtera, rakyat bahagia..semangaatt gus ketum",senang
gimana say yang tadi malam vcs sama tante.. puas nggak say..bugil dong say yuk vcs lagi weekend niihh yuk sange sepanjang hari,senang
semangat noona boleh abis ini sekalian bersihin akun gue :-),senang
"mensyukuri hari ini, belajar memperjuangkan sesuatu dengan penuh rasa ikhlas & semangat untuk sebuah kebahagiaan!",senang
"isi kepala gue""why why why kill my night"", alias child enak banget, muter dikepala terus. mark lee lo keren bangett.",senang
cerah ya,senang
"good pagi pagi on this partly cloudy saturday dipagi ini, happy day off n semoga harimu menyenangkan semangat theaterannya hari ini",senang
"semangat dhii, rest well ya",senang
ayoo semangat pagi inii,senang
"pertemuan petama setelah 4thn tidak bertemu, terima kasih karena selalu peduli, terima kasih atas teguran dan semangat yg telah diberikan.. terima kasih telah hadir di perjalanan cerita ini",senang
"emang lebih baik sih baby bahagia sama yg lain..krena dasarnya aja sejak 5tahun yg lalu pas si om lupa ingatan si om udah hilang rasa kan sama baby..drpda di paksa mending baby sama yg lain aja yg bneran tulus..si om juga udah nemu bahagia,a yg lain kan..",senang
"angel_chibi terima kasih karna km udah buat hari-hariku jd lebih bahagia , km adlh hal terindah di hidupku yg singkat ini :')",senang
happy birthday minju noona! semoga makin sukses dan makin bahagia ya! gbu,senang
"semangat om, podo ae iki kene. lg usum",senang
diannnn ayangg uee semangat belajarnya sayaangg jaga kesehatan yaa,senang
"happy birthday uri jisungiee semoga panjang umur, sehat selalu, karirnya semakin sukses, dijauhkan dari hal2 buruk, dikelilingi oleh orang2 baik, pokonya jangan lupa bahagia selalu yapp!,__",senang
"sukses mion, semangat",senang
"ajak depa bertiga jalan-jalan santai petang di lcct. saja nak tengok kapal terbang landing. hakak kau suruh ambilkan gambar. habang apa lagi. keluarkan segala skill yang ada. guna smartphone cokia made in china jer. alhamdulillah, hakak kau puas hati dengan air tangan habang.",senang
"kak kay maaf telat, makasii banyak-banyak kak buat ganya, youtube premium aman terkendali. telat bangett, padahal udah dari 4 hari yg lalu premiumnya huhu maaf kak. tapi serius dah enak nonton tanpa iklan tuh, makasii kakk, 2022",senang
"maaciw kak udah ikutan giveaway nya mimin, teruss semangat semoga kamu beruntung yachh, fighting ^lw",senang
"yeahh, aku akan semangat",senang
"dengan senang hati, kak ini, semoga bisa bantu memandu yaa,",senang
"kamu tahu? aku selalu selalu melawan pikiran overthinking yang senang sekali terlintas di pikiranku tentangmu. ""pantaskah aku? bagaimana jika kamu pergi? bagaimana jika suatu saat perasaanmu hilang?""",senang
enak banget ngudud pagi pagi,senang
semangat kali yak,senang
semangat ayangg,senang
hmm. enak sih. tp manis banget wkkwkw,senang
semangat kerkomnya ayra,senang
semangat pemulihanya sayankk,senang
"selamat pagi.. tetap semangat, tetap optimis biar bisa bigwin. amin amin",senang
semangat kak ell,senang
"met pagii,semangat kegiatan hari inii havee a nicee dayy!",senang
"lagi semangat belajar kimia, kalo gurunya ga dateng gue nangis sih",senang
"aku yakin, aku akan bahagia, jauhh lebih bahagia ketimbang dlu aku bahagia sma kamu., aku pasti bisa dpetin bahagia itu, pasti. pasti.. pasti.",senang
"haha, semangat kerja ssyangku. nanti pulangnya tiati yaa",senang
"terimakasih sllu dukung bang,selamat akhir pekan sehat dn bahagia",senang
denise semoga kamu bahagia y:)),senang
semangat o.w.l. ya!,senang
ya allah enak banget libur btw bulan ini sy cek out shopee isinya bantal sama blender jus mau memperbaiki kualitas bobok sama kesehatan wkwk ( saran dari dokter ) karena abis kontrol n sumpah rekor bb 64kg bhakk makanya beban badan makin berat ye shay,senang
pagii jangan lupa bahagia! km berharga! hrs inget yaa! hv a nice dayy,senang
semangat ya kak ;3 pasti bisa ;3,senang
"manusia manis, manusia baik, manusia cantikku, jimin udah negatif covid dan keluar dari rs? gimana rasanya menggambarkan rasa bahagia ku? jimin finally sayangg, tinggal pemulihan pasca operasi lagi ya:"") sayang kuu jimiinn",senang
"soalnya my biggest mistake utbk kemarin aku hopeless duluan, terlalu banyak kekhawatiran kalo aku ga lolos dan itu bikin ga fokus ga enjoy yaa kekhawatiran itu beneran terjadi taun kemarin wkwk semangat buat sendernya ya!! pasti bisaa!!",senang
nangiss bahagia kak,senang
hmm romannya ga enak nii,senang
mornin' pagi pagi ada kabar bahagia,senang
"kak caa semangat terus yaahh!! u can do it well!! kalo capek, istirahat duluu, tapi jangan lupa balik lagi biar ga makin numpuk sending a lot of virtual hug buat kakakk!!",senang
"cari bubur ayam yang ada malah bubur sumsum but issokey lah, sama sama enak juga. met mamam",senang
"aamin semoga lancar nder, semangat!!",senang
"hi, kak langit. waah mantap ya kak. semangat terus wfh nya kak. semoga sehat selalu. -diar",senang
himalaya enak bgtt aku repurchase berkali2 huhu,senang
semangat kak,senang
"hbd jisung, semoga km selalu dikelilingi orang-orang baik, selalu diberi kesehatan, dan semangat untuk cb nya yaa..",senang
mengeluh bukan berarti menyerah kok semangat,senang
yukk semangat ngeba,senang
"gaa, oke semangat nyucinya",senang
"lucu banget jisuung twibinyaa happiest birthday sayangkuu, wishing you anything but only the best one in your life. jangan lupa mam yg enak ya hari ini",senang
enak bgt,senang
"terimakasih udah sa-in dan bikin seneng selama 3 hari yaa dan bikin semangat harinya-aku yeaay! mau kasih love juga biar kamu gr .g,kamu juga sehat-sehat jangan kebanyakan makan garem kasian nanti darah tinggi (?) istirahat yang cukup, banyak minum air putih juga~ see ya",senang
"eh kak yumii rest well yaa, semangat belajarnya jgn lupa jaga kesehatan",senang
semangat tin,senang
hello adek kesayangan nuna selamat dirgahyu! yeayy adek nuna udah makin besar sekarang semoga lebih bahagia lagi dan lebih manis lebih tampan mempesona,senang
"semangat, semoga lancar ya",senang
"ada raisa makan semangka, ayo kak mimin yakin kamu bisa dan semangat terus yah ^xb",senang
roti tawar pke mentega enak jg,senang
demi apapun suaranya niji enak banget ya allah. sanji mengmaaf aku gonggong buat niji dulu,senang
siap sayang!semangat yak!,senang
semangat kerja di hari sabtu,senang
terong ga enak flop bgt,senang
"morning, semangat",senang
pagi juga mbk e yg cantik. cerah seperti surya matahari di pagi hari,senang
"á…  á… á…  á…  seru juga rumah deket pantai. boleh-boleh, saya masih muda. enak dong, udah punya pacar belum kamu? á…  á…  á… ",senang
pagi2 hujan enak bgt dah,senang
"enak kan, apalagi mie ayam yamin",senang
selamat ulang tahun adekk sehat dan bahagia selalu yaa,senang
ziung mania? mantap! selamat ulang tahun ya ngab. lewat pesona gua di twibbon ini gua turut berbahagia untuk pertambahan usia lu yang lebih cepat 3 bulan dibanding gua. semoga hari ini jadi hari yang unforgettable dan jadi hari yang menyenangkan untuk dihabiskan! bahagia selalu.,senang
harus semangat nyampe go nanti!,senang
yuuta t_____t semangat di sendai,senang
"pagi neng, semangat sekolahnya",senang
",,terimakasih saudaraku,sdh turut ramaikan.. selamat akhir pekan.. sehat dn bahagia..",senang
mau bgt,senang
"jalan lurus pergi ke bogor, semangat terus jangan sampe kendorgood luck yaa kak ^va",senang
seng semangat ah,senang
enak banget lagu hivi huhu,senang
"jisungg, selamat bertambah usia!! sehat dan bahagia selalu yaa!! __",senang
"selamat pagi cantikku,semangat kegiatan hari ini! jangan lupa senyum hari ini! have a great day!,",senang
senang bgt ya bs mengumrohkan org banyak,senang
"pagi, ibuk! semangat menjalani harinya~",senang
enak bgt y pak,senang
"aku adalah anak pemalas selalu riang serta mageran, karena aku rajin drakoran tak pernah tidur dan overtingking la la lalaa~~",senang
"kalau ibu sakit, ya ibu tetep kudu siapin makanan dll dll,walau pake delivery order segala macem,semangat ya bu",senang
semangat wkwk,senang
senasibb wahh ada less semangat yaa kak jepp jangan lupa minum air putih yang banyak!! have a great dayy,senang
"waah enak betul baru bangun hehe, ayo cepet bangun trus mandi",senang
mandi air anget pake garam enak jugaa yaa langsung freshh ke badan..,senang
yuk semangat yuk!,senang
",, congrats,keren nih pak mentri bumn erick thohir semangat pak,",senang
"glad to know that, semangat sender! itu tiap semester udah ada peningkatan bagus bgt. semoga dilancarin skripsinya ya ;3",senang
vsoy enak bgt tuh,senang
"enak, kebab bbq",senang
"morning, nie semangat yaa",senang
di chip enak biyanget,senang
"gue juga lagi sebel sm keluarga, tapi liat u aku ngerasa kek masalahku gaada apa2nya dibanding kamu aku ngerasa malu:( buat kamu semangat ya kalo mau temen buat something talk boleh kok yuk dm an",senang
"semangat om.apapun pekerjaannya yg penting halal.jgn menyerah, terus berusaha dan kerja keras.insya allah berhasil",senang
",, +,makasih buat sejauh ini, makasih udah baik bangett, udah selalu kasi support ke aku juga, udh peduli bgt sehat & bahagia selalu kalian",senang
ini emang enak banget,senang
semangat mas,senang
manjain mata biar puas~,senang
sarapan dulu dongg biar tambah semangat,senang
"turut berdukacita kak, semangat! big hug for u",senang
jaga kesehatan yaa dhe jangan smpe sakit dan tetap semangat ya cindvia_jkt48 ^_^,senang
makan enak,senang
"baru saja mau seneng ada aja hambatan, apa mungkin hidupku gaboleh bahagia ya.",senang
bismillah masih semangat masih optimis yakin bentar lagi bigwin,senang
semangat tinaa!!,senang
aamiin allahumma aamiin semangat pagi,senang
fokus aja ngembangin identitas tim utk di masa depan mu sudah ancur2an sejak lewat sepertiga musim yuk mu semangat benahi tim,senang
"disana menanti di sini menunggu .. gabutt naann ,, semangat pagii",senang
lebih semangat dari hari sebelumnya,senang
"uwah semangat, besok lusa ya",senang
"bahagia itu sederhana,yaitu saat kita lolos dari remed(^^)",senang
semangat hari hari masih panjang yang sudah biarlah berlalu alloh tau apa yang terbaik buat aku walaupun itu pahit rasanya sebelum nyawa di cabut sampai tenggorokan tidak ada kata terlambat untuk berubah lebih baik,senang
happy weekend all.. semangat bekerja,senang
"sejak kita mengenal dunia, orangtua mengajari kita tertawa, namun sekarang kita sudah dewasa sering lupa membuat mereka tersenyum bahagia.",senang
"diyann rest well syg, semangat belajarnya! jaga kesehatan yaa",senang
semangat membacaa,senang
"wah, ikut senang. selamat ulang tahun sender! boleh aku pakai twibbonnya juga?",senang
udah puas bgt itu mam seblak,senang
parfume kok ga ada yg enak sie aromanya,senang
",, aaww kamu jugaa yaakk semangat dan sehat teruss lop u tuu",senang
"huee ngakak that ah wkwk, mayan lah suntikan semangat sebelum perform",senang
"semangat msh pagi,",senang
"nape nk dengar cakap org? commitment you diorang settle kan ke? i tanye je. kalau nk puas hati manusia mmg tak you, sbb manusia sifat dia tak pernah puas.",senang
"selamat pagi mas,salam sehat penuh semangat dan selamat berakhir pekan",senang
"almond,coklat,stoberry,banana,matcha,sea salt,hazelnut,cashew,chocomalt,marie biscuits. lebih suka yang hazelnut,cashew,matcha enak pokoknya",senang
"is astagaa pengen beneh mencok aaaaa sesantap, is asinan enak jua gaknya sabar len masih blm buka puasa masih lama",senang
enak parah si,senang
iya enak!!,senang
"demi masa depan yang cerah,aku di larang menyerah",senang
mesti la bwak gi mkan2. bole sembng2 n makan skali. dah kenyang bru senang nak shopping.,senang
"semangat terus yaa kakkpastiin udah sesuai s&k yg berlakuu, good luck ^va",senang
aaaa semangat harinya juga kak azutt,senang
semangat ya,senang
alhamdulillah jimin udh sembuh. bru bngun tidur udh disambut kabar bahagia tuh seneng bgt. sehat selalu ya ganteng ku,senang
semangat zarven.,senang
"makasii, semangat juga buat hari ini pik!!",senang
"doaku ga minta banyak kok, cuma yg aku sayangi bahagia selalu, seperti km, ya km yg baca tweet ini",senang
masih pagi jadi harus semangat dong!!,senang
yo enak seh gawe tandang gawe ndang mari,senang
nasi di godong jati.. enak bnget mbak,senang
"anak muda kudu semangat, jgn letoy",senang
"semut aja semangat, masa kamu tidak, semangatttt",senang
"selamat pagi kk ku,tetap semangat dan ceria kita ya kak",senang
semangat nyucinya ayah,senang
semangat hari ini!!,senang
semangat nge ba!,senang
"selamat pagi tapanuli utara, semoga semua sehattttt",senang
semangat cari duitnya !,senang
hebat mantap luar biasa!!!,senang
gembira dengan keadaan,senang
kelon enak hun,senang
semangat tinaa,senang
"hihi, semangat trs ka bikin au nyaa! tulisan kk bagus bagus bgtt soalnya",senang
enak mek,senang
alhamdulillah.. semangat,senang
iya pasti lancar. fight! buka toko kue aja biar enak jualan tiap buka gue beli? :v,senang
"semoga hasilnya negatif ya kak sha,semangat!!",senang
segerr..selamat pagi sabtu basah sabtu ceria..yuks ngeroom ..,senang
semangat ya mbak..,senang
semangat harinya kak semoga banyak orderan yaa,senang
aduh nggak enak banget nih kel kalau misalnya klaksonin..,senang
semangat mboll saya support therapy kayak a blessing gt buat hidup gw goblgoblhlblb btw info tadi itu smua psikolog yak bkn psikiater?okter sp.kj jdi gapake medikasi gt treatment nya kcuali diarahin?ita minta arahan trs cocok2an emg jadi klo blm cocok jangan menyerah mbol,senang
"d-day aku bener"" berdoa yang terbaik buat kamu, semoga bisa sehat"" dan bahagia selalu, diberi kelancaran dalam setiap hal yang dilakukan.,makasih banget udah terlahir jadi jungmo, yang senyumnya selalu berhasil bikin aku mesem-mesem.,(part 1)",senang
silky drink yg blue citrus jg enak bgtttt,senang
kudu semangat,senang
"aa makasii, lu juga semangat yaa",senang
semangat hari inii jangan lupa sarapan!!,senang
eummmm apa yaa ketemu sama kamu kayanya enak,senang
"coba denger yang good riddance, give me novacaine sama stay the night. itu juga enak",senang
", nah gitu, kan enak. nanti gua kalo ditanya 'punya temen gak', masa jawabnya 'punya namanya badut oppo'. salken, hen. kenapa malu ya? asal halal dan menyenangkan mah gas aja kan. gua juga kalo bisa mau jadi badut oppo.,",senang
serius enak mas jd nya empuk banget dan wktu di goreng minyak dia ga minyakan jd keset gtu,senang
thank u ya brill. aku ga nyangka bakal ada yg baca twittku wkwkw. semoga aku semangat melakukan apa aja kecuali scroll2 hp. wkwkq.,senang
semangat puasanya dap!!,senang
"haii nottie, semangat yaa hari ini jangan lupa sarapan yaapy weekend -paw",senang
kenapa minum teh pagi pagi tuh enak bangett,senang
"pagi ini gk sengaja ketemu bestie yang baru nikah, seperti biasa kalau ketemu suka cerita dari hal yg gk penting sekali pun. sampai dimana! dia gk sengaja bilang kalau gk bahagia, dan gk ada rasa sama lakinya. syok? pasti! jadi intinya, nikah gk cukup hanya dengan kata' ""mampu""",senang
kemarin beli hibiscus berry yakult enak nder segerr,senang
"susu kenyot, lebih enak minum langsung dari sumbernya",senang
"semoga cepat sembuh , ga enak gatal-gatalnya",senang
ujan2 mcam ini enak ngezoo ah..,senang
hahaha lebih enak pakek nalar daripada mikir itung itungan,senang
semangat kerjanya ayang,senang
haii apa kabar gembira pertama kali twitter,senang
punya la senang benda ni ah kenapa dulu masa study aku budu betul ah,senang
pagiku cerah ku market ku hijau hijau,senang
"bahagia bgt hari inii,jimin diinfo sehat dan keluar rs, terus hari ini stay alive will be release alhamdulillahh serakah ga sih kalo pengen ngeliat foto ot7 hari ini?",senang
"jangan hiasi wajah dengan sedihmu, karena kamu tak pernah tahu seseorang bahagia hanya melihat senyummu.",senang
"salah dap, jadi gk suka",senang
hai widyaa!! jangan lupa sarapan dan bahagia ya hari ini have a good weekend,senang
bdsm bangun dengan semangat mengkangen,senang
sdf! rek info sarapan pagi seng enak wkwkw,senang
"haha iya, kamu juga harus semangat!",senang
semangat yang mau interview,senang
"gapapa yaa, semangat juga buat hari ini",senang
semangat,senang
"iya peran di about ada 3pengirim cerita, konselor, penonton. tapi di form cuma ada konselor dan penonton, kudu ottokhe??,seriuus? wkwk aku ngga tau ih kirain dah ganti jadi foto mijoo unnie aduh jadi ngga enak terima kasih kak rowun!!",senang
"semangat kementerian bumn pak mentri bumn erick thohir bumn hadir untuk negeri demi pemerataan pembangunan dan kesejahteraan masyarakat indonesia semangat pak,",senang
bahagia bgt,senang
"iya, rupanya enak cosplay jadi nasa",senang
wkwkw puas bgt,senang
cerah sepertinya,senang
semangat banget ya,senang
"habis dengerin, ternyata enak bgtt",senang
saya merasa bahagia karena pelaku usaha?mkm disana mendapat penuh dukungan,senang
"*the day !! seleksi daerah kompetisi matematika*,hai hai, para pejuang komet ke-18 hari ini banget loh!!,yang ditunggu-tunggu telah tiba semangat untuk peserta seleksi daerah kompetisi matematika ke-18!",senang
selamat hari lahir. semoga bahagia hingga ke anak cucu,senang
"tengok orang lain bahagia sangat in relationship, jadi ingin",senang
"kalo ke canggu, wajib banget sih ke moana sih. ini pesennya super random tapi enak semua. apalagi black sauce nya",senang
semangat mar..,senang
semangat bro,senang
"yay, nonton sendiri lebih enak.",senang
pagi q cerah ..,senang
"semangat diah, yuk bisa yuk buat hari ini. bismillah",senang
walah ak bantu pke semangat!!,senang
semangat untuk hari ini,senang
semangat pagiku bocil,senang
dopinge jo lali massee semangat! mugo lancar berkah,senang
"aku senang, jangan ganggu mood bahagiaku",senang
"aku arep golek bubur isuk2 enak ketoke, cuma mager men arep metu. adem wkwkw",senang
semangat presidenku.. presiden kita..,senang
nanaananaannanaa:(( cepetan balik okaay? jaga kesehatan!! jangan lupa bahagia dan bersyukur,senang
"aku, yaah standar sii sesuai harga ya 4 jam udah mulai luntur, tp enak ini teksturnya gampang diblendd coverage ajib",senang
masih semangat gais,senang
sumpah hp gue jadi enak banget tampilanya bersih banget dan smooth for scroll jadi nyaman banget coy,senang
ohh yaa? enak dongg,senang
kulit ayam enak banget sih ga ada duanya,senang
"setuju, lebih puas ajaa",senang
semangat banget,senang
sabtu ceria,senang
"apapun yang sedang terjadi, sesulit apapun yang ka arra hadapi. harus tetap kuat dan semangat yya! pacarnya renjun harus selalu kuat dong^^ so be strong and fighting pacar injun",senang
"anjay, semangat kk",senang
anda anak smp ? atau sma ? atau anda merasa keren ? gabung di di jamin puas ^^,senang
makan nasi goreng pagi pagi emang udah paling enak.,senang
semangat chingu,senang
risol kenapa enak banget ya,senang
"thank you buat ga nya dom jogja semoga taehyun, member tubatu lainnya, dan moa bahagia selalu,happy taehyun day,_21_,",senang
enak nya,senang
"ada badutan ga semalem chingu, butuh badutan 2 ayang biar semangat menjalani hari",senang
semangat teruss kapanpun itu,senang
semangat abang,senang
"keren yahh.., di pondok pintar ini mereka belajar dan fokus dengan apa yg diterangkan. semangat untuk kalian anak papua",senang
"hafal yang penting2 je. paling penting, accio. senang kalau malas amik barang.",senang
"happy birthday anak baik, anak manis yang selalu berharap dapat membahagiakan orang, dan tanpa ia sadari dia sudah menjadi obat penenang terbaik asteroid! bahagia terus ya! __",senang
lagunya enak banget trus liriknya related sama kehidupan kita sbg anak. yang mau kepoin nih,senang
"yosh semangat teruus! maacii asmakdoen pantjen ouye! semangat jg buat elu maakk, penasaran nih w sama hari senin lu nanti :d",senang
semangat dong ah,senang
"happy milad ya uni ku .insya allah diberikan umur yang panjang,diberikan kesehatan selalu,keselamatan,bahagia dunia akhirat untuk uni&keluarga.tetap semangat uni ku&tetap berjuang bela rakyat jelata",senang
enak selimutan sambil pake guling,senang
semangat ay!,senang
"hallo makjii. goodmowning, dah bangun belum? semoga hari ini berjalan dengan lancar yaa mak. bahagia selalu dan sehat selalu tentunya. semoga hari ini ada rezeki ku dan bisa pakai . have a good day",senang
semangat kak ica,senang
kuat bgt kamu nder semangat yaa,senang
bahagia bangett,senang
semangat juga mass,senang
"our time de best banget sih, gue rewatch berapa kali tetep aja nangis :'( mana ost nya juga enak lgi",senang
pagi cerah ini diawali dengan snwu manis-manis,senang
puas bgt,senang
semangat pagi dan tetap indah kan hari nya,senang
semangat ber kerja walaupun masih gini gini aja.,senang
"ini buat siapa woii, gua ngerasa soalnya lagi ga enak badan jugaa dari semalem, apa dia punya indra ke 10? hahahhaha ngarep banget guwehh",senang
i made it. akhirnya minggu berat kemarin terlewati dan puas bgt sama hasilnya. minggu dpn lebih berat tp setelahnya libur yuk bisa yuk,senang
sing semangat mbake..,senang
kaka ku pernah bigwin di salah satu host ga indo dan itu pertama kali dia senang banget,senang
"barakallahu fii umrik dok.. sehat, panjang umur, bahagia dunia dan akhirat. aamiin.",senang
sehat dan bahagia untukmu juga,senang
"gud morning selamat pagi, ceria & sehat selalu",senang
cerah oy.,senang
Bahagianya ketemu pacarkuuu,senang
wkwkwk gk marah padahal,senang
"8,5/10 enakk bgt suka rasa kuah pedesnya, apalagi kalo lagi emosi makan ini auto hilang emosi ku",senang
seru bangsat sih,senang
woi ternyata karna akun aku di privat makanya ilang hhahaahahahah maapfin aku twitter!! akunya bego,senang
emosi dituangkan dalam tulisan jadi keren gini gila sih keren banget semangat nulisnya,senang
"betul ah tu, aku selalu kena marah sebab tercegat kat depan kuali padahal sementara nak tunggu masak tu boleh buat benda lain hahahaha",senang
wkwkwakw ada kambing yg marah..,senang
"puas harini boleh lepas dendam, selalu mai kerja hari sabtu jaa duk syok tengok org seberang rancak punya duk jogging apa.. settle 2 round arini alhamdulillah",senang
mau marah tapi bener gimana dong happy taehyun day _21_,senang
"terima kasih banyak dyppo nuna. iya lucu, klo aku gk bilang lucu nanti marah nuna wkwk. ayok party tp semuanya buat aku, nuna diem aja duduk manis.",senang
"iya anjir wkwk ngakak. sama kaya sakura pada ikut2an benci. nonton juga kaga. anehh. mending villain yg hakikatnya memang jadi musuh. lah ini mereka bukan villain anjir, punya chara development, dah lah imo yg benci mereka kebanyakan cuma kaum ikut2an biar dikata keren wkwk",senang
aduh si tolol wkakkwkak,senang
huwa yenanya mami kok gemes sih marah aja segemes ini aru rela dimarahin yena trs tiap hari pliss mau karungin,senang
"guys klian hrus nntn mpua army sumpah,gemes bngttkontennya tuh nyobain eksperimen2 hng ad di tt atau video eksperimen buat sesuatu gtu.klo wksperimennya bhong atau ngk berhasil psti dia lgsg meong2 kek marah gtu,trs kabur",senang
"noblesse di webtoon eng udah daily pass, dulu gue kebut bacanya di eng sebelum dia daily pass wkwk tolol bgt",senang
"cocok temen sekelas gue waktu sma loyal dan kompak buat lekas bahkan waktu dulu sahabat gue yg cewe nangis karna dibentak adek kelas, anak cowok langsung pada emosi dan nekat mau nemuin itu ade kelas wkwk",senang
berasa bego kalau udh tinggal dikit lagi yg gak bisa jawab termasuk kitanya wkwk,senang
bodoh itu mah xixi,senang
bangsat haha lagian siapa yg pipis kek gt,senang
"santai bos , gak ush emosi , sabar ok. biarkan mereka menilai seperti yak apa , kita cukup memilih mana yg lbh cocok wkwk",senang
awokwok mw nge babu dulu sebelum kena marah emak,senang
10/10 seru bnget. bkin emosi,senang
wkwkwk lu sih tolol,senang
bales dendam aowkwowkw,senang
"kalo dijawabkan dengan member nct. diriku di real life seperti jaemin,di sosmed seperti chenle and haechan. kalo emosi seperti renjun. kelakuan macam jisung. kalau baku hantam ya kek jeno lahh. mark terlalu sempurna jika dijabarkan dengan diri ku wkwkek",senang
pura-pura bego saat dibohongi itu menyenangkan,senang
"ini ko orang2 komennya dia pada softie yak galak woi dia galak amat apalagi kalo aku belom tidur beuh kena marah wkwk dia baek, selalu jadi penyemangat trus kalo aku ngerasa insecure. moga kita bisa ketemu ye, pengen fangirling bareng ann",senang
seneng deh solonya mark bukan lagu marah marah mentok karena w gasuka lagu marah marah wkwk,senang
pgn ketawa gue klo lu emosi,senang
"alhamdulilah ya allah jimin sembuh,semoga ini yang terakhir juga,asli aku benci dapet notif ""hello this is bighit music""",senang
"terpujilah blues! tiap birama ketiga contra bass yang memetik kunci kres: dendam sadis disibak, lalu dilepaskan.",senang
wkwkkw bego haha,senang
"terimakasih allah, terimakasih abah. skrg ni abah tak pernah pun salahkan mimi dah kalau porch sepah sbb kucing dan monyet, tak marah mimi kalau tak masak sbb abah akan tolong masak perubahan ni sejak kitaorg kena ujian covid raya lepas, abah masak nasi lemak hybrid nasi ayam",senang
gue masih senyum2 ga jelas grgr jungwon wonyoung kmrn. lucu bgt gue marah,senang
"wkwkw ya gitu nder ldr susah wkwk. dia dari awal nge dm cewe aja sala. lah ini malah marah sama lu, marah balik lah jangan diem doang",senang
lahya? ngapain marah? wkwk,senang
wkwkwk bangsat,senang
"gue jugaa dulu gitu nder wkwk tapi nanti seiring berjalan nya waktu reda kok amarah nya, belum bisa berdamai sama keadaan aja mangkanhya bawaan nya marah bgt tapi gapapa wajar kok itu, wajar banget. semangat nder",senang
"gua duduk sebelahan sm kak ji, tapi kita chattingan lwt hp. trs dia ketawanya ""awokwok"", gua reflej bales ""aneh banget ketawa lu"", abis itu dia marah ngambek gtu wkwk",senang
"marah gpp nder wajar itu, asal jgn berlarut"" ya, jgn jg doain jelek ke mereka, karena apa yg kita tanam itu yg kita tuai, jadi tenang aja, yg penting kamu ttp jadi orang yg baik okay? send love, u deserve better and the best partner",senang
seru ya ternyata nontonin orang bego,senang
coba sampai ep 12 banyak bucin tolol wkwk,senang
"be mine iphone 12, my dream!! shopee jangan ragu untuk pilih aku sebagai pemenang nya ya, aku akan menjaga nya dengan sangat baik.",senang
"kaget, tapi oke, bintang 5 dari aku.",senang
you termasuk lagu japan album kn ya? dlu sempet kaget pas denger. kek ga ada abis2nya nemuin lagu bagus di pentagon,senang
"jika kita tidak pernah gagal sebelumnya, kita tidak akan pernah belajar kesalahan kita. jadi, jgn takut salah !",senang
"gs astra menjadi pilihan utama oleh hampir seluruh produsen kendaraan bermotor di indonesia (oem quality) jadi, jangan ragu untuk membeli produk di gs astra ya!",senang
nyaris bgtt tp bersyukur banget sihh kaget aja liat nilainya wkwk,senang
kaget ajg tapi seru wkwkwkwkwkwk,senang
bubar bubar ini anaknya pada senewen lihat draw yang gue kasih langsung kaget kwwkw,senang
alhamdulillah dapat dukungan moril.. setidaknya kedepan tidak takut mencoba lagi..,senang
"satu bulan belakangan lumayan sibuk banyak kegiatan di luar rumah.. terus beberapa hari yang lalu asam lambung sempet kambuh udah takut banget bakal drop lagi.. tapi ga disangka, puji tuhan hari ini kondisi aku udah jauh lebih baikkan.. thankyou jesus",senang
temenku non kpopers tbtb suka lagu ini wkwk terkejuttt wkwk,senang
makasih masukannya malu dan senang bercampur aduk,senang
"eng! guys aku abis bikin poem bahasa inggris lagi hihi, pada nangkep maksudnya kah? takut ga nyampe meaningnya",senang
alhamdulillah ga malu,senang
"rendah sekolah ku jumlah kuota eligible mipa ada 95, dan aku rank 85 dg rata' segitu sempet takut bgt kegeser krn ada byk murid yg data nilai' nya salah, tapi alhamdulilah ya allah tetep masuk eligible",senang
beh kaget tiba tiba makasii min wkwkwk,senang
"kaget ngeliat notif, disebut kqkwkw",senang
"dia emang gituu aku juga greget, gemes soft banget di rl tapi kalo liat film/dramanya kaget sekeren ituu",senang
panik dia panik udah mau part nya wkwk,senang
ihh takut bgt loch wkwk makasyii,senang
"itu pas workshop school rangers bareng anggota baru, trus pas main game celananya p'nicky robek. gun keliatan kaget gitu, off mah ketawa ngakak",senang
"untung aja bener, jadi ga malu-maluin",senang
alhamdulillah pake kerudung karena keinginan sendiri. justru malah malu pake baju haram,senang
luci : aww jd malu wkwkwk,senang
chico vs laksya nih tbl tbl takut banget loch. mangatttt chico,senang
huwaa anjir kaget dan senangggg banged kaka gue pulang kerumah skskw,senang
"apapun asal gak makan harapan palsu dan ketidakpastian, makji btw, disini ujan deres. makan seger2 asyik kyknya",senang
hahhaa ngakak banget bin malu pastinya wkwk trs ketauan ga siapa yg cepirit?,senang
makasiih.. iya ya ampun kaget bangett,senang
kalo sunda jukut itu rumput kalo kalimantan timur jukut itu ikan.. saya sunda nanya sama suami kalitim.. abang makan nya sama apa..? trs suami jawab makannya sama jukut.. saya kaget kok suami saya makan nya pake rumput kaya kambing.. Ngakak kwkwkw,senang
"kaget banget pas nonton yang bagian ini, tapi abis itu ngakak karena ekspresi dia gemes lo",senang
masih paling nanti agak cacat aja dikit wkwk,senang
"semangat ya team, jangan lupa doa dulu setiap sebelum tanding, kalian yg tanding saya yg takut ini soalnya, pokoknya semangat terus, jangan merasa terbebani okay! enjoy your match!",senang
"26. (awalnya malu-malu, tapi lama-lama mau) i vote for at the 2022",senang
"team b baku hantam dari awal wkwkwwk emang gak ketemu tetangga tapi jodohnya sama korea:) ngeri"" sedap nih, akan ada baku hantam antara pedepokan dubai sama tadika mesra:)",senang
hahah yaallah trimakasi telah menghindarkan saya dari rasa malu perbadutan,senang
aw jadi malu wkwkwkwkwk tapi senang bengeettt,senang
alhamdulillah gak malu,senang
all the best buat women's team dan men's team ina takut dikit tapi saatnya pelapis kita menggali pengalaman dan melatih mental. fighting!!,senang
kak bisa ke sf jg keren dah jujur takut tapi seruuuu,senang
sbb aduu tegang gitu ye wkwk,senang
but today presentasi geo malu banget tapi legaaaa wkwkwk,senang
akhirnya ga malu lagi,senang
"terinspirasi dari kekuatan doa, yuk zuhur ini kita saling mendoakan. saya titip ke teman2 doakan tuk kesembuhan ibu dan kelancaran prog dakwah aja . temen temen mau titip apa? komen aja di bawah yg malu komen, cukup like aja ntar di doakan yg baik baik",senang
"alhamdulillah beneran jeongwoo, aq jadi tidak malu nanti awoaowkakw",senang
alhamdulillah ga malu lagi kita tum,senang
tau aja lu kan jadi malu gw wkwk,senang
ih jadi malu dipanggil bestie sama makji tapi happi,senang
wkwk kenapa harus malu? kocak wkwk,senang
lucu banget kakak tertua takut sama saya.,senang
"hwaah jadi malu dibilang wendy og. Tetap bersyukur :D makasih banyak, kiel",senang
"dont. kalo panik, ntar stres, makin kebawa ke badan. percayain aja ke dokter ama susternya. yg penting lo disiplin ngobat, makan, minum, istirahat /pukpuk stay strong brooo",senang
alhamdulillah enggak jd malu tuk kesekian kalinya,senang
"trs kalo ciput, kalo kena itu disuruh pake atasan mukena!! awal2 liat kaget trs kayak mau ngetawain gt, tp makin lama makin biasa. atau engga, kalo lg ada pemeriksaan trs lg ga pake ciput, kita pada muter balik ngadep tembok masang ciput ga nyampe 15 detik lol",senang
semangat ya dirimu tak takut tetap berjuang,senang
udah kayaknya segitu aja review (pantas disebut review ga sih?) atau kesan yang gw rasain selama nonton snowdrop gw ga spoiler terlalu banyak jadi moga pas nonton tetep bisa kaget dan kesel wkwk since its one of must watch drama too! ^^,senang
wajibb. nyak dulu ambil karna takut abis hahahahahaha,senang
"wkwk tapi maaf banget ini aku nganggep lucu. grup angkatan ada yang ngabarin crush ku ilang. aku malah kayak ketawa panik, tapi sebenarnya gak panik, soalnya dia laki, terus katany hobi traveling. tapi semoga itu cuma becandaan ya, soalnya aku ngetawain. terakhir on 11:33 pulsek.",senang
"gemes kalau liat kamu malu malu, mau saya kekepin seharian.",senang
"ga kuat ngakak bgtt, ap g malu y orngny di spill gini",senang
iya kaget ngeliat saya rajin hehehe seneng,senang
wkwk sama bangga banget merasa bener nebak jeongwoo walaupun sempet ragu sama bahunya tapi yakin suara jeongwoo,senang
wahaha syukur ye gajadi malu,senang
wkwkkw ga jadi malu sefandom,senang
"tiba-tiba keinget, dulu pas ospek ada senior yang baik banget sama aku, sampe diajak ngobrol pake bahasanya dia, aku gak ngerti dong, ternyata dia pikir sekolah asalku dari provinsi dia padahal beda haha tapiya tetep baik sih, cuma dia agak malu aja tiap ketemu",senang
wkwk panik u?,senang
gue jugaa hahhaa plus kaget,senang
"lagi sebar duit lewat dana kaget nih! cuma buat kamu yang paling gesit, sikat sekarang",senang
"yuk, bagi sobat pandai yang lagi jomblo, ldr, atau jauh dari yang terkasih, jangan khawatir. bisa banget ikut coaching clinic yang membahas informasi terkait dengan tugas belajar dan izin belajar ini.. ehe. untuk mendaftar, sobat pandai bisa cek di ideas yaa~",senang
jadi malu :3 tapi seru wkwkwkwk,senang
mandiri tanggung jawab rendah hati sabar dan takut akan tuhan..itu saja udah cukup utk harapanku :3,senang
agak malu tp alhamdulillah sih wkwk,senang
ampun kenapa para seme pada risih atau malu buat manja? hey kalian begitu tuh lucu banget tau malah mau kekep ampe bengek .g,senang
"iyaa, terus eps 10 maren tuh banyak animator anime yang keren ditarik jadi emang hasinya ngeri mantap banget sih",senang
alhamdulillah kaga jadi malu,senang
iya kebalik lah wkwkw mana ada ngaruh wkwk yang ada mereka yg ganti jadwal aja kalo bareng biasanya mereka yg takut wkkw,senang
malu bgtt anjrot hahahahahhaa ngakak,senang
"bingung banget si, kaget..tapi mari kita hadapi dengan percaya diri dan dengan gayamu sendiri saf, semangat!",senang
"mjb, tapi baca ini ngakak banget, pura pura kaget :D",senang
"eh iya bener, aku kemaren kepilih buat ngisi acara rapat kan nah aku takut klo ngomongnya belibet trs aku minta sama allah biar dilancarin semuanya, dan bener allah lancarin semuanya sampe acara selesai",senang
"kalo udah interact sama kamerad joo ngga jadi kesel, mana kamerad joo nya gemes banget kayak malu malu kucing plis gw jadi salfok sama mereka their little moment in every episode are so precious",senang
"aku pernah ni begini, lebih ke malu sih wkwk karna masak bareng temen tapi seruuu",senang
cb bayangin kl sbenernya itu foto idol kpop trs di edit sm si sendernya woaksowkak,senang
"alhamdulillah kalau nanti balik lagi, panik banget tadi tapi bersyukur ja deh",senang
oke berarti dianya panik jd jawabnya ga konsisten wkwkw,senang
ternyata abang masih inget dirikyuu jadi pengen malu akyuu,senang
"ada jg razia yg ga upacara. pas kelas 8 pernah sekali sok sakit jd stay di kelas sm 3 preman kelas tp ketauan gt trs pas disuruh turun ke lapangan, 2 org lain jalan jongkok supaya ga keliatan (kelas w lt 2) dan w sm yg satunya lg jalan biasa trs dikira bolos buat pacaran ajg malu kawkawkawkkakawkka",senang
kaget tapi senang aa changmin,senang
hai kak ria aku baru selesai baca reksa arisa dan ceritanya bagus banget kak ria keren banget udah buat cerita sebagus ini makasih banyak kak dan maaf ya aku sebenernya bingung mau ngetik nya takut ada salah kata semoga kak ria bahagia dan sehat sehat terus ya kak ria,senang
"wkwk padahal kemaren gw dah siap siap nahan malu, untung gajadi",senang
sehat selalu panjang umur aamiin,senang
"kalau cewek udah ngeblokir/mute akun org, tapi msh ngintip akun org itu, konsepnya gimana tuh sis.. : definition of munafikun.. kangen tp malu dia bro.. haha..",senang
nyenye gak takut wleekk wkowkowko,senang
"pas punya dowoon wonpil kaget karena baru tau ada wish dari member, pas young k ""okee eod"", pas sungjin ""lahh,, ada dia juga wkwk""",senang
"wkwkwk inget banget sama video ini, yg namjin muji penampilan hobi terus ada juga pas video jungkook muji kalau hobi hari itu ganteng banget gak kayak biasanya, sampe malu anaknya i vote for at the 2022",senang
kok orang-orang pada takut kecoa? padahal seru loh liat dia terbang.. Wkkwkwkwkwk,senang
semangat bar2 tanpa takut limit,senang
"kita mungkin sekarang merasa takut, tapi nanti itulah yang membuat kita menjadi lebih kuat. cemangatttt",senang
"terkahir deh, sengaja jg baru update skrng krn waktu itu banyak bngt pikiran smpe mikir takut ga lulus jadi blm berani share, eh aku lulus ternyata bestie hahah. ini beneran terkahir.",senang
"semoga! hihi, terima kasih banyak, lisa! itu lagu bucin pokoknya wkwk, tentang cewek yang selalu mau menghabiskan waktunya sama seseorang spesial yang dia suka",senang
"astaga temennya glo ada di mana-mana. rasanya males banget gak sih buat ngelanjutin gambar-gambar lama wkakak. hmm yupi ya, dulu aku suka beli yupi ulet apa cacing ya. pokoknya yang kayak ulet itu. tapi sekarang udah gak pernah beli lagi hehe",senang
"selamat pagi, sender! kebetulan alec sesuai banget sama kriteria kamu. dia main fc nya jaehyun terus side fcnya juyeon! dia juga bukan orangnya cuek dingin sama pasangannya, justru dia itu sangat talkative dan suka diskusi banyak hal!”",senang
"jaman smp, aku sering banget nangis. ngerasa aku orang yang paling menyedihkan, punya banyak masalah. semakin tambah usia, aku baru sadar ternyata hidupku ngga ada apa apanya sama orang lain, ngga serumit orang lain. kadang suka ngakak, apalagi kalo nangisin cowo",senang
"waktu kecil suka banget ngomongi masa depan ke teman teman, eh udah gede malah suka ngomongin teman. ngakaakk",senang
"oiya mau nambahin lagi! meskipun cara anaknya ambis tapi dia anaknya ga kaku dan galak, justru cara tu orangnya rame, suka spam sticker tuyul, dan tiktok jelek memang manusia tidak sempurna maka dari itu, ketidaksempurnaan cara adalah humornya minus banget",senang
"aku gak suka yang bertele tele phi, enaknya makasih na phi! jangan bosen bosen kasih aku makanan dan kawan kawannya",senang
"done, wish me luck suka banget momen skz yang ini, lucu. selalu ketawa terus tysm!!",senang
nunggu banget nanti malam karena mau lihat konfliknya nunggu banget nanti malem karena mau lihat siapa penulis barunya *biasanya suka muncul tuh di opening,senang
"suka korea tapi level kebodohan bucin hanya untuk diri sendiri dan gak nyinyir kesukaan orang. so, gw setuju sama ini",senang
jadi hater nya gofar tuh enak tau wkwmwkwkw kalo kejadian ini fix gofar yang bener mereka tinggal bilang gak suka sama kelakuan nya. geser isu wkwkw biar gak malu malu banget udah belain orang skizo selama 8 bulan,senang
"ini gua ketawa banget liat komennya, lu bedain bg mana yang deket sama yang kaga. lu kata exo temenan cuman satu tahun dua tahun? kaga anjr wkwk. suka duka udh di lewatin sama"", ngejokes bgtu udh biasa. lah notabenya yang baru kenal udh sokap? lol,lu pikir sendiri aja apa bedanya",senang
"udah dong! sekarang akunku aman banget, tapi kadang masih suka takut kalau ngetweet tiba tiba gak bisa kekirim. : c tapi kayaknya itumah sinyal. anyway, semangat untuk hari ini!",senang
"manajer kayanya. suka bikin planning sbnrnya walaupun sering banget dipatahkan sama keadaan, stay strong",senang
"pengen banget punya jaket varsity, eh taunya dikasih jaket keren, alhamdulillah rezeki anak sholeh.",senang
"i play both! tapi lebih suka the electric one, karena amp sempet rusak jadi udah lama gak main! (tmi: when i was in a band, i play the keyboard though.) oh dua-duanya udah gue baca! your letter tuh artnya bagus banget.",senang
"katanya dulu jeno pernah ngasih hadiah powerbank moomin ke renjun ya? kata jeno biar renjun selalu inget jeno terus pas renjun pake powerbanknya. oh terus jeno juga pernah bilang ke renjun ""bisa ga sih kamu suka sama aku kaya kamu suka sama moomin? aku cemburu"" wkwk lucu banget",senang
allah kalo ngasih surprise suka banyak banget jd terkejutt bahagia ahaha,senang
"w ngerasa cringe bgt anjir dr kmrn, kayak mau ngetik kak tuh a nya suka ilang jd kk emg sama aja si.. cm kan kesannya baku banget kyak w ngetik kakak tp di singkat jd kk hehe, kocak and ngakak deh pokknya",senang
jgn pergi anda kata ustadnya ya suka suka dialah stad wkwk,senang
"amanda, dia temen sekelas aku waktu kelas 7. dia tuh cantik banget masyaallah, baik jugaa kalo ngomong tuh anggun, bawaannya adem aja kalo ketemu dia, trus anaknya solehah + pinter, dia suka ikut2 organisasi gitu. kurang apalgi coba",senang
"done all, wish me luck aku suka banget foto hj pake topeng gini kaya pangeran gituu",senang
"ini ibuku banget, beliau suka heran kok anaknya bisa beli barang2 kpop terus masih bisa beli baju dll, sampe ngira aku jual narkoboy terus tak jelasin aku selama ini suka jual macrame baru ibuku lega",senang
"kok bisa setengah doang? waduh asik banget, kak juyeon suka lagu yang mana??",senang
aku tau ini telat tapi welcome dear waa seneng banget dengernya kalau kamu suka maapin ini authornya lagi bingung ama cerita sendiri gegara chapter baru tokrev jadi nunggu lama doain semoga ada hidayah(?) ya anyway thank you for reading,senang
jenius banget sihh makasihh kamu belajar darimanaa,senang
"wow hari ini rasa rajin banget. belanja ke pasar terus bikin ebi furai nge-recook resepnya ci devina hermawan. untung berhasi dan enak, jadi semua orang rumah suka.",senang
"not sender tp aku jg udh selesai baca,ini genre romance+mental health bagus banget kalo suka cerita yg ga cuma ada romance-nya tp jg bahas banyak hal tentang mental health yg banyak bahasan psikologi-nya jg. dibawa jalan2 jg krn authornya ngedeskripsiin tempatnya bagus.",senang
"ya itu binghe emangnya syp lagi kk aku gatau siapa"" ya buat km, sp lg coba mutualku kalo mau kasih temen juga gk mungkin, mrk lbh suka dikasi boba daripada gambaran ku wkwk",senang
"sukailah suka, sayangilah sayang, dan cintailah cinta..maka di akhir perjalanan kau temukan kebahagiaan",senang
"wahh suka sama tanaman ya om? sama kaya ibu aku. kadang emang gitu om, kalau sama2 sibuk atau salah satunya sibuk jarang banget ketemu. kalau nanti jadi ketemu sama adiknya titip salam ya om, semangat menjalani harinya. anw, enjoy your day om",senang
"haai, sender! selamat pagi, aku mau kenalin anak aku namanya kaitlyn () yang bisa banget kamu ajak food date mcflurry hari ini loh. kalau untuk varian mcflurrynya, kaitlyn suka yang mana aja kok atau nanti kamu bisa obrolin lagi sama kath ya, sender. --",senang
"paling suka sih sama line guardiannya yg terakhir kali, seinget gue yg di versi thai guardiannya juga bilang gitu ""after all, life is a merely long-term homestay"" itu bener bener kayak, astaga.. mixed feelings banget pas denger itu",senang
"sekian. gue sampe detik ini masih suka feel so amazed banget sama jungwon, keren banget dah pokoknya nih anak kalo gue jabarin satu satu bisa jadi manuskrip berharga yang diperebutkan seluruh dunia.",senang
"*kumpul keluarga relative: wah uda gede banget kamu, sekarang hobinya ngapain aja? mak gua: ohh si ini suka banget baca relative: wah iya kah pantesan kacamatamu tambah tebel itu gua: hehe iya tante.. also gua: /yg dibaca manga sm fanfiction smut ngakak abissss",senang
"tapi seru juga ya bacain tweet yang kemaren kemaren feeling orang gilanya dapet banget, aku suka ngetawain nasibku sendiri",senang
"teh godhong kupu aq udah jadi satu teko gitu biasanya buat 1 hari, 3x minum.. rasanya kaya air cincau gt.. kalo yg suka manis bisa si kasih madu dll, tp aku lebih suka kasih garem dikit (sea salt aq abis jd pake himalaya) enak gt rasanya ada hint manis dari daunnya, seger!",senang
"mauuuuu!! aku dari kemaren mau mcflurry banget nder t__t tapi mau yang biasa aja yang oreo t__t aku ga terlalu suka yang varian barunya, kemanisan t__t",senang
"100 days my prince, ini wajib banget ditonton apalagi kalo suka romcom",senang
bener banget .. aku baru suka khh sekitar 1 bulan ini dan mulai mendalami dan segi rapper dan agensi mereka but u know wait agensi aomg dan h1ghr music yang di pegang dan di kelola jaebom bener2 hebat dan di isi segudang prestasi artis nya,senang
"gue paling suka romansa sama jolly, wanginya manis tapi pas. kalo yg manis banget itu charming, soft tapi manis banget. kalo pengen gak terlalu manis bisa coba yg fantasia. kalo freshy aroma manisnya beda, gak soft gitu manisnya lebih ke nyegerin. this is my opinion.",senang
"lucu banget ""kalo gak minta izin nanti ortu kamu gak suka sama aku"" ngakak awkakwwka",senang
akhir nya costum aku datang sekian lama nunggu paling suka banget blakang terbuka depan terbuka yuk yg mau bo hari ini dan mau isi slot buat malam minggu nanti langsung dm aja wajib dp!!,senang
halo mas jnt makasih sudah mengantarkan paket kesayangan saya tapi nama saya double r,senang
seru banget kadang suka rewatch wkwk 8.5/10,senang
"pagii!! mau ngenalin anak lama yg ak pribadi suka banget sm backstorynya krn kyk fabel xixi ini malam sm senja. dulunya mereka hewan asli, lho. tp dewi bulan dan matahari ngerestuin mereka jd manusia krn beberapa hal",senang
"yg aku suka dari idexpress ada nama kurirnya, mana cepet banget njirr",senang
ini rame banget urang suka ge pas kr bocil wkwkw,senang
"kalian yang belum nonton, mending nonton sii, awalnya nonton ini karna d.o. tapi malah suka ke jo in sung nya juga) plot twist nya bikin nangis banget, apalagi scene ini",senang
"fess ada yg suka minuman non coffee apa aja dan pake susu almond? biasanya minumannya apa dan beli dimana? kmrn aku beli latte sbux pake susu almond, suka banget, tapi mau nyari yg non coffee",senang
"banyak2 baca dan latihan ngerjain soal, tapi gue dulu suka kimia karena ibuknya baik, sabar dan enak banget ngajarnya, guru favorit guee pas sma wkwkk",senang
"jangan gitu nder, gua juga suka keluar tengah malem terus foto kembang itu, bagus banget soalnya pas liat wkwk",senang
terima kasih sudah belii semoga suka dan berguna dan membawa berkah yaa,senang
"sebagai yang suka main game online, butuh banget internet cepat di rumah. kalo internet lancar, main game juga bakal jadi lancar. untung di rumah udah pasang indihome",senang
suka banget ngeliat luka ngehajar clippers wkwk,senang
"ini loh kayak gini tiap baca ceritanya, aku suka ketawa karena kelakuannya aku banget",senang
"banyak yangg aku mau belii, tapi mungkin aku beli 1/2 buku ajaa aksks pengennya wishlist aku ke coret semua aku dari dulu emang suka banget baca buku kayak novel genre nya bebas deh kecuali komik soalnya pusing baca nya",senang
"kalo indonesia aku lebih suka per artist sih kayak kunto aji, tulus, sama yura yunita soalnya liriknya bagus-bagus bangett",senang
"morning cantik, kebetulan nih kala pakai fc taehyung dan side fc nya jungkook jadi pas buat kamu wkwkw avail buat hari ini bisa kok tipikal aku itu suka banget bawel sama pacar terus juga kadang suka cerita hal random gitu dari mulai sambang sampe merauke wkwk bahasanya",senang
iyah enak banget coba denger banyak idol yang suka juga dan tentunya ost main vocal gfriend hehe,senang
"buat kalian yang butuh epha app prem yg murah, fastrespon dan suka kasi promo, aku opres batch 2 sampe full member nih! mau intip pl atau mau nanya2 dulu? bisa banget! rep aja nanti kuketuk dm-nya ;3",senang
baca di mf ini deh nder udh bnyk yg kasih review soalnya. tpi klo kmu suka drama ringan & fresh.. cocok sih.,senang
ketika dokter pembimbing demanding suka nanya2 tetapi dia baik banget,senang
"suka banget kalo main twt tiba"" ada yg random begini . btw makasii sender udah bikin ketawa",senang
terima kasihh! aku kemarin sempat down banget karena pertama kali jadi komisi orang gitu. aku takut orang gak suka desain ku sampai sempat stress seharian tapi alhamdulillah dia mau nerima terus dijadiin desain baju jualan dia huhu,senang
"terima kasih banyak kak derza! aamiin aamiin terima kasih atas semua ucapan dan doa baiknya. semoga semua doa baiknya berbalik ke kamu ya. terima kasih sudah menyempatkan ngucapin selamat ulang tahun ke aku hehe. terima kasih juga atas hadiah, kue, dan bunganya. aku suka banget",senang
"selain itu, saat ini belut juga sudah menjadi cemilan yang dikembangkan oleh beberapa umkm lho. wah, keren banget kan. paling suka makan hidangan apa nih dari belut?",senang
baca bitmoji stories suka ngakak sendiri. karakternya aku banget kayak gitu. tengil ngeselin,senang
"inilah yang sudah lama kunanti. akhirnya ngadain webinar yg topiknya nendang banget, yaitu tentang toxic relationship. yuk lah bestie yang masih suka galau2 masalah percintaan mending ikutan ini!!",senang
rasanya tuh enak banget kalo di gadoin apalagi kalo habis dr posyandu gitu suka dikasih terus gadoin bareng sama temen2,senang
"me too, malah kalo menang ga suka aku kasih tau, jd kalo aku beli2an barang gitu kek ""yaudah kalo ada uangnya mah"" wkwk",senang
"random banget gue mimpiin mereka berdua wkwk dulu bucin banget sama film ini, gara gara film ini gue sempet suka film film thailand wkwk",senang
"sumpah no comment. brcnd. temen gue lumayan lama paling lama itungane udah mau tiga tahun apa?so far so good galak banget tapi sumpah keren banget anaknya kreatip dan suportip, suka minum kopi sehari abis dua liter abis itu bilang gabisa tidur :v",senang
"aslik suka banget sama natrep. msh ada produknya yg under 20k. cocok di muka pun, ga bkn break out",senang
"iya bangett, tapi no wonder sih. mama pas masih muda cantikk banget. pas baru kerja pun, katanya banyak atasannya yg suka. kalo liat album mama pas masih muda, beuh mau nangiss cakep banget mama sama temen-temennya juga cakep-cakep",senang
"tentang makhluk mitos bulgasal yg mau balas dendam, dan dalam perjalanannya dia tuh bertemu dgn keluarga. kayak ini balas dendam, tapi juga fokus pada hubungan antar manusia. aku suka banget bagaimana hubungan tiap dari mereka develop pokoknya bagus bgt huhu",senang
aku buncit dan pacarku malah suka banget. katanya gemesin. dia suka cubit2 perutku kalo lagi motoran,senang
"maria vania cukup memerhatikan fashion saat berolahraga jetski, main tenis, hingga golf!",senang
udh solo stan masih aja dukungnya stengah stengah wkwk apa rasanya faves kalian lebih sayang sama member yang kalian ga suka?? lol wkwkwk,senang
"mamakku itu, emang cantik banget mamaku dulu mamaku suka porotin duit cowok wkwk sekarang alhamdulillah tidak mendukung ke anaknya",senang
"kaya dia bakal kasih apapun ke orang itu, tapi jarang banget kejadian soalnya kan gemini suka main main jadi jarang banget tuh mau serius gitu wkwk",senang
"bener banget haha sampe skrg msih suka kebayang2 sendiri, temen2 yg baru nonton aja aku jdi ikutan nonton saking gamonnya",senang
"itu dibase. nyari mutual, trus bilangnya ""aku suka foto ga jelas"" tapi yg di post jelas banget makanya mau ketawa wkwk",senang
"selamat pagi dari pku,tante baru bgn,nyenyak banget bobonya ga gerak2 semaleman semoga sehat n happy selalu teman2 se alter.yakin selalu ada rejeki tuk kita hari ini ya . cemilan dari momo juga ikut menemani tante visit pku,emg gitu tante suka bawa2",senang
kala brown keong cup cocok banget nih buat kalian yang suka barang cantik dan unik,senang
"baru banget beres baca, dibawahnya ada bonchap dong gg bisa ngeclaim lagi l bagus banget au nyaa, aku suka dan jarang banget nemu au seokjin thanks",senang
". lucu banget tetangga ngira aku punya baby karna tiap pagi suka gendongin kucing cium cium. dia kira baby sampe dia nanya ""babynya umur brp mbak?"" aku malah ketawa",senang
"dulu gojek rame banget dan grab juga masih sepi, katanya sebagian saham uber di beli grab jadi macam kerja sama mereka. kwkwk ttp w lebih suka uber sendiri weh ga mau balik lagi apa ya",senang
cinta tak suka berlama-lama dalam kesedihan. just move on! -,senang
"kok suka ya liat fadly, omnya gala. kaya adem gitu liat wajah dia. nggak yg cakep banget, tp adem aja diliatnya kek ubin mesjid.",senang
moots aku free tag jadi tag aja sepuas nya oke aku tuh suka banget liat notip ku banyak gini,senang
setuju banget. ak jg orgnya ngantukan suka tbtb merem lg beraktifitas. minum kopi aja udah ga mempan tau2 setengah jam abis ngopi malah ngantuk bukan melek wkwkwkwkw,senang
ya allah exol makin banyak. seneng banget deh rasanya. even mereka hiatus pun masih banyak yang suka,senang
"dulu nemenin mbah nonton ini sepulang sekolah atau kalau lagi libur waktu siang . mbahku juga kalau nonton ini serius banget nyimaknya wkwk. aku suka bercandain dgn ganta ganti channel, apalagi kalau pas scene naga terbang ngakak bgt ngeliatnya",senang
"halo ka ofiee!! aku suka bangeett sama genre au kaka yang baru. semangat terus ya nge-au nya. jaga kesehatan selalu, dan jangan lupa baha.. ” haii!! woww aku seneng banget dengernya makasi yaa udah suka dan mau bacaa jangan lup.. fiecc",senang
"suka banget sama dialog ini, simple tapi ngena buat gue pribadi, harus diabadikan /ckrek",senang
"pertama suka idolnya tsukipro itu dari 2.5d butai tsukiuta, suka banget six gravity, baru deh dengerin drama cd dan nonton animenya. lalu menjalar ke grup lain kayak solids, growth, vazzy dan infinit0",senang
"tetangga ku baik baik semua,agak kepoan sih tp masih batas wajar,ga kepo2 banget. suka tolong menolong,murah senyum,pokonya betah deh",senang
entah suka banget kalo denger musiknya wagakki band.,senang
"renjana beuhh bagus banget!! sempet baca sampe tamat di wattpad sblm naik cetak. biasa nya ga begitu suka baca novel tentang reinkarnasi soalnya bahasanya biasanya berat, tapi disini bahasa nya mudah dimengerti",senang
sebelumnya.. yang meraknyat aja belum ngapain mendunia.pujian di luar negri hinaan di negri swndiri..pak anies cinta rakyat cinta warga..utamakan kemakmuran kedamaian kedaulatann..gw suka gaya pak aniss..,senang
"hahaha sama, lagi baca ulang volvoreta gak tau kenapa kakak tuh suka banget ngulang baca volvoreta, habis aku revisi haha tidak ada lagi part ekehm nya, jadi amann",senang
39. suka banget klepon,senang
"haii jugaa boleh temenan gak min, jujur tweets kamu seru banget dan sering seliweran di tl suka liatnya!! telat gak sih min baru nawarin diri :d",senang
dan ffvii juga! saya suka banget dengan konsep sekolah magic soldier di game ini. dan battle antar sekolah. pertama kalinya cutscene battle squall vs seifer memikat jutaan player (i hate rinoa!) jauh sebelum harry potter rilis,senang
"iya, gaya penulisannya aku suka banget, ringaan. enakk bacanya hahah",senang
"assalamualaikum temen-temen ini keadaan alan sekarang yaa sudah lebih baik alhamdulillah dia makannya lahap, sudah minum obat dan rutin aku kasih salep tapi sayang banget dia kalo pup minta keluar rumah dan harus dijagain supaya nda kena kucing kampung yang suka nyerang k",senang
wkwkwk mana uah mau end kan. emg si adnan suka banget bikin kita kepikiran. wkwkkw,senang
sampe temen temen aku inget aku suka banget sama lagu ini haha,senang
"mana pas syuting lucu banget, suka becanda bareng jisoo",senang
"aku bukannya nda suka sih tp ngga bisaa, karena punya alergi rhinitis dan kt dokter kalau bisa di kamar jangan ada terlalu banyak barang biar nda memperparah, jd wkt itu siklusnya beli - baca - jual/kasih orang. untungnya sekarang udah ada e-reader puji tuhan!",senang
"alhamdulillah kabar baik jugaa, udh srpan belum niee ??",senang
"alhamdulillah jimin udah sembuhh amyy,plis seneng bangett lagi disekolah seharian bdmd gatau kenapa dengar kabar ini langsung naik moodnyaa,sehat-sehat terus yawwww",senang
halloo pagi pagi buka hp dapet banyak kabar baik,senang
haii hai ikut po md photopack di mirfa yuk dom tangerang bookslot cuma 50k bisa dicicil santai! ^^,senang
bangun2 demger kabar jimim sembuh tuh bahagianya,senang
alhamdulillah jimin pagi2 kabar baikk,senang
pagi ku cerah karena dapet kabar baik jimin udah sembuh walaupun hari ini hujan deres bgt di dom ku vote for at the,senang
wkwkwk santai aja ayok mutualan sini,senang
"alhamdulillah,, dapat kabar baik",senang
"haii, apa kabar? jangan lupa sarapan yaa , minum air putih banyak banyak , jaga kesehatan yaa!! . kalo keluar rumah jangan lupa pake masker , cuci tangan dan jangan lupa jaga jarak . have a nice day , semangat untuk hari ini!!",senang
"haii sasa, apa kabar? jangan lupa sarapan yaa , minum air putih banyak banyak , jaga kesehatan yaa!! . kalo keluar rumah jangan lupa pake masker , cuci tangan dan jangan lupa jaga jarak . have a nice day , semangat untuk hari ini!!",senang
"pagi-pagi ada kabar baik kalo jimin sudah sembuh, dan tinggal menjalani masa pemulihan doang. alhamdulillah, sehat-sehat terus jimin!",senang
baru bangun dapet kabar baik,senang
". seneng banget pagi-pagi dapat kabar bagus begini, syukurlah jiminnya army sudah sembuh. sehat selalu jimin.",senang
bismillah.. semoga saja beruntung done,senang
seneng bgt bangun tidur dapet kabar jimin udh sembuh dr covid,senang
"alhamdulillah pagia"" dapet kabar baik",senang
"i think senpai-tachi found it kenchan is so cute tho. i mean, mereka berdua tuh udh kenal kenchan dri umur belasan tahun atau bahkan kurang, trus dapet kabar dia nikah dengan salah satu orang yg mereka kenal juga, jadi ngerasa kyk ngebesarin anak sendiri pasti wkwk. lucu banget",senang
"alhamdulillah yallah pagia"" dapat kabar baik rest well jimin",senang
seneng banget pagi2 dapet kabar dari ayang,senang
selamat pagi luar biasa tetap semangat,senang
hari ini dapat kabar baik,senang
"ntah kebetulan atau engga, setiap gua udah capek banget, ada yang dateng ke mimpi buat nannyain kabar haha makasih loh ka wooya udah mampir ke mimpi dan jadi tempat curhat haha",senang
kabar baiik yey,senang
alhamdulillah jim kamu udah sehat jangan lupa kasih kabar ke army ya ?,senang
"uri markeu selamat buat solo stationnya yeayy proud of you, makasii udah nyiptain karya yg luar biasa, makasi jg udh nyiapin banyak hal di thn kemarin dan thn ini, sehata"" trs ya mark, aku tunggu projek selanjutnya, speechless bgt dan smg karyanya bisa jadi motivasi ya mark",senang
kabar baik di pagi hari cepet pulih jiminie,senang
alhamdulillah jiminiee. masi pagi udah dapet kabar baik! senengggggggggggg -pagi,senang
saya udah biasa dibilang jahat wkwk,senang
untuk perempuan yang apa apa biasa sendiri kalian luar biasa semoga diberi kesehatan jasmani dan rohani semangat !,senang
"huaa alhamdulillah pagia"" udah dapet kabar baik dari jimin",senang
beyb sabtu gini biasa rame gak ya.. btw semangat ya semua! semoga hari ini laris manis,senang
alhamdulillah yaallah dapat kabar baik pagi ini jimin is covid free,senang
"happy birthday sender!! wish u all the best, be happy ya bsk giliran harinya aku tp pasti g ada yg ngucapin jg, ya gpp dah biasa",senang
dapat kabar baik alhamdulillah jimin udah dinyatakan negatif covid.,senang
puji tuhan seneng banget pagi-pagi dapat kabar kalau jimin udah bisa pulang ke rumah,senang
alhamdulillah luar biasa allahuakbar,senang
wonya dia santai tapi kena ke semua otot. mantap.,senang
pagi' dah dapet kabar baik bgt alhamdulillah bgt si,senang
alhamdulillah pagi2 dapet kabar baik,senang
"bang tombyyyyyyy apa kabar, lama gak nampak, sehat slalu ya.. ayo ikutan bang.. alhamdulillah kabar saya baik, dan masih wangi",senang
muantap luar biasa,senang
"jangan khawatir boy, gw juga gagal pinalti tadi kok. apalagi ini cuma kompetisi haha hihi piala fa aja, santai boy.. kata babang ronaldo.",senang
uaa naf thank youu!! wowkwow tentu saja pastinya dong,senang
hehe have a nice dayy!! semoga hari ini dapat kabar baik!,senang
kemaren nangis kangen jimin skrg dapat kabar dia sembuh puji tuhan banget,senang
"setdah salut banget sama sender, aku tak sanggup menjawabnya karena aku di perikanan saja sudah hampir menangis tiap malam pusing tugas + prak haha semangat nder",senang
have a nice day! semoga hari ini ada kabar baikk,senang
"bangun tidur dapat kabar baik tentang jimin seneng bangett, jagoanku udah sembuh",senang
alhamdulillah pagi ini dapet kabar baik,senang
lagi seneng soalnya dapet kabar baik i vote for at the 2022,senang
alhamdulillah jimin pagi yg baik kabar yg baik,senang
ga biasa tdr miring kiri jadi kemeng2 wkwkw ngakak,senang
alhamdulillah pagi pagi dspet kabar baik sehat selalu yaa sayang kuu,senang
"jiminn, makasih udah berjuang untuk pulih seneng banget denger kabar kamu udah keluar rumkit tinggal masa pemulihan, istirahat yang banyakk yaa malaikatnya army",senang
alhamdulillah pagi pagi udah dapat kabar baik,senang
"semangat kak, jangan banyak pikiran dulu ya kak biar imun nya tetap baik kak, banyak minum vitamin kak, ditunggu kabar baik nya kak",senang
"ah, kabar baik pagi ini. thanl youu, big hit. thank you, jimin, thank you, allah alhamdulillah jimin",senang
alhamdulilah jimin kemarin mimpi jimin dan sekarang dapat kabar kekgini seneng banget jimin we love you,senang
sebenernya males bbgt gue tuh kalo bikin persona seolah2 gue biasa aja sama newwie padahal nya mah gila bangt akwkwawkkawkaw,senang
"omg!! finally ada kabar baik pagi ini. jimii syg kuat banget, hebat banget. bangga sama jimii skrg banyak2in istirahat dulu yaa syg! mam yg banyak. jangan capek2. semoga semakin cepet pulih, kesayangan lulls",senang
my! baru bangun terus buka hp dan dapat kabar kayak gini. seneng banget ya ampun,senang
alhamdulilah kabar baik dipagi hari. ada yg bisa jenguk dong. stay safe and healthy uri jiminie,senang
begitu bangun dapet kabar baik dari jimin,senang
"alhamdulillah pagipagi dapet kabar baik i'm soo happyy yayy ayang jimin udah sembuhh, tinggal pemulihan abis operasi nya aja ya..",senang
wkejwkk tengkyu aisy kayaknya biasa ajah dech :d 3,senang
yaallah kabar baik bismillah yaallah ini jalannya,senang
pagi yg cerah dapet kabar baik dari bighit,senang
"yash, seneng banget hari ini dapet kabar jimin sembuh! i vote for for at the 2022",senang
oit gmn kabar lu wkwk,senang
"puji tuhan kabar baik jimin sudh sembuh dari covid dan sekarang tinggal proses pemulihan nya abis operasi, tapi tetap jaga kesehatan terus dan banyak istirahat ya..",senang
my! hari ini seneng banget huhu. dapet kabar baik dari jimin say alhamdulillah buat muslim armys terus nanti stay alive mau rilis jangan lupa kita punya goals juga ya. harus semangat pokonyaa,senang
kabar baik bnget ya hari ini jimin udh negatif cvd trus keluar dri rumah sakit cuma tinggal masa pemulihan hbis operasi doang hbis itu jimin udh bisa beraktivitas lgi kaya biasanya,senang
"aaaaaaaa.. ayang dah sembuh alhamdulillah jimin nangis weh, rada trauma klo dpt notif dri wvtp alhamdulillah dpt kabar baik",senang
"jangan kenceng2 nanggepinya bg, akun cuma 1 follower mah biasa reply idiot gitu akwoakwokw",senang
"aku langsung nyobain nder, ini pake minyak telon doang sih. wah luar biasa :')",senang
luar biasa pak,senang
alhamdulillah kabar baik jimiinn,senang
"baru bangun, puji tuhan dapet kabar baik tentang jimin",senang
yey ada kabar baik pagi ini. love you jiminie,senang
alhamdulillah jimin sudah sembuh dari covid senang banget pas dapat kabar kalau jimin sudah sembuh,senang
"pagi pagi disambut sama kabar baik dar jimim gimana nih rasanya? semoga hari ini mood baiknya terus terjaga sampai akhir hari yaa! jangan lupa jaga kesehatan juga biar jimim ga sedihh, have a nice weekend lovely a‚^ a· ^a‚Ž",senang
pagi' dapet kabar baik tentang jimin,senang
"hari ini dapat kabar bahagia, masyaallah alhamdulillah..",senang
"wauww seneng dong wan bacot mau ngapain saja sdh bebas : bkr pasang naturalisasi bgn klaster2 smr resapan demo setiap hari buat sirkuit di monas ngecat atap2 rmh warga buat tugu2 sepatu beriklan mangkrak tugu sepeda keren, bebas mau ngapain saja",senang
"aku baru bangun tidur, langsung lihat ada kabar baik. alhamdulillah jimin udah sembuh",senang
"hi guysss jangan lupa cek berita dan ya terus saksikan dengan meriah konsernya hari ini, mangattsss",senang
"pagi-pagi dapat kabar ini seneng bangett emang abis sediha"" selalu ada yang bikin bahagia",senang
"baru bangun tidur, trus ngecek twt trus dapet kabar jimin sembuh tuhh masya allah senengg bangett, langsung senyum2 sepagi ini wkkwk i vote for at the 2022",senang
"mau ini bener atau kaga, tapi klo denger kabar baik soal timnas, selalu seneng sih",senang
"jiminku sembuh, semoga dia secepatnya bisa beraktifitas seperti biasa",senang
kabar bahagia banget pagi ini,senang
"erick thohir luar biasa hebat, applause",senang
excited sebab dah lamaaaaa nak beli cincin. pastu dia selalu cakap dia tak biasa pakai cincin so tak suka sangat pakai so bila dia pakai tu ehehhehege seronokk,senang
kabar atashi juga baik nee~,senang
puji tuhan ku bahagia banget rasanya dapet kabar jimin udah sembuh..,senang
pagi pagi dapat kabar bahagia,senang
alhamdulliah jimin happy bgt dapet kabar baik. sehat sehat terus ya kesayangan banyak orang. untuk yang lain juga tetep jaga kesehatan ya,senang
"alhamdulilah, luar biasa, allahuakbar",senang
"iya bener, mood bgt pagi ini denger kabar jimin.. perjalanan ke tmpat kerja senyum2 terus sambil denger lagu bangtan, ngasih tau bpk2 di jalan jg gue ramah bgt njir",senang
"lah ada ahah, aku kira orang biasa pas lewat gasadar, makasi judith uwu",senang
senang banget dia udah seperti biasa lagi mantappp,senang
"ya allah baru bangun dapat kabar baik alhamdulillah jimin kamu udah (-) cvd-19 udah boleh pulang juga , banyak"" istirahat ya sayang semoga bisa pulih secepatnya dan bisa nyapa army lagi , i love you jiminie",senang
baru bangun langsung disambut kabar menenangkan,senang
senang rasanya sehat kembali makan normal habis smpai bersih piringnya melihat senyum ibu2 semringah seorang penjual,senang
alhamdulillah dapat kabar baik untuk hari ini happy banget semoga cepat sembuh total baby mochi,senang
"pagi pagi buka twt langsung dapet kabar baik, jimin udah negatif dan tinggal pemulihan pasca operasi. seneng banget aku tuh, udah lega rasanya. terus jaga kesehatan ya baby mochi",senang
kabar bahagia terus dari kemarin. mudah-mudahan bisa sehat terus semuaa,senang
alhamdulillah pagi-pagi denger kabar baik,senang
yuk istirahat lebih cepat semoga besok dapat kabar baik,senang
sumpah ini keren banget sebutan komputer manusia karena beliau mempunyai kecepatan yang luar biasa dalam melakukan pekerjaannya sebagai analisis data. kuncinya adalah : tetap menjadi diri sendiri,senang
alhamdulilah jimin akhirnya negatif juga ya sayang seneng banget dapet kabar baik dipagi hari huhu sehatsehat be,senang
kabar baik utk kita semua,senang
"kemarin mencoba wedang ronde jago salatiga. memang beda dengan wedang ronde biasa selain isian bolaa"" rondenya yg padat, ada semacam manisan jahe di dalamnya, renyah dan tentu saja nampah pedas jahe perlahana"". mantap",senang
pagi pagi dapet kabar baik huhu nangis banget makasih ya allah,senang
"mobilnya mantap uiii kayak di iklan di berita, maknyuss senang",senang
y pgi pgi luar biasa,senang
gud mowningg pagi ini diawali dgn kabar baikk bgt uvvuu alhamdulillah jimin udh sembuh akuu bahagiiaa stayy healthy ya jiminie love you,senang
"semangatnya cmn beberapa jam saja, wkwkkw happy taehyun day _21_",senang
dari kemarin aku coba tahan buat gak buka twitter sekalinya buka dapat kabar kalau jimin sakit. kaya langsung nyesek gitu. tapi pas dia bilang kalau army ga usah khawatir. gimana ga makin nangis? tapi aku bersyukur sekarang dia udah sembuh. sehat terus ya anak baik. luv you,senang
kabar baik di sabtu pagii alhamdulillah,senang
"semangat ya, fase fase seperti itu memang luar biasa",senang
aaa..senang banget baru bangun udh dapat kabar baikk,senang
"alhamdulillah, kabar baik di pagi hari. semoga seterusnya ""hello.this is bighit music"" bawa kabar baik yaa",senang
pagi pagi luar biasa!,senang
wuihh luar biasa,senang
alhamdulillah pagi2 kabar baik,senang
"idm selamat pagii!! seneng banget dapet kabar jiminie hari ini buat kalian, sehat2 terus yaa!! jgn lupa sarapan",senang
"aaaaa sender seneng banget akhirnya au sender mulai rame dulu ga ada yang nungguin, sekarang yang nungguin hampir 300 orang semangat para author!! jangan sedih au kalian masih sepi, pasti akan ada waktunya buat rame okayy",senang
"cape nyari kerja, nyari judul ta, masalah di rumah, ditambah diputusin pacar wkwk murung bbrp hari di kostan tp ada my bestie yg selalu bilang gini. alhamdulillah skrg udah dapet kerjaan yg bener bener aku pengen, dan lupa sama kesedihan2 sebelumnya",senang
mon maap ini sedih tapi lucu jadinya w ngakak awkwakak,senang
"hahaha siap somi, semoga tahun ini somi udah gak sedih sedih lagi ya tinggal bahagianya aja nanti. teteplah kita menjadi badut!",senang
yesssssss ga sepi,senang
"kak ann, thankyouu karna kamu udah bikin au sebagus ini. aku nangiss bgt, bukan nangis yang sedih tp nangis yang kekk?? bahagia dan terharu baca cerita kamu, ditambah lagi ada beberapa poin yang relate sama hidupku jadi tiap baca partnya kaya aku liat diri sendiri juga didalamnya",senang
"pagi ji, gue happy dapat kabar baik dr lo ji..akhirnya kamu balik ke rmh jga.. seneng deh.. jaga kesehatan yah jii, jgn sakit lgi, ntar aku sedih.. yuk main ji..,",senang
"alhamdulillah jiminie udh sembuh, jgn sedih lagi ya mangatss",senang
"another level of lockey, dari sedih bisa ketawa wkakwkk",senang
makasih buat kamu yg selalu ada di saat senang dan sedih.. seneng rasanya ada yg temenin,senang
"im shoo happy meskipun rada kecewa sama durian2nya. ngerasa keluar budget banyak tp gak worth it. tp gpp, yg pntg kebersamaannya yakan",senang
"huaa bagus aunya aku suka, simple, lucu, sedih ada semua gpp ga dpt maliknata jadian wkwk",senang
gajadi sedih pls inimah bikin semangat ngerjain skripsi,senang
antara ngakak sama sedih anjr nonton inituh kawkwakwakawawk,senang
"gm zamm, congrats banyak betul laa tembak tak kena smlm hahaa badape, wkwkwk",senang
makin kesini snowdrop stan makin ngelawak udah gak ada sedih sedihnya,senang
sedih ya? hahah mangats dong,senang
"pagi ini syahdu banget~ dingin, hujan, sepi. cocok buat rebahan anyway, morning moots. have a great weekend",senang
brrti wa nya sepi wkwkwkwkwkwkwkwkwkwk ngkak,senang
sepi dagangan btw wkwk apa masih imlekan ya wkwkw,senang
sedih campur seneng akhirnyaa jimi udah sembuh huhu kuat banget jimi,senang
alhamdulillah cepet bgt sembuhnya.. take a rest angel.. seneng bgt beb. padahal aku lg sedih ngedit si al nangis,senang
kamu sedih ? kamu sudah kena prank lmao,senang
"gue buka twitter tumben teume sepi yang nyapa2 pagi, tau2nya pas buka pesbuk pada nyapa pagi disana semua anjir ngakak beneran hijrah",senang
"capek biasanya denger stand by me suka sedih ke inget dika askara, ini ngakak bgt gegara ini",senang
"video taehyun favoritku yg ada digaleri kalo lg sedih, liat video ini bikin moodku membaik. kyk ada magic(?) pokonya pas nonton auto senyum2 dan kepalaku ikut goyang makasih byk yg udh ngedit ini. tyunie disini gemes bgt _21_",senang
iya pusing apalagi lucu2. bayangin aku udh jajan 2 leot belum ada jeda seminggu aak tp aku seneng tp sedih jg kenapa bs lemah sm leot lucu kawkakaw,senang
"ada untungnya juga semalem matlis, ga kecewa karena ga nnton mu wkwk",senang
ya ngakak ya sedih enjoy aja,senang
aamiin. aku udah seminggu lebih sepi huhu tapi gpp semangatt!!,senang
"happy birthday zidd, happy terus ya jangan sedih",senang
"hshshhs aku terharu aa makasi ka cinn, sayang banget deh sama ka cin pokoknya sure tata ga akan berubahhhhhh, be happy juga ka cinn ku tersayangg, jaga kesehatan selalu yaa, jangan terlalu sedih, get well soon yaa.. ka cin masi sakit tenggorokan?",senang
"my lovely bestfriend, anaknya emang kek anjing tapi lucuu!! setiap main gapernah ada sedih sedihnya, yang ada ketawa sampe pingsan",senang
sedih tp ttp happy kiyowo because baekhyun is there,senang
"minta maaf abis cerita gitu? aku jadi bersyukur banget punya bestie, dia yg kujadiin tempat cerita sedih selalu ada, buat cerita random juga selalu ditanggepin sama dia. dia juga gitu ke aku, kalo nyeritain pacarnya bisa sampe berjam-jam.",senang
"harus sub unit/foto lebih dari 3 member biar agak rame wkwk c/o : cbx me, sc me.. klo solo sepi bat berdua doang (tapi udah bersyukur bisa sama salah satu member, seng penting exo xixiixizi^",senang
mula murung pastu tak murung dah hehe,senang
"pagi dunia, hari ini aku gak boleh sedih harus semangats",senang
cie sedih kawkwakwak ngakakkkk,senang
"aku seneng baca kayak yang benang kusut, not so royal romance nya weishin.. son for the king yg satu lagi tuh lupa judulnya pokonya 22nya seungzz punya kak daisy.. apalagi kalo ada angstnya kalo ada rekomendasi lagi kasitau ya gaiss terserah pairing siapa aja~",senang
bingung mo ngtik apa.. but w suka banget sama au nya pokoknya mesti sering update dan semangat yaa! Terima kasihh doain aja semoga aku sanggup sampe end,senang
kalau ada teman abg yg murung pagi ini di pastikan dia fans mu wkkwkwkwkwkwkw,senang
"happy born day dek jisung sehat selalu dan bahagia ya dek *double happy ultah adek+molo ya meskipun sedih krn gk bsa hype sibuk nguli eitss semangat, besok libur __",senang
jgn sedih. itu keren krna kmrn jg ada diksh temenku sekotak crosang. hahaha kan biar keceeh,senang
happy birthday semoga ga sedih dihari ulang tahun nya malah gagal penati,senang
aowkowkwok mau sedih tp udah terbiasa jd mari tertawa saja,senang
"selamat pagi fans mu. sabar, masih banyak kecewa yang harus dilalui. wakakaak",senang
sepi bgt busyet wkwk,senang
"orang kalau hatinya udah kotor tu pasti ada aja tingkah jahatnya, itu peristiwa paling gak bisa dilupa deh dan jadi peristiwa sedih juga. alhamdulillah om ku sembuh dan bisa pulih kembali, mungkin kalo sekeluarga besar gak saling sopport nyawa om ku bisa aja hilang :')",senang
yaaaa rumah sepi. mari kita party wakwakk,senang
"seru tau prenjon zer kdng sedih kdng baper, seru kan",senang
aahh iyaa bgtt hazaa!! kek tbtb bawaannya mellow bgtt yaa semangaatt hazaa!! semoga mellow2 kzl sedih gajelasnya cpt2 ilang ya,senang
"kadrun kroco sih cuman dapet nasbung jk ada order demo. tp kini lg sepi order jd kelaparan mknya ngaco meracau jadinya, wkwk ngakak",senang
lg sedih jdi terhibur aq,senang
