text,emotion
"suka banget kata2, ""kebenaran hanya menurut selera kalian saja.""",senang
"hanse mode anak rumahan gini tuh aku suka banget wkwk pake kaos terus bawahnya celana model apapun itu, misal jeans atau training tuh fav banget sih. atau pake kemeja.. sebenernya apapun style nya suka aja sih",senang
"ya kali ngejar ngejar cinta, ngejar tahajjud aja kadang suka telat",senang
"selamat pagi sender! sana avail nih pas hari valentine, nanti disayang-sayang sama sana, dia orangnya manja dan suka manjain balik terus juga suka usel-usel sama pacarnya. aku drop carrd sana ya kalau kalau tertari langsung ketuk dm aku ya!",senang
sopaa!! cuz akuu suka banget jurusan tari di sana aku sering ngikutin daily school nya anak sopaa dan itu asik asik bangett mereka juga suka ada event!!,senang
btw roo makasih rekomendasinyaa suka banget sama ini au beneran dah tt aku sampe sakit perut ketawa mulu,senang
"awalnya mas firman suka masak ini karena suka nonton masterchef australia season 2 pada 2010, nah mulai dari situlah benih-benih cinta terhadap masakan mulai muncul. untuk chef favorit atau panutannya sendiri ada gordon ramsey, sebastian fitarau dan marion grasby.",senang
heh crush sya ko lucu banget ya pengen jujur deh sama muhammad kenzie rafael bahwa sya suka sma diaa,senang
sopaa!! cuz akuu suka banget jurusan tari di sana aku sering ngikutin daily school nya anak sopaa dan itu asik asik bangett mereka juga suka ada event!!,senang
"ya udah, enggak apa. gue sama sahabat gue di sma pernah suka sama laki yang sama. kita bawa fun aja, inget banget waktu tuh laki lagi main futsal di lapangan sekolah, siapa yang liat duluan, nanti kasih tau terus nonton bareng.",senang
"iya bangett suka minderan, kalo nemenin temen yg suka nya cuma liat2 aja kadang suka malu banget",senang
gw suka banget akumo no ko,senang
"sama-sama, dia gak suka pilih-pilih makanan, ya? kayanya nina juga kasih makan yang banyak sampai dia gembul, lucu..",senang
lucu banget editannya aku waktu sma suka banget sama series ini. liburan ke bandung cuma buat nyari gramedia buat beli series ke-4 karena dikota aku belum ada,senang
"dibuat sama gdh, emang udah jaminan mutu ya. suka banget sih sama gaya berceritanya, banyak kasih liat reaksi orang-orang. pokoknya tiap toon sungkem sama nenek-nenek, dada gue langsung sesek ada di netflix, last day to watch 28 feb besok! jadi buruan deh ditonton.",senang
suka kasih something ke pacar jadi kalau kamu milih aku gaakan bosen dan bakalan dibuat happy terus hehe kalau kamu tertarik bisa langsung check carrd aku atau dm ke agensi aku disini see u,senang
"bagus banget buat akuu!! mungkin kalo suka genre drama trus genderband bakal suka fl-nya jg independent, tapi bukan tipe fl yg badass",senang
"haloo sender, izinkan kala mengajukan diri ya kebetulan bisa avail ditanggal segitu plus juga bisa ke kkt dan bisa movie date juga, aku tipikal yang suka banget nyeritain hal random ke pasangan, soft juga paling suka kalau lagi ngebucinin pasangan dan diem diem aku",senang
sedih banget tiapnliat kucing2 yang gue kasih makan suka berantem rebutan. padahal seharusnya mereka semua bekerja sama untuk menggulingkan gue sebagai manusia kapitalis yang memegang kuasa akan sumber makanan mereka.,senang
"ada yang suka sama bill skasgard reply sama favorit movie dong, gue lagi nunggu banget doi adu peran di ""boys kills word"" sama yayan ruhiyan perannya jadi bisu dan tuli mvs",senang
"eh aku ganti dn, masi kenal gakk? lagi suka banget sama nama panggilan ai sksk",senang
aku nda suka dispet tp makasi y udah kasih foto ini,senang
suka banget,senang
"suka nih netijen yang kayak gini :) otak"" detektif gw like banget",senang
"suka rasa kacang merah, enak banget",senang
"makin sering denger discography cix, makin ngerasa kayak ""aduh, gue suka banget cix..""",senang
dipikir pikir aku orangnya sok asik nyatanya gak ngasikin kan . sok akrab banget padahal kayak jijik gitu sama aku ya udah gak bisa memaksa buat suka sama aku,senang
mimpi nemu collect book yang pas banget aku suka tapi pas bangun lupa bentukannya,senang
wkwkwkkwk suka banget ama mereka aku tu,senang
suka banget,senang
"kadang suka mikir kenapa ada orang ky mama. mertuanya toxic banget suka adu domba tapi beliau ga pernah benci. kalo punya uang, beliau suka pake buat beli makanan dan satu keluarga harus ngerasain. mau dibikin nangis ky gimanapun beliau tetp sayang.",senang
"suka banget, tapi lebih suka crush aku.",senang
"suka banget kk flo,, yuk kita beli kk flo !!",senang
siap suka banget,senang
gatau tp aku suka banget sama anak itu,senang
"wp terbagus minggu ini wkwk. selain tuli-san sas-tra, atithesis bakal jadi wp favorit. pas baca setiap part tuh rasanya nyaman, suka sama tulisannya semoga bisa nemu yang bagus lagi eheh",senang
"pap foto ke ayang, btw sekarang suka banget ngalis",senang
"-hey sender suka banget sama lagu ini, lagunya sedih (dan keliatan kalo lagu sedih), tapi bukan yang temponya lambat gitu. terus tiap baca translate-an liriknya sender selalu keinget anime kesukaan sender (dan pas sender cari tau ternyata seunghyub emang bikin lagu ini",senang
fav banget jelas payphone sisanya semua lagu mereka gua suka,senang
"kelebihan vr aku mah paling suka pake vr buat nyelem di laut. hahaha itu kocak banget. anakku suka banget tuh main itu, sama bola.",senang
"suka banget sama lagu ini, kalo dengerin ini berasa lagi di hutan terus ada peri nya sambil lari larian di bukit bukit indah gitu wkwkkwk",senang
"masih nggak ngerti sama orang yg suka maen kode-kodean, padahal to the point itu enak banget",senang
"siapa tau ada yg sayang aku, jadi ini kan h-1 karna aku ga suka coklat dan akunya lagi seneng bgt olahraga boleh request ga kalo dikasi yg berguna buat olahraga gitu. semisal sepatu / kaos juga gapapa yg ptg bisa buat olga. wkwkwk",senang
"grandpa vibe banget ya ""dulu kakek banyak yang suka, tapi kakek jatuh hatinya sama nenek kamu""",senang
suka banget rambut kuaci nya.. tp aku gatau itu dpt darimana..,senang
gua tebak jaechan duluan yg baper sih karena seoham nya ngasih perhatian 'lebih' gitu kek skshekehjehekehe keliatan banget jaechan nya suka open up apalagi setelah punya instagram,senang
"halo halo, kiel! ya ampun ternyata kamu pacarnya glo ya?? ih tau ga sih, kita sama banget, pasti sketch yang belum jadi numpuk malah buat sketch baru. salam kenal juga ya, ayo kita jadi teman baik, kiel suka yupi engga btw? random banget ya ahah",senang
haha yess aku dulu suka banget sama dia sekarang juga masih sih.,senang
suka banget sama mereka berdua,senang
iya bener!! aku demen banget cookies and cream,senang
ini selca baru sih.. tapi aku suka banget sjshsnshsh tiap hari aku liatin.. :'),senang
"art! cara buat rambut kayak di karakter anime itu gimana ya.. kadang suka bingung waktu mau gambar rambutnya karena jadi jelek banget. thank you! Tolong bantuannya, pengen tapi gk bisa",senang
"suka banget sama au kak agdys. kebetulan gue kls 12, jadi lumayan itung-itung sekalian belajar tps - wuih, makasih udah baca. semangat belajarnya~~",senang
suka tapi ga ampe over juga,senang
suka banget kalo jungkook pake style baju begini,senang
"hai achanjkt48 kadang aku suka rindu kamu kangen typomu,kangen ngingetin sholatpokok nya semua deh :*salam kangen dari fantasticof48",senang
suka banget liat orang lain senyum,senang
"gw lala yaa plis iyaa nov no 1. suka banget gw, tinggal tunggu outfitnya",senang
sayanggggg bangetttttttt,senang
"aaaa habede eonnie yang selalu awet mudaa! suka banget sama dia dan drakor yang pernah dia mainin, sukses terus yaa eonnie!",senang
"mak ku ngga suka kalo ak merusak sesuatu , mak ku terkadang lebih sayang ma nct pleasee waktu album universe aja dia nanya nnya mulu kenapa album nya di buang buang",senang
love banget ama doiii,senang
kamu tuh kadang suka ngeselin tapi sering banget bisa bikin aku kangen.,senang
"suka, banget.",senang
"suka banget, lagunya enak2",senang
"gue emang suka diposesifin tapi ga sampe over, kalo gue nya ga nyaman paling ajak deeptalk, kalo sampe ngadi ngadi gue putusin",senang
kece bngt brokhh waduchh sbl suka banget loch,senang
"kak makasih banyak ya udah bikin aku senyum tiap hari setelah baca au kaka, setiap liat kaka update aku seneng banget hehe rasanya kaya dapet kabar dari ay.. - makasih juga ya nder udh suka sama renjana. udh sayang, udh ikutin huhu aku..",senang
"pepatah lama bilang : ga ada suatu pertemanan/persahabatan antara laki2 & perempuan, dimana salah satunya pasti suka/jatuh cinta sama teman/sahabatnya itu. even if it's a platonic love, it's still a shape of love. lagian lu dulu jg sblm pacaran kan temen biasa juga. so..yeah",senang
"sender, ternyata kamu mutualku aku baru sadar. suka banget sama karyamu nder, aku sering save in hehe",senang
"suka banget gue sama suara doy, istighfar banget gue liat dia. ya elah ini gaada doy versi islam apa",senang
"hahaha nahh kan si jean tuh aslinya suka sama nana, yaudah deh gatau lagi mau raka atau jean cuma nana yg bisa menentukan dia sayang ny sma siapa",senang
what if abey ngebucinin karakter fiksi/anime/film yang dia suka banget terus mr perfectly fine jealous,senang
sebelum kita keliling. dia chat ini:) aku emg anaknya suka banget diajak muter muter mendadak apalagi sama orang yg di sayang. se simple itu sebenernya bahagia ku.,senang
"halo. aduh, saya interested banget untuk potray the8 dan kebetulan juga side fc saya all member svt. mengenai saya kalau kita ketemu nanti, saya dengan love language woa dan physical touch gak lepas dari supportive dan sweet words buat pacar, juga suka hugs dan kisess ”",senang
"bener banget hampir 10 taun jadi exol gw ga pernah bosen sama karya exo dan emang sebagus itu lagunya secara grup sub unit ataupun solo gw suka dngerin grup lain tapi cuma exo yang bener"" gw ikutin satu""nya yg gw dengerin b-side nya dan beli album nya loveee exooo",senang
"gue yang cewe aja ngeliat ini sukaaaa banget, gila sih.",senang
"halo sender, aku avail nih hari ini, aku juga provide nsfw (imagine/dirtytalk) dan bisa req fc. aku ini talkactive dan convobuild, aku suka cerita random dan kasih tmi, aku juga suka ngejokes receh, aku aslinya clingy, suka nyariin kalo ditinggal, lovlang ku pt & qt, suka pukiss.",senang
betul banget. yang suka perzombian harus banget nonton kingdom sih,senang
"ya allah gw cinta banget sama ss501 high quality vocal mereka, lagu""nya catchy dan lumayan gampang pelafalannya buat dinyanyiin org indo variety show nya jg lucu"" menghibur bgt paling suka let me be the one, all my love for u acapella nya",senang
"selain kandungannya, aku suka banget sama teksturnya yang cepat meresap saat di apply ke kulit, & pastinya ngga lengket, packagingnya terlihat mewah & pemakaian serumnya gampang banget, tinggal ambil pipetnya lalu teteskan dan oleskan ke kulit wajah secara merata.",senang
"seneng mereka nikmatin banget waktu mereka di amerika, ngelakuin yang mereka suka, kerja sambil liburan banget ya vibenya",senang
jujur dari awal sampe sekarang cuma suka jeongwoo dan haruto aja di teeasure ngarep banget mereka bikin duo,senang
gue suka banget dari 2011 apa yaa sampe sekarang tp gatau terkenal apa engga soalnya dulu clueless soal perfandoman dan cuma nontonin di youtube aja. mungkin lagunya terkenal banget karena ada di pump it up,senang
saya banget bu. udah dm juga soal suka sama konten nya bu guru. tapi belum dibaca. semoga terpilih deh.,senang
bucin banget. serius. lucu kalo liat/dengar mereka suka sama orang tuh.,senang
and he did! kl lu perhatiin fancam my treasure dia pasti dia seriing bgt senyum dan ketawa2 apalagi sama jeongwoo t^t makanya gue suka bgt my treasure soalnya dia enjoy the stage banget,senang
"susah si, kalo udah ga suka sama gurunya aja udah bisa ga suka juga sama mapelnya. kalo mau suka si harus guru yang enak kalo gurunya ngejelasinnya enak, itu bakal langsung jatuh cinta sama kimia si",senang
"gua kalo cinta sama orang suka bucin banget sampe kayak orang bego,tapi kalo tuh orang udah cinta balik,gua malah ilfeel",senang
"jujur, paling suka tipe acara bincang2 kek gini, adem tapi tmi bertebaran, ditambah kana juga nyaman banget ngobrol sama bapaknya, sampe bisa plong bicara kalau pekerjaannya numpuk, pdhl biasanya bilang lagi dirumah sibuk ngurus haza",senang
"nyesel banget pi en ice di usia muda, seharusnya cari pengalaman dulu di luar (siapa tau suka) tamat kuliah langsung pi en ice. (magang/part time tak kuitung sebagai kerja)",senang
emang bagus banget dah aku juga suka! seruuuuu bisa liat 3 spiderman di satu film.,senang
akuu suka banget,senang
"makasih kakak bianca. nama kakak juga cantik. oh! sama sih tapi engga suka yang suka banget gitu, kalo bagus terus genrenya horror ya aku sukaa! kalo aku untuk genre lebih milih thriller! c:",senang
suka banget self pampering nih kak kayaknya?,senang
"hehehehehehe aku kasih 2,75 tapi emang aku ga terlalu suka fake dating trope. kalo kamu suka harusnya lebih dari itu karena rep nya lumayan dan di akhir chara developmentnya keliatan. aku gasuka hani dan temen""nya, banyak scenes islamophobic dan hani people pleaser banget",senang
"film romance yg pengen banget di tonton : kata dan ku kira kau rumah. dulu suka bat ke bioskop, tpi sekarang udh ga punya partner lagi. ngajak temen? elehh mereka pun gue bayarin tetep ada aja alesannya.",senang
suka banget sama outfit-nya,senang
"jgn ngira gw nge delive doang, ga bls chat atau ga chat duluan itu artinya gw ga suka ama lo, gw suka banget emg pd dasarnya gw orangnya gengsian dan malesan aja(.)",senang
"hablom, suka banget sama seragamnya",senang
"piw hai sender sini sama kala ganteng wkwk avail hari ini dan bisa req ava jugaa plus bisa provide nsfw mau imagine atay dirty talk baik frontal ataupun non frontal bisa kok jadi kamu tinggal mau req yang mana silahkaan , aku juga tipikal pacaran itu suka banget bawel",senang
"nggak ngerti lagi, suka banget",senang
gue suka banget baking wkwk,senang
"dari ke 5 varian, aku suka yang jasmine sih. wanginya ga nusuk terus kecium & tahan lama, kaya apa ya wanginya.. mirip teh melati gitu. kalo yang lavender itu soft banget wanginya.",senang
"saya, nder. dari dulu suka banget dengerin coldiac.",senang
adek kok tau bangetsuka di ajak jalan2 sama member adek ke kebun binatang yah?,senang
"sama sama penyayang dan suka manjain pasangannya!! jadi mereka pas banget buat kamu manja-manjaan, mereka suka sama anak yang manja!! lovely pokoknyaa",senang
"akhir-akhir ini suka banget nontonin asmr, seru aja gitu",senang
demi apa gue seneng banget temen sirkel sma gue banyak yang suka anime,senang
"this one. kalau dibandingin sama laut bercerita, cantik itu luka, atau bumi manusia, aku jauh lebih suka ini. a total heart-wrenching tragedy. cara ahmad tohari ngegambarin suasananya itu beneran detail banget, bikin kita ikut masuk ke dalam ceritanya.",senang
your hand fits in mine~ suka banget lagu little things sekalipun cuma diiringi gitar tp enakeun oy:',senang
"dari yootaeyang ke inseong tiba2 satu hari ngeliat inseong ganteng banget rambut putih terus kesemsem, ngeliat foto lamanya pun kayak mikir ""inseong selama ini seganteng ini??"" terus ditambah emang dari dulu suka jokes inseong makin bucin dan sekarang menjadi bulol official",senang
"sender! selamat pagii, selene mau ajukan si tristan karena cocok sama kriterianyaa. bisa jadi bro/boyfie kamu, suka kasih hugkiss sukaa banget kasih afeksi, he is full of love and very affectionate. penyayang banget bangett dan perhatian. he will take care",senang
"bang johnny kalo diliat lebih dalem lagi orangnya suka menempatkan dirinya dibelakang layar. ini yang jadiin aku suka banget sama dia karena kita sama2 suka ngelakuin banyak hal tanpa terlihat menonjol. aku pribadi ga suka dapet perhatian, aku pengennya nemenin orang yang emang--",senang
"jadi inget author yang ngedrama dulu, eh gila gue ikutin banget hahah. karena karya nya sih sebenernya makanya gue suka.",senang
"kak:( sumpah deh kenapa diksinya bagus banget gue suka banget anjir implisit yg kaya gini, astaga asli bagus banget",senang
kesayanganku lopenio ga ada duanya cuma sayang wony meski suka marah tapi aku ttp sayang ayang,senang
"penggemar masker miisoo cek suka banget sama masker ini, bahan dalamnya lembut enak banget gak bikin gatel. walaupun longgar tapi bisa diakalin talinya diiket biar rapet.",senang
dan juga suka kasih something biar kamu bisa seneng kalau pacaran sama aku atau maybe nanti aku jd abang kamu bisaa. untuk avail nya aku hari ini bisa kok kalau tertarik langsung check atau dm ke agensi aku,senang
"wajar kok ver, kemaren juga ku liat tiktok lama private school check yang dibikin sama salah satu anak angkatanku, kangen banget liat kelas, pengen ngobrol2 di sana lagi tapi mana mungkin wkwkw sama bangett suka nyatu2in meja gituu biar enak ngobrolnya",senang
"aku langsung gagal fokus pas liat swatch nya di bibir kamu so, i want to try it too. warnanya aku suka banget. ikutt yukk",senang
"ga tau kenapa kalau ngedit alam tu, tangan suka banget ngedit warnanya jadi gini wkwk",senang
"wieeh saya baca blog mas taufik sama mas nugie tiap hari mas ,suka banget sama analisis mengenai moto gp nya detail banget.",senang
"suka banget sama mie goreng ayam bawang, maknyuss",senang
"dengan kotak kecil dan hati merah kecil di dalamnya, aku juga ingin menyampaikan penuh suka, terima kasih, atas pertemanan indahmu tanpa pamrih. cc:",senang
gak bakal kecewa deh kalo punya samsung ini. karna secara gitu. battery nya gede banget gaes. 500 mah. udah pas buat kalian yg suka ngegame parah,senang
huta suka banget robekin celana sih,senang
"betul musik nya tradisional jadi kurang dilirik, belum denger aja gimana perfom koto mereka keren parah aaaa iya! suka banget sama chara develop kot",senang
"lucu banget kuenya bentuk chikin hidup amen makasih banyak lis, kamu juga ya sukses terus karirnya. waduh dikasih salonpas tau aja aku suka encok kalau dance huft. makasih banyak lisa",senang
"dulu suka doi tuh bisa dibilang ""halah apaan si alesannya receh banget"" tapi yang akhirnya bisa jadi sejauh ini as a kpoper pun karena dia juga lub uuuu bapak kapas",senang
"iya enak banget, pas lagi mijitin sambil crita2 dan walaupun ibuk gua agak nyebelin *kadang, asik banget klo diajak deeptalk berasa seumuran..biasanya ibuk suka gini ""ehh iya tau.. ""..""trus.. trus gimana tuh.. ""..""masak sih.. tadinya bla.. bla.. ""..""saran ibuk si.. """,senang
lulu bggtt cinta bgtt mana suka sayuran brokoli lucu bgtt gemess selalu kepo endus2,senang
"rezeki banget, alhamdulillah dari keluarga nggak ada yg nuntut ini itu",senang
"-hey i'm not yujin stan tapi enggak tau kenapa akhir akhir ini lagi suka banget kepoin yujin kaya dari fancam nya, foto foto dia dll dia ga cuma cantik tapi gergeous",senang
suka banget sama style artnya,senang
kalau anaknya sama suka nyanyi sekarangg menyapaa di media gitu ga ya? soalnya nak w umur 6 taun apal banget dan sering nyanyiin tu jingle,senang
nempel banget kalian .. padahal ngobrol tinggal ngobrol kenapa harus bisik2 segala kan q suka jadinya,senang
"most noticed kulit jadi lebih halus. pori-pori terlihat samar. setiap pagi kulitku terlihat fresh dan plumpy. efek brighteningnya juga ada. aku suka banget hidrasinya. untuk menghilangkan bekas jerawat belum terlihat ya, karena pemakaian juga masih sekitar 3 minggu.worth to try",senang
mawuu anakku sayang hanae apa kabar?? dia gak suka cemilin susu bubuk lagi kan?? kangen anakku,senang
fansnya terlalu fanatik padahal couplenya gk wow banget. gk suka dan mau skip tapi mesti nongol aja,senang
"suka banget pergi ke suatu tempat,dimana tempat itu hanya aku dan orang asing -lala",senang
lagi suka banget sama foto bang jhope yg ini tysm for ga & wish me luck,senang
"ahh gw suka banget ini film, cuman sedihh ending nya begitu aja, haha mau nya kudu happy ending.. lol",senang
"ih enak banget keliatannya. suka deh kalo yg ga rapi gitu buletannya, ikutan kegoreng kol nya.",senang
suka banget liat taemin pake baju ini cantikk,senang
"mm”makasih i take your appreciation. kamu gemes banget anyway, i'm ellie. , let's go? kamu suka siapa di enhypen?",senang
mau banget punya rumah design terbuka gini.. tapi kalo berpikir di bogor yang suka hujan tiba tiba angin puting beliung dkk kudu di alter supaya bisa tetep tertutup,senang
suka banget cara jalan dia,senang
"kakk bagus banget au bestfriend aku suka banget mukaku sampe cape senyum mulu pas baca mau ending semangat nulis la ” huhu makasih bgt udh mau baca dan meluangkan waktu untuk ini hihi awas nanti capek tuh pipi kalau senyum-senyum mulu, i",senang
"lovestruck in the city (2020) drama yang ringan banget. buat yang suka nonton drakor romantis, pasti suka karna w suka bet",senang
"pernah di infinite kalau di monsta x gak pernah, awalnya suka sungjong gara2 visual dia dan kiyowo banget apalagi kalau ngambek tuh kaya bocah, trus kepincut sama woohyun gara2 vocal nya sama sok gantengnya dia akhirnya woohyun jadi bias pertama sungjong bias ke dua",senang
suka banget sama fubuki nyanyi ini,senang
"awal stan day6 bingung bgt milih bias karna baru kenal member2nya. terus liat foto day6 pas di jeju, liat jae pake kacamata ganteng bgt langsung jatuh cinta wkwk, terus nonton jaesix, asc, vlive day6 makin kenal dia dan semua member day6 jd makin suka",senang
werewolf boy. disitu suka banget sama style boyoung,senang
suka banget style digi billa,senang
jadi creative team yg bikin konsep comeback huhu pasti seru bgt brainstorming bareng idol idol ato ga jd manager karena gw suka banget jd mom friend wkwk,senang
"ponakan aku kalo berdoa pasti ""ya allah minta mobil oh"" apa-apa mobil apalagi mobil oleng suka banget",senang
"lagi suka banget lagunya tbz summer time, judulnya aja dah summer tuh oh sama ini luizy - baby ride",senang
lagian gapnya ga jauh2 banget lah 4 tahun.. malah agak heran juga kalo rumor ini beneran soalnya tao brp kali bilang lbh suka tipe jiejie.,senang
"you deserve it! aku suka banget sama karya-karyanya kakak, bagus sekali",senang
banget :(( mau downsizing dari mulai pc yang least fav tapi suka semua :( sedih karna bingung,senang
"bangun tidur, gitaran, no make up, ngegame, doing sport thingy (baseball dll) duh gue suka semua",senang
ini menambah wawasan sih cuman fokusnya emang ke situ aja jadi plotnya agak flat..? tapi aktingnya keren banget asli suka sama chemistrynya,senang
"banyak lagu yang aku suka tapi these days aku suka lagu the 1975 - robbers! kalau lagi mumet gitu rasanya releaving my stress out (even lyricsnya punya arti yang beda (_ ;)). anyway, aku tuh suka banget ngobrol soal musik!",senang
"siapa nih yg ketagihan nonton all of us are dead (2021) di netflix? walaupun takut, tapi rasanya kenapa ya gak bisa berhenti nonton? kenapa ya kita suka banget nonton film horor? ternyata ada alasan ilmiahnya, lho! yuk, kepoin di sini",senang
ohh myy yuzu keren banget pliss suka banget sama coveran nya yuzu yang ini kalian moots ku harus dengerin ini,senang
suka banget cantik tasnya,senang
"alhamdulillah ada yg menyadari sisi injun yg ini. soalnya kan kebanyakan org kek tau nya image injun tuh suka ngegas walaupun ttep kiyowo, tp dimata aku injun itu orgnya soft banget, gampang peka, trus penyayang banget apalagi diliat dr dia yg nekat kekorea demi mengejar mimpi",senang
"saya menyukai banyak orang. aku suka teman-teman saya, oppa, orang ini, orang itu tapi aku masih tidak tahu apa itu cinta.  -iu",senang
suka banget postur tubuhnya,senang
enak banget buat aku yang suka klepon trus cinta mati sama eskrim,senang
cena cenaaa! cena suka pda karena cena suka banget pamerin pacar cena dan cena juga provide untuk gxg rls so no worries yaa cena avail mulai tanggal 15 nihh dan kalau mau bisa langsung hubungi mami cena yaa! see you calon pacar,senang
":( suka banget sama pemilihan katanya, indah banget huhu",senang
kalian ada yang pernah pengen banget kiss pipi nya dia ga sih?? bukan yang pake perasaan tapi kaya gemes ajaa gue kalo gemes suka nyedot pipi orang yg gemesin soalnya,senang
"kecantol lah ama suara jae karena suara dia tuh tipe tipe suara yang aku suka dari dulu dan mulai itu aku jadi kepo perform mereka kayak gimana, dan makin jatuh cinta sama jae karena permainan gitar nya dan yang paling bikin aku jadi jatuh cinta ke jae beneran adalah",senang
"me time adalah salah satu cara terbaik yang bisa dilakukan di weekend ala aku. kalo aku suka banget weekend sambil nonton drakor sepuasnya pake indihome, kalo weekend versi kamu apa nih bestie?",senang
"masa masa gue suka banget liat buku gue yg udh di coret-coret (karna belajar) kyk satisfying gituu ih seru dehh, jd pengen belajar lagii",senang
bener si aku setuju banget soalnya aku jg emang se suka itu sama karya exo,senang
happy bbovely dayy!! selamat bertambah usia teteh cantikku park bo young meski wajahnya tetap tidak menuaa.. ditunggu projek2 lainnya __ (fotonya rada ngiklan tapi suka banget sama foto ini),senang
suka banget. bagus sama western gitu vibesnya,senang
"r.i.p kepada minatku melihat foto2 masa kecilmu, ga nyangka banget padahal sebulan lalu kalo gabut dikit masih suka tak liatin",senang
"gue suka howl, ga boong dia cakep banget sksk tapi bener kata dia sendiri kalo dia pengecut. padahal bisa aja dia selesein masalahnya sendiri sama raja tapi malah nyuruh sophie. sophienya juga mau aja lagi :/",senang
"gua suka banget di organisasi yang sekarang, karena orang2nya kalo ngasih kritik pasti membangun dan penggunaan bahasanya pun dipilih seenak mungkin, kek walaupun halus tp tetep menohok si. tapi bener2 bikin gue strive for prefection",senang
9. waduh entar lagi selesai nih alesannya. tapi alesan terbesar kenapa aku cinta jane adalahh.. jeng jeng! kamu suka muji muji ak sampe banyak nih kupu kupu yang aku tampung. kamu kuat.. tapi manusia juga rapuh! aku berusaha buat jadi akar kamu buat tumbuh ya bibit jane. love,senang
"eh ini lucu banget, jarang bgt gue suka tiktokers cowo tapi dia lucu, mana kacamataan, rambutnyaa suka banget. kek lucuu",senang
"baik, trs bisa ngertiin aku, trs suka ngelawak ga jelas, absurd, aneh. negatifnya dia ya cukup aku aja yg tau. selebihnya aku sayang sama dia. dari dia yg suka ngelawak ga jelas, selalu support aku, rela nganterin aku ke tempat jauh wkwk trs pendengar yang baik juga dia.",senang
"baru liatt aku suka yang kedua! lebih lucu gitu, kalo yang ketiga sama keempat bulet banget(?) modelnya, kalo yg pertama warnanya kurang sih tapi tetap suka modelnya ;3",senang
"tapi mak gua ada buktinya anjir mantannya masih ada yang suka sampe sekarang, trus ada lagi yang namain anaknya pake nama aing ada lagi mantan yang udah cerai sama istrinya, trus deketin mama lagi (papa udah gak ada) mama: ""ogah banget mama ngurusin laki orang.""",senang
"suka banget sama chemistry younghyun, tapi adegan bdsm nya masi terlalu dasar si buat 18+ :') dialognya kurang sreg juga samaku, cuma ya secara keseluruhan bagus-bagus aja",senang
"gara-gara f4 thai gw jadi suka dew sama win, mereka tuh ganteng banget skjsjskaksks.",senang
kenapa ya gue nggak suka banget sama sesuatu yang lambat,senang
suka banget ama exooo,senang
"pertama kali aku tau exo tuh, aku suka banget liat suho 2013 gaada jamet2 sama sekali emang lain ya orang kaya",senang
mpus suka banget nemenin ummi..,senang
"the crown!! aku suka banget walaupun beberapa episode aku skip karena ""ya allah gak kelar kelar u kek penthouse"" but i finally *sigh* finished it. aku lg nonton anne with an e!!",senang
suka banget di sini,senang
gue suka banget liat pergerakannya dah,senang
"baik banget, baiknya juga ke semua orang. mana cakep lagi, wajar banyak yang suka",senang
"halo sayang!! si cantik-cantik ini suka banget pda, udah lulus s3 bucin di tl ada kak cei , kak lyora , kak vee , clara , cici iko sama kak lila ini carrdnya sukses yaaa",senang
hooh.. km suka banget kan yaa..,senang
mau banget jadi bagian creative team yang bagian konsep konsep gituu. karena emang dari dulu tuh suka banget ngekonsep segala macem,senang
suka banget sama konsepnya,senang
"kata-kata indah cinta: satu hal yang tak aku suka tentang cinta: semakin aku menyangkalnya, semakin dia membuatku jatuh cinta. betul?",senang
"seneng banget sih ngadain webinar yg pas banget sama aku yaitu tentang toxic relationship, yuk lah bestie yang masih suka galau2 masalah percintaan mending ikutan ini!!",senang
"makanya, kadang kita suka mikir ya ""ini orang kok pd banget ya padahal skill nya ya b aja"" tapi, orang yang pinter and capable di bidangnya, justru rendah hati dan tidak sombong, malahan semangat belajarnya lebih tinggi daripada orang yang biasa aja.",senang
"yes, apalagi dia tuh bisa tau banyak hal yang terjadi di twitter, malu gak sih kalau sampai dia tau ifans pada suka ngedrag temen-temennya kaya keliatan banget kita gak dengerin dia ngomong apa, lebih nurutin ego yang maunya dia solo",senang
"saya suka banget ngedengerin partner saya cerita ataupun nyambat. nanti saya kasih peluk banyakk! kebetulan saya availnya tanggal 18, lumayan dekat lah ya? kalau kamu tertarik, bisa dm ke okay. semoga kita ketemu ya!",senang
"asli suka banget sama styling-nya, bagus semua",senang
relate banget pasti anak nya suka naik sinjay nih,senang
"seru banget, terlebih gue paling suka genre fantasi + tema kerajaan",senang
aku suka banget sama hampir semua genre sih. kayanya kecuali metal sama rock :] akhir-akhir ini selera musikku lebih ke calming vibes yang enak didenger sambil mengerjakan apapun. coba dengerin ini deh kak!,senang
"galak tapi pas udah tau sifat dia lewat beberapa video, jadi suka banget sama dia aa",senang
"salah fokus, minho lucu banget kalem begitu. suka banget kalau dia begitu, that's so soft of him. sampai ketemu di fanmeet nanti!",senang
"suka banget sama akting nya, 5/5. ini produser gak ada yang mau ambil po?? para pemain nya pasti udah mahir bngtt",senang
kali ini suka banget sm layout nya,senang
suka banget sama semuanya,senang
suka beli notes yang gemes tapi abis itu ga dipake karena sayang,senang
word cant describe it. gue suka banget sama bc sekarang ini top 1 anime kesukaan gue sih,senang
"klo interaksi sm dia ngga degdegan berati bukan suka tp cuma nyaman dan aman aja sama dia, anjay wkwkwkwk",senang
"beneran om, dinda ku tahu aku suka banget gado2.",senang
"gue jengkel banget pls ini sama seperti ultah gue kemarin! tante taunya gue suka korea, emak gue juga tau tuh. akhirnya tante nanya 'lia suka apa?' krn emak gue bingung antara nct dan bts, dijawab lah bts jadilah tuh kue kuning terang (butter) datang kerumah",senang
"akhirnya bisa ngeliat bapak anak ini satu projects lagi,, suka banget gulf kanawut",senang
"papi yiyan sukanya overwork sampe mampus, terus suka ngeyeel banget, papi suka yang manis manis gitu :d apalagi ya",senang
"halo cantik, temenan kita udah lumayan lama dan gatau kenapa gemi nyaman sama leci. soalnya leci lucu, manis, suka bikin salting dan suka ngambek lucu wkwk",senang
"kalo bapak dulu waktu sekeluarga masih ngerantau, tau banget kalo gw suka pisang ambon. setiap pulang kerja gapernah lupa pasti bawain pisang ambon buat stok bbrp hari, kalo abisan dibeliin lagi. seneng bgt kalo liat gw makan pisang lahap:') sayang bapak",senang
pap poca yang kamu suka banget dong sampe kapapun bakal tetep suka sama poca ituu,senang
"cewe emg suka ngeliat cowo ganteng, tp di hatinya ttp cuma km yg dia sayang.",senang
"album sih soalnya suka banget sama deg"" annya pas unboxing dan aku tipe anak yang koleksi album",senang
"suka banget tempat dingin ya kaan ini keren sangat lohh tempatnya ehh my ex-now best friend salah satu suhu coal, dll.. uhukk masih terpampang nyata namanya sih sombong boleh ya? hahaha malesin",senang
"aku pake charming wanginya tahan lama bahkan klo kringetan, wanginya tambah nempel di baju. klo freshy wanginya bunga banget, aku gk begitu suka bunga jd charming worth to try buat aku",senang
saya suka banget perkongsian-perkongsian daripada kai. teruskan perkongsiannya ya. saya dari malaysia. harapnya saya berpeluang naik keretapi indonesia satu hari nanti.,senang
"sate aja, anna kan suka banget makan sate",senang
suka banget warnanya,senang
"dari awal gw termasuk yang menikmati karyanya gofar, walaupun memang bahasanya vulgar dan sebagainya tapi bukankah itu pilihan ? kalau kalian gak suka yaudah, gak perlu nikmati karyanya.. lagian modelan gofar banyak banget kok luaran sana.. love gofar",senang
tapi full effort banget buatnya tapi aku suka membuanh waktu juga buat hal gituan,senang
iya suka banget,senang
"iya, mau kelarin! suka banget sama adaptasinya karena kebetulan director fav gue wes anderson, tapi belum sempet. pake kotep gitu emang nanti rapih? haha semangat. bener juga makasih idenya! kamu biasanya journaling tentang apa?",senang
awalnya gua balas story junior berkedok senpai gua kan terus gua tanya bilang bagus gak dia bilang bagus banget dan sekarang gua malah betul2 suka sama nih anime huwaa ngakak terus,senang
"hello, good morning dear. ciia avail sari hari ini dan seterusnya juga provide untuk pda dan gxg rls sedikit tentang ciia, aku anaknya talkative convobuild, random bubbly person suka share tmi dan bucin banget kindly check my carrd if you -c-",senang
kalian ada gak sih selca/ foto doyoung yang pertama kali liat terus suka banget jadi sering diliatin walau selca/ fotonya udah lama,senang
rindu ama doi :),senang
"sedikit cerita hehe jdi gni, gue pernah d tembak nihh dan gila dia bawa temen2 nya juga dong trs dia niat juga bawain gue coklatt, coklatnya banyak banget lgi karna dia tau kalo gue suka coklat",senang
jeanne pas rambut panjang cantik banget dah gue kira emaknya jeanne wkwk sayang jeanne,senang
almarhumah ibuku suka banget nolong orang-orang sampe sekarang tiap aku ketemu salah satu dari mereka aku selalu didoain yang baik-baik,senang
lala moli banget suka tidur telentang gt,senang
"selalu merasa kalo love me harder itu lagu yg org2 bakal suka. ibaratnya kalo jatuh cinta tuh ya pas pandangan pertama. di detik awal lagu udah dibikin . ga salah kalo hyunggu bilang pas produksi album equal, yon seolah2 nunjukkin kalo dia mau buat sesuatu yang ""amazing""",senang
"terus yg paling aku suka chapter yg best friend to lovers troops!! sumpah itu gemesin banget, gimana ada anotasi mcnya huhu. rekomen pol ini buku!!",senang
keren!! temenmu pasti suka banget,senang
grey sama what am i suka banget,senang
sy suka banget ini polos banget mereka asksk,senang
"suka banget sama layoutnya, thank you ya",senang
lagi suka banget lagu 127 yg the rainy night,senang
"bandung aku baca sekali, ampe sekarang belom berani reread lagi ih sama suka banget kalo ff ff nya ka shita, selalu ada jalan keluarnya dan happy ending gitu walaupun proses nya rollercoaster banget kalo punya ka rai aku cuman baca au chio ibel, yang ff di wp belom pernah baca",senang
"beri aku 1 cwo suka kpop, wibu, anak it akan ku sayang sepenuh hati",senang
"3. parfum junkyu from !! aa waktu itu liat teel banyak yang suka dan beli parfum ini, jadi kepo kann tapi ternyata saldo spay ga cukup eh ada orang baik yang mau co-in parfumnya aa seneng. wanginya enak banget plis",senang
jatuh cinta karna suka jatuh cinta karna kasih sayangmu,senang
gue masi suka banget sama foto yg buat ultah minhyun deh cantik,senang
"gw cinta bgt sama music tapi di grup ini ga masuk di gw lagunya. bukan jelek tapi arti liriknya yg emg ga masuk di gw, paham ga si tapi ya gw pribadi suka lagu"" mereka. and gw milih buat balik dengerin lagu svt. baru 5 menit lebih lalu gw denger dan gw baru ngerasa tenang",senang
"titalia , kenapa dia cantik banget yaallah eh bukan cantik si menawan aja gitu, suka banget liat nya kek pramugari , dia juga ramah banget",senang
"justru aku seneng banget ama event ini dan lebih suka ini dibandingkan lantern rite (tpi demen cut scenenya bagus), lucu liat kichiboushi, paimonnya juga gemesh, liat lumine ngejawab setiap pertanyaannya juga lucu2",senang
tulisannya aku suka banget kakk,senang
"kalo dia nulis cerita, suka banget deskripsiin keindahan fisik ceritanya sampe lupa detail alurnya sendiri. how cute sampe kadang ada yang diem diem bilang ""tulisannya terlalu rapi jadi agak bosenin""",senang
"selain itu, aku juga suka sama efek lembab dari serum ini. soalnya kalo yang acne serum, dia emang ga bikin kering tapi yaa juga bukan yang melembabkan banget. nah untuk di brightening serum aku ngerasa dia lebih ngasih efek lembab buat kulitku ;3",senang
"suer thanxxxx bangetttt buah hadiahnya gaes, sayang kalian semua emuahhhh",senang
"aaa beneran suka sama inii. awalnya tau grgr tmn sma di kls 10, trs penasaran dan ketemu prelovednya di 2020. seru banget pokoknya.. gemes sm r yg bungsuu",senang
"haha kamuu gemes banget puol, kamu suka dijadiin temen aja kah?",senang
suka banget beb,senang
"8/10, aku belum baca webtoonnya tapi suka banget sama drama ini. seruu banget sampe udah rewatch berkali2, tapi sayang endingnya gajelas",senang
"hal paling males dimuka bumi adalah beresin lemari trus bingung baju mana yang masih dipake mana yang engga, mau dikasihin ke orang suka ngerasa sayang nanti juga dipake lagi. ujung-ujungnya numpuk dilemari padahal yang dipake ya itu-itu aja",senang
"suka,aku kan orang jawa banget",senang
sebenernya suka banget sama ms ny hj suka backgroundnya warnanya posenya tapi kenapa gak senyum? kecewa,senang
"my dearest sunshine itu spesialnya apa ya. banyaakk. dia sering menguji kesabaran, tapi dia juga sabaarr banget ngadepin aku yg ga karuan. dia juga baik, physical touchable, perhatian, selalu ngeduluin keperluan aku dah oh ya! dia suka drakor dan seblak haha",senang
pengen jepit k$n+l suka banget gaya dudukin top,senang
kayaknya paraga suka banget ngajak wgl akun chaewon ya.. awas aja kalau di prank lagi:),senang
"dua-duanya, asalkan coklatnya ga manis banget aku suka.",senang
"thanks for the ga min! aku suka a qiao soalnya dia soft, baik banget kayak malaikat ga ngerti lagi",senang
lagi suka banget,senang
aku habis itu wkwk suka banget,senang
"aku suka banget ya allah:""",senang
"hooh suka banget liat style dia yg kayak gitu,",senang
dua duanya punya flow yang bagus tapi zuzur aku lebih suka ngerqpnya kanata even aku jatuh cinta juga ke allen,senang
"thankyou gale! kamu perhatian banget sama aku, suka sama aku ya?",senang
"tak suka aku takpe, aku boleh blah. aku harap aku dah penuhi pertolongan yang kau minta dengan baik. terima kasih.",senang
suka banget kalo crispy,senang
"kaa jee, aku suka banget sama aduhh itu au terbarunya, susah judul wkwk, ya itu pokoknya. ga papa angst, yg penting ” hihihihihihihihihihi maaci anon!! amen! hehe gak streaming mungkin nunggu di tl aja wkwk",senang
"suka banget, apalagi kalo kepasar, didaerahku itu pasar ada 2, ada yang deket komplek dan pasar yang jauh gitu namanya pasar induk, dan nenek suka ngajak kesanah naik angkot kan seru gitu jadi suka ngikutt",senang
sumpah ini kopi kenangan mantan dari juara banget buat gw yang suka kopi gak terlalu manis mah,senang
"chubby baby suka banget sama episode yg ini. suaranya mix wkwk told ya, if i have a brother like earth no need a bf wkwk",senang
"duhh alus banget masnya pas ngomong ""soon guys, soon"" heheh suka",senang
"hehe, terima kasih, jocie. dan, halo mba calypso! i really like your name dan aku liat di cv mba kalau mba suka gambar, kebetulan aku suka gambar juga (walau hobiku numpukkin sketch sih t__t). oh iya, namaku erzakiel, bisa dipanggil erza atau kiel. salam kenal ya!",senang
aku pernah bilang nggak kalau aku suka banget penggambaran api dan air ini,senang
dari semua fs mfs yg paling gue tunggu pasti khawla karena dia keren banget ga ngerti lagi gue suka banget kalo dia ngobrol ama mark,senang
"ku suka dirinya, mungkin aku sayang",senang
"kalau denger lagu loey, pasti yg pertama suka yours. sayang sama suka bngt sama lagu ink. kalau gak dengerin lagu ini, mungkin gak bakal kenal exo:((",senang
"aku bukan vampir jadi suka bawang haha iya sih, soto sama kari emang banyak banget yang suka",senang
gue suka banget june di sini.,senang
"saya pasti maulah dipeluk sama ibu guruku sayang...... saya suka kehangatan dari wanita dewasa seperti ibu karena ibu adalah wanita berpengalaman. begitu saya dipeluk ibu lalu saya ciuman dengan ibu, netek asi ibu, dan pipis enak lagi dan lagi",senang
aku paling suka oh my ghost banget hshdhdh gemes soalnya,senang
sebenernya waktu itu jadi seeun karna love at first sight deh sama seeun lagi nontonin stayc terus langsung suka banget sama seeun. abis itu iseng jadi seeun eh malah nyaman,senang
gajelas banget tapi aku suka,senang
"happy birthday my lovely eonni. suka banget sama bo young dari dulu, segi acting, visualnya, tubuhnya yg mungil itu perfect banget di dia, selalu nantiin projek drama nya awet muda bgt lagi. doa yg terbaik buat ayang, dan semoga karirnya makin sukses iya. love you",senang
"sebagai anak perempuan bapak yang suka bangun siang terus dibangunginnya karena perkara disuruh makan aja, gak relate kalau harus berjuang sendirian demi laki-laki. aku dicintai begitu penuh sama cinta pertamaku :d",senang
"good day cantik! selamat pagi, udah sarapan belum? aku udah makan tahu bulet tadi sama sotong, enak banget deh, kamu suka ga? suka aku maksudnya :p kamu cari yang bisa pda? pas banget all packages punya aku udah inc pda, karena emang ini anaknya bucin puoll",senang
likee both cuma puzzle piece tuh suka nya suka banget,senang
suka banget sama endingnya,senang
eh btw maaf banget ya liana gue spam mentab lo makasih sangmilnyaa suka bangett haa,senang
"si jleg, anaknya random banget, baikk, kadang emosian, galak, sibuk bngtt, bucin, pengertian, ramah, friendly bangtt, suka ngetik huek dah gitu pokoknya :b",senang
"cantik!! lucu banget ponimu, aku suka ;__ ;",senang
ada juga anakku yang namanya nalle! dia bubbly dan suka banget yang namanya update tentang kegiatan atau lagi ngapain di timeline pastinya dia jago dalam hal yang namanya pda,senang
woi aku suka banget sama dia oke,senang
win kalo rambutnya turun gitu cakepp banget gue paling suka,senang
bagus kan? aku suka banget banget,senang
"kadang ak yg perempuan aja suka iri ama mukanya dia kecil banget heyy, matanya juga belo pengen punya muka kayak gtuuuu",senang
sama-sama sayangkuu! aa gemes banget snacknya huhu aku suka banget maaci cayang mwaah!,senang
"mau liat air terjun 'kah, mas? wilayah geiranger agak sepi karena penduduknya masih jarang, tapi justru bagus untuk orang-orang yang suka di tempat yang senyap. sayang sekali, kemarin tidak sempat berkunjung kesana.",senang
suka banget bukain dm mokondo,senang
makasih buat kue dan hadiahnya wkwk apalagi meme squidward. suka banget,senang
makasihh banyak udh baca melt into you seneng banget tau kamu suka miy stay healthy and be happy always ya,senang
"film ini cinematographynya cantik banget, ngga kuning kayak film jepang biasanya wkwk. ceritanya termasuk 'ringan' menurutku, yang bikin aku suka sama film ini yaitu bagian theatrenya keren banget asli 8/10. ah, btw ini adegan 18+nya ya",senang
"aku sayang dia, rindu dia, inginkan dia…",senang
"hello! disini ada isla sama ona yang provide gxg relationship. mereka suka banget pda! karena anaknya juga bucin abis dan seneng pamer kelucuan pacarnya, segalanya deh tentang pacarnya. isla ataupun ona juga orangnya bisa match your energy, convobuild, ”",senang
cinta banget ama kue iniiii sksks,senang
"gw jatuh cinta, apalagi pas dia suka senyum-senyum sendiri pas sama gue",senang
"itu hidden gem banget menurut aku pas nemu trs nonton kayak lanjut terus wkwkw aku suka bgt yang ada si fujiwara karena ngomong japlish kocak gt, denjel suka yang mana? :3",senang
pls suka banget sama kak mimo dan kak bayu !!  - hshhehshhs aku juga luv sama mimo bayu berani adu bacot doang tapi softie kkkk,senang
"suka dan jatuh cinta tu gak butuh alasan, suka ya suka aja",senang
"taurus lo tuh kadang egois bgt, keras kepala juga, suka memendam. kalau udah ngerasa nyaman susah lepasnya, tukang julid, trus lu klu loyal coba ngasih batasan jg dong",senang
"kalo aku dari awal udh suka banget sama konsep aespa, makanya pas org2 banyak yg kayak apaan sih konsepnya, bikin takut, dsb. aku malah seneng bgt dan nungguin bgt aespa bakalan kaya apa di masa yg akan datang",senang
"minyak yg ngebungkus si kebabnya (gatau deng kertas minyak atau apa, pokoknya yg suka dipake buat bungkus kebabnya). asli lengket banget, dilepasnya susah, dikeluarin dari tempat kebabnya juga susah banget sampe tempat kebabnya harus dirobek dulu anjir worst experience ever lah",senang
"saya sender, ahgase yang kesepian disini. walaupun saya ngikutin karna suka sama lagu lagunya got7, tapi bisa banget nemenin kamu nonton konsernya. saya anaknya mirip yugyeom dikit si, tengil rusuh gak bisa diem. suka jahilin orang yang disayang, it's fine?",senang
"me time adalah salah satu cara terbaik yang bisa dilakukan di weekend ala aku. kalo aku suka banget weekend sambil nonton seri we tv sepuasnya pake indihome, kalo weekend versi kamu apa nih bestie?",senang
"yaallah ini gue bgtt, now i'm not part of exol, tp bnrn sayang yg sayang bgt sm exo gabisa digantiin, jd suka mereka skrg sekedar nikmatin semua karyanya gt karenaa idk but exo always hit different dr lainnya",senang
"aku awalnya kan lagi scroll ig tu terus liat jae di podcast apa ya lupa nah kata katanya tu ngena banget, awalnya aku kira dia motivator terus cari cari di youtube taunya punya lagu juga, awal aku denger lagu dia yang pacman langsung suka si terus dari situ",senang
sender nya keren banget ku suka tulisan mu,senang
"”dg meta orang lain. misalnya kokomi, yang kamu benci banget itu, naik usage rate nya, ya berarti orang suka pake itu ke abyss. come on, kita tau orang yang ke abyss, apalagi lantai 9 sampe 12, nggak mungkin ke sana cuma buat have fun pake alesan api mihoyo rusak wkwk",senang
demennnn banget sama energi ini,senang
guee cintaaa banget sm makna lagu child,senang
suka banget buruk sangka ya wkwk. opini publik nya sampean kejam banget wkwk.,senang
lagi suka bgt sama muka aku akhir2 ini sehat banget padahal aku lg haid,senang
"mau ikutan wish me luck semoga rezeki amiin biasku kim junkyu dr treasure, orangnya cute banget tapi kadang suka soksokan cool gitu ngebiasin bnran dia nyaman bgt pokoknya, liat dia senyum tanpa sadar kita ikutan senyum soal body beuh mantull,udah jadi model dari kecil",senang
"dulu ak waktu sd cinta monyet-monyetan ada yg suka sm ak, aku jadiin adek kakak. yha maap",senang
"mungkin setiap orang beda2 kali ya..tapi kalok aku pribadi suka banget kalok ada yg minta maaf pakek surat kayak kesannya manis banget bahkan semua temenku udah tau trik ini itu jitu banget.. jan lupa kasik surat sama coklat juga, ya itung2 nyogok tp serius deh, itu manis bgt kayak bikin jatuh cinta",senang
sayang dia pake banget,senang
"waduh waduh, saya pecinta mcflurry mau maju deh. hallo, sender. pertama mau bilang makasih sudah menjadi manusia baik, nama saya rakael. biasanya dipanggil sayang si, hehe. saya suka banget mcflurry asli, yang oreo tapi. soalnya mcd deket rumah banget, tinggal ngesot.",senang
ihh enak banget buryam yg ga suka ad masalah apa anw met mam ayang!,senang
fans suka nuntut ini itu tp gatau kerja keras staff dibalik layar. idol2 jype aja selalu berterima kasih loh ke staff mreka dan jyp pdnim tiap dpt penghargaan. jd syukuri hal sekecil apapun. kritik boleh bego jangan.,senang
"waktu sma sering banget di giniin, tp yaudahlah. makanya aku kemana mana suka sendiri dan malah kena sindir jg, ya aku to the point aja. langsung bilang, lah biasanya gtkan gk pernah ngajak? kalo sekarang udh nggak, udh pada dewasa.",senang
"yo, chiyo. adek lo tuh sukanya apa deh? she asked. well, he already knows that yuzuha had a certain feelings towards his sister. apa aja dia sih suka, asal gak lo kasih beling aja. adek gue bukan ahli debus, lo tau kan?",senang
"ini laki satu suka bener pout sekarang, gak tau apa ya aku paling gak bisa liat cowo pout ginii, gemess banget soalnyaa",senang
"ngemis-ngemis cinta mah sah-sah ajaa, asal lu tau risiko yg bakal lu dapetin. jangan malah nyalahin orang yg lu suka ketika orang yg lu suka ga suka sama lu balik dan juga ngerasa ""si paling berkorban""",senang
hi gue suka banget final chorusnya,senang
suka banget. makasi ibu bapak dan eyang,senang
"samaa yaampun, lily juga suka berebutan sama kaka!! feeding frenzyy yaa?? yaampun kangen banget",senang
"gue bersyukur banget kalo liat ada cowok yang stand with the victims. karena sesama cewek aja kadang suka ngejatohin victims dan bilang, ""gue juga cewek tapi gue ga gitu.""",senang
dulu pas ngekost demen banget ua makan solaria tanpa perlu jadi simpenan omom,senang
"suka banget pledis jelasinnya detail banget gak setengah-setengah ngasih kabarnya wonwoo and the other members :"")",senang
"aku tau jadi dari video jaesix yang react shoot me. tapi awal mulai suka day6, niatnya mau biasin yonk. taunya malah suka sama jae akhirnya, gatau kenapa. suka jae ya karena dia jae he saved my life, soalnya tahun"" itu aku stress banget sm urusan rl. his stream saved my life.",senang
agatha chelsea cantik bangett suka banget liatnya,senang
"sebagian wanita suka banget dg kalimat yg diucapkan oleh pasangannya. salah satu kalimat itu adalah "" yank, sini aku checkout kan sopimu""",senang
beomgyu sekalinya muncul suka bikin nangis soalnya kangen soalnya sweet berat banget,senang
padahal mereka juga yang suka shipping aneh banget,senang
"nyaman gitu aja, suka juga gitu aja suka",senang
"somehow pernah sangat ga pede karena kulitku sawo matang alias coklatt, tapi terima kasih beauty industri indonesia yang support kita, jadi salah satu variabel yang bikin ngerasa pede dan suka banget sama warna kulit sendiri",senang
psaw cakep banget possessed chongyunnyaa suka kok! suka bangeet! dan shadingnya itu dewa sekalii!!,senang
aku suka banget yang oreoo hshsh,senang
iganteng banget ya pacar kamu. tapi percuma kalo matanya masih suka ngeliatin masa lalu,senang
jake bias wrecker bangetsuka bikin oleng,senang
"ini adalah era wonwoo ganteng dan manis banget huhu, suka svt gara2 lagu ini trus lgsg tertariknya sama wonwoo karena ya emang ganteng pas disini",senang
"thank for this ga minn kalo ditanya sebenernya suka dua2nya krn gemes bgt pliss, tp krn emg hrs pilih aku pilih lao yan dehh walau aku sayang a qiao jugaa",senang
"aku sukaa banget dramanya, aku baca webtoonnya juga sampe selesai. plot beda dari webtoon bukan berarti jelek ya. banyak ko drakor adaptasi yg beda dari webtoonya malah tambah bagus. kim go eun adalah hong seol terbaik, sampe aku ga suka malah sama remake ke filmnya.",senang
"selamat malam kamu yg ngeselin, ngebetein, yg bikin jengkel, yg suka ilang-ilangan, tp ngangenin, aku sayang kamu mimpi indah ya kamu ;3",senang
suka banget and lope lope dia,senang
nih aku gatau tuhan kenapa baik banget dikasih calon yang ganteng baik ringan tangan suka bantu orang penyayang kenapa si baik banget bersyukur bgt akuu tau,senang
"masih on going, asli ini asyik banget! suka banget cara nulisnya, gaya bahasanya kayak aku banget, i mean, seleraku banget! can't wait to see more eps.",senang
plis suka banget cibi2 gini lucukk,senang
"makanya nonu tiap ngelive pake masker tuh ga rapet suka aku tegur maskerjya sayang rapetinn diamah :""( aah",senang
suka banget say,senang
"suka banget sm kacang, mungkin itu menjelaskan kadang gw agak ""nuts""",senang
"aa gracee sayangengga berto suka banget setiap di taggini huhu. makasi graceeberto baik kok, gracee juga jaga kesehatan yaa. semangat terus sayangkuberto sayang gracee bangett!!",senang
"selama pemakaian, kulit wajah terasa lebih lembap, fresh, dan terhidrasi. finishnya ini bikin muka jadi glowing. overall aku suka sama kedua produk ini, mereka tidak memberikan efek negatif dikulitku ( ´ ) aku kasih rating untuk kedua produknya yaitu 4.7/5!!",senang
"diingetin google photos, udah lama banget engga ke lulu bsd ya ternyata. pdahal seru banget makanan2nya si yg dulu gasuka olive+humus, jd suka banget",senang
"bukan title track. tapi suka banget sama anymore, soalnya relate",senang
"buat yg suka wangi2 kelapa smooth rileks gitu pasti suka yang vs coco sleep sama coco zen. asli calming banget wanginya, pas dipake agak watery dan hasilnya ngelembabin banget. def my fav, i do repurchase 2 ini ganti2an",senang
"yeayy hadiah giveawaynya udah sampe baguss selimutnya phi , suka bangett gambarnya gede dikasih freebies jugaa makasih yaa phi buat giveawaynya suka banget dan thanks admin jugaa",senang
"pakai spaylater enak bgt apalagi bonus shopee byk (free ongkir), aku pengguna baru shopee suka banget, contohnya ini lagi perlu tapi belom gajian & spaylater ngebantu banget,jadi belanja dulu bayarnya nanti pas gajian",senang
"good morning sender, saya avail buat hari ini untuk provide nsfw saya bisa dalam bentuk imagine ataupun yg dirty talk frontal atau non frontal bisa. tipe saya itu cenderung suka bawel dan paling suka pampering , sweet banget sama pasangaan dan suka kasih pukis ke kamu nanti",senang
efek paparan belaka - terbiasa menjadi nyaman larangan untuk berkumpul bersama orang-orang yang ingkar dan suka mengolok-olok.,senang
sampai sekarang aku masih suka banget sih sama air. tapi udah nggak pengen jadi mermaid. sekarang maunya jadi tyrannosaurus rex,senang
"my love! barangnya udah sampai dan aku langsung pake. bener-bener seger banget pas baru masangnya, langsung suka banget! makasih banyak, ave! aku kasih bintang 5!",senang
eh ini judul kartunnya apa sih kak kalau boleh tauu? aku suka banget nontonnya,senang
masih suka banget kalo dengerin lagi ed sheeran yg lego house,senang
"paling ga suka rambut, jujur anjir kek struggle banget gue gambar rambut",senang
nder kece banget serius suka bgt keren mantap lopppeeee,senang
tolong ini temennya siapa cinta drama pake banget,senang
gak tau kenapa suka banget liat foto xiumin rambutnya dibandoin gini,senang
"tapi, gue suka bngt sana guru smp gue ms. riri, gila accent britishnya love banget kalo ngajar berasa denger harmonie lagi ngomong.",senang
"kdm ahjussi ini tuh ganteng banget walau suka dapet karakter nyebelin, jarang banget ada yang bahas dia disini huhu.",senang
seru banget pembahasannya!! yang suka kpop jadi gak sekedar demen oppa koreanya aja tp sejarahnya juga kudu tau buat nambah wawasan,senang
aku dulu tertarik banget sama benda-benda dilangit. kalau ada pelajaran ipa tentang tata surya pasti selalu semangat. sampai nggak rela kalau jam pelajarannya habis. t __ t oh iya dulu juga aku mau jadi mermaid simply karna aku suka air..,senang
"silahkan, nggak usah ditanya karena aku suka baca tulisan btari. cantik banget",senang
pls ini tuh tipe yoongi banget tiap nge prod laguu. terus ini tuh tipe jungkook banget yang suka ngasih adlibs di bagian yang kosong. kayakk yaampunn yoongi jungkook tuh emang diciptain buat saling ngelengkapin. t__t,senang
"di tanyain ""lagi apa"" merasa bosan? dan kurang berfaedah? ya karna yang nanya orang yang tidak disuka. coba orang yang di suka yang nanya, pasti exsited banget, sampe roll depan roll belakang, kayang, dll padahal cuman di tanya ""lagi apa"" lucu ya.",senang
"emosinya natural banget, aku suka wkwkwkwkwk",senang
jujurly selain suka kopi nya yang ginger ale lemon espresso gue suka banget sama logo dan basic color nya si flash coffee,senang
kenapa aku suka banget banget sama cilor..,senang
heh podooooo! aku suka banget kombo tawar ijo dan meses itu.. fusion banget aromanya. elah.. fusion!,senang
"aku suka gambar semua bagian! kecuali satu, sepatu! males banget apa lagi yg ada talinya iihh gaa! ga mauuu",senang
"ingat banget waktu sd aku suka mikir gini wkwk, sd sampai smp sih mikirnya gini mulu. jadi kangen",senang
karna ga keluar2 suka banget muka jadi bersih gitu huhu,senang
"betul, aku suka banget spongebob aku mau jadi patrick",senang
"suka dua2nya, maruko feelnya anak2 banget sopan juga trus si jadoo lumayan bandel ga sih dia tuh wkwk",senang
"woh gitu ya logikanya? wah suwun cak, bisa lah nambah resep kuah-kuahan lain. nambah bebek iki soale aku suka banget sama bebek surabaya yg bumbu kuning jadi sekalian aja",senang
"pitnah itu! kompensasi crosong aja belum di kasih, eh udh pitnah aku gak suka waffles. sekalian aja bilang aku suka croffle?",senang
"sleeping masknya ini packagingnya cantik banget. udah gitu nyaman banget pas dipakai, teksturnya enak, wanginya enak dan beneran bikin kulit jadi terhidrasi dengan baik pas bangun tidur. suka bangeet .",senang
"gue setiap mau nge-drive thru makanan di pake motor suka sungkan. padahlkan kan bisa ya (: soalnya gue suka ngata2in orang dalem hati, maaf bnget nii (: ""dihh aneh banget itu kan drive thru bukan ride thru"". wkwk",senang
"nah iya, gak enak gara gara dia. taeung jadi gak ngerti mana prioritas karna sifat 'gak enakan' dia. udah gitu si temennya suka drama nanges dan beneran berdedikasi banget gitu ke taeung gitu. kan bingung!! jadi yaudalah bye",senang
sekalinya dapat au yang gua suka alur ceritanya eh malah masi on going gadak apa ya alur gitu tapi uda end bukan gabisa nunggu tapi ini beneran butuh asupan au banget ku lagi gabut banget banget,senang
"ls lama, tapi suka banget",senang
suka banget makan sate ayam,senang
jritt ketawa banget aku suka dimanfaatin,senang
"terakhir, ada iral yang diam-diam menghanyutkan. dia keliatannya kalem, diem, padahal aslinya dia tuh bawel, punya banyak topik untuk dibahas. iral tuh perhatian banget banget ke pacarnya. dia suka kasih pukis ke pacarnya dan selalu seru deh",senang
demi apapun ini baguss banget. aku nangis selama baca ini. emang bahasannya agak berat. tapi aku suka banget bacanya. haish jadi pengen baca buku historical fiction yang lainnya :(,senang
"suka, banget. apalagi pas naik motor sendiri udah kaya me time",senang
tapi dulu suka sama aoi pake banget seehhhh,senang
suka banget kayanya sama tamao senpainya,senang
"enggak, suka oleng sana sini tetep aja balik lagi ke mas ganteng peletnya kuat banget",senang
"seneng banget liat pacarnya salting wkwkw. kanu bisa bebas manja-manja ke farrel, farrel suka. dan farrel juga bakal ngasih kamu banyak afeksi, banyak peluk banyak cium wkwkw. farrel juga termasuk tipe yang fast respon",senang
yang suka film india menarik bisa banget mola tv jd pilihan,senang
gemes banget dapet bebek ini dari kak kaget tadi dapet dm ps lagi ngerjain ujian anatomi intinya maaci kak udah mau mutualan sm ran maap kalo kadang suka jbjb ga jelas lopyuu,senang
aku orang yang suka banget berkendara kalo ngantuk tu melipir indmr cuma buat sekedar duduk sama minum apa gitu seringnya si kapal api gula aren yg dingin nah tadi liat disebelahnya ada kopi kenangan. itu bagus banget si kek tiba tiba bikin kemasan ritelan apa aku yg baru tau ya,senang
aku suka banget kalau dia udah foto sama kamerea ini t_____t,senang
"yaallah rumah impian gue banget, ga besar tapi ga kecil banget. suka banget ih, adem banget keliatannya :(",senang
martabak telor/tahu. ini turunan dr bokap si wkwkw gw suka banget tahu,senang
"wkwkwk karena biasanya berawal dari coba-coba, kepo, dan lanjut ketagihan. kalo ngga suka sih ya ga bakal lanjut. aku dulu juga kepo bau tembakau tuh gimana ga enak. pas di lab waktu itu ada yg bawa tembakau bused baunya kek obat rumah sakit enek banget",senang
ini ada bukunya ngga sih? kalau ada mau beli huhu. soalnya gemes banget. aku suka model yang ada ilustrasinya gini.,senang
"kedua, ada seth yang terlihat seperti ccn alias cold city namja padahal aslinya dia tuh warm banget! seth ini kayak air (loh?)” maksudnya, dia nih aura nya nenangin gitu. dia suka ngobrolin banyak hal dan anaknya juga receh punya banyak jokes bapack2",senang
"me time adalah salah satu cara terbaik yang bisa dilakukan di weekend ala aku. kalo aku suka banget weekend sambil nonton drakor sepuasnya pake indihome ditemenin jajann, kalo weekend versi kamu apa nih bestiiee",senang
"film korea kenapa ya sekarang bagus banget jalan ceritanya, makin cinta korea korean",senang
"kakakk, suka banget sama au nya semangat terus berkaryanya kak!!",senang
"pliss aku suka bangett sama au nyaa. keselnya dapet, nyeseknya dapet, sedihnya juga dapet. pokoknya sukaa banget, baguss ;3 ” aaaaaa demi apa sih aku kira kalian2 kayak kurang dapet feelsnya.. :( thank u sm udah mau baca tyi!!",senang
"tapi ada satu momen yg aku suka banget, ibukku tuh orangnya galak banget. tipe tipe senggol bacok. jd kalo ada masalah dia siap berantem dengan tangannya sendiri tanpa nunggu laki-laki yang ngelindungin. prinsipnya, 'lu gila, gua lebih gila' wkwk dan itu tertanam juga di aku",senang
"sekarang udah di remake sama authornya, nder. namanya l4dy 1n r3d di ijo (eng). tapi ceritanya udah berubah banget sih, gk kaya cerita p4tch1 yg dulu tapi p4tch1 nya masih suka b*nuhin orang wkwk ya masih tetap kurang sih",senang
"kok mirip sasuke ya, suka marah2 lagi wkwk tapi kalo lagi canggung tuh dia gemes banget",senang
"pagi mas, maaf ganggu. aku rencana mau ngekos di the home mas, mau nanya beberapa hal mas 1. kalau hujan deres kedengeran banget ga ya mas dari kamarnya? 2. kalau berisik kedengeran ga ya sampe kamar sebelah? soalnya aku suka dengerin musik pake speaker gitu mas",senang
aku suka banget kalo kamu foto pake kamera t______t mau nangis ily banget,senang
"jatuh cinta ama au bxb wkwk. terus temen w baru2 ini suka bangt4n. yaudah gue ajak aja terjun ke dunia per-au-an yang tks wkwk. doi juga suka dong wkwk. setelah ke tks, w mulai ke y00nm1n terus ke n4mj1n, terus pernah jg baca yg h0s30k x j00n seru bgt wkwk.",senang
"banyak kok film barat yang romance, tapi ak suka banget sama film pride & prejudice",senang
suka banget..,senang
"banget .. delapanpuluh halaman yang bisa bikin tercengang. betul. sekarang websitenya juga udah banyak, udah nyaman juga buat baca manhwa-manhwa yang lain. salah satu alasan saya jadi sering baca buku karena lupa urutan baca komik. suka bingung baca dari mana ke mana.",senang
aku diajak nikah jaemin karena dia suka sama aku anjir beruntung banget di game ini,senang
"suka dan sayang doi, lucu banget soalnya",senang
"dulu ketika masih smp suka banget sama lagu ini, karena juga relate ya",senang
terbaik jd kangen bgt mo nangis huee walopun beliau suka marah trs kadang cuek tp perhatian bgt nomer satuu ibu aku terbaik sayang ibuk perhatiannya tu yg langsung aksi gtu lo walopun tanpa kata kata hihi terus klo lg mood cerita asik bgt pokonya kangen bgt sm ibuk,senang
"alina , kalo ada cowo yg suka sama km tp km ga suka dia. tlg ditolak halus aja jgn diphp in aplg dibuat nyaman trs ditinggalin",senang
dear cowo : kenapa si kalian suka banget ga gasi kejelasan sama cewe apa kalian itu aslinya lagi deket sama banyak cewe dan ga mau mereka hilang,senang
suka banget.,senang
"hey rindu jugaa, yeyy akhirnya dah sembuh bisa jadi bocah aktif lagi ya. ya biasalah kan elu tau gue suka jadi kang ngumpul twibbon :3",senang
suka banget kalo udah buat thread haha,senang
serius tubatu tuh juara banget title track nya dari debut smp skrg gada yg ga suka huhu,senang
"8/10. filmnya baru mulai 2 menit gue udah suka banget sama dialognya seohyun. makin ditonton ternyata beneran bagus. ngasih tau bdsm, consent relationships & sexual harassment. jujur gw ga expect akan semenarik ini dan ngira paling gw bakal bosen di 30 menit pertama",senang
cewe kasih barang bagus hanya ke cowok yg dia ada rasa,senang
aku suka karena puas banget ngetiknya ahaha,senang
aa suka banget senyum tae disini anwjjsjjw sayang sayang bangett.,senang
"selain anime naruto,gua juga cintaaaa banget ke anime hunter x hunter =))",senang
"atau tiba-tiba sisca kohl buat konten nonton theater jkt48 sendirian check hari ini aku sama adik aku mau menonton show theater jkt48, adik aku suka banget",senang
aakk ini bagus banget sumpahh aku suka banget sama penyelesaian konfliknya di buku terakhir,senang
"dalam hubungan pasti ada tipe wanita yang selalu menanyakan pertanyaan yang sama kepada pasangannya. entah itu ""kamu cinta aku gak?"" atau ""aku cantik gak?"" terus yang lebih ekstrim lagi ""aku gendutan ya?"". aku pribadi lebih suka dibilang cantik, suasana hati langsung goodmood.",senang
changmin suka banget boneka chucky,senang
"jarak antara aku dan damar hampir tidak ada ketika aku menoleh dan diciumnya bibirku secara tiba-tiba. aku suka sentuhan tangannya, lembut dan tersirat sayang disana.",senang
"ada loh banyaakk, tinggal kmnya aja yg gausah mancing atau ga gubris pas obrolan kegitu. tapi kalo aku gabisa kayaknya, soalnya aku suka ndusel dan peluk2, aku manjanya poll kalo sama orang yg kurasa nyaman. kecuali cowonya tahan nafsu kalo aku ndusel2.",senang
bener. aku paling suka kalo jamurnya dibakar. cuma dibumbuin garem udah enak banget.,senang
"semua berawal dari mata. saat bertemu, merasakan suka yang datang begitu saja. perlahan menjadi sayang. kemudian, takut kehilangan.",senang
"berawal dari sahabat eh jadi pacar wkwk, terus suka gimmick saling sayang padahal iseng doang akhirnya jadian",senang
"ga semua cewe suka cowo yg ganteng, kadang ada juga cewe suka cowo yg ganteng banget",senang
suka banget jadi munafik adalah jalan ninjaku.,senang
aaaaaa seneng banget. micchi riko satu film entah kenapa pas nonton kiekoi juga aku suka bgt kalau mereka berdua satu scene,senang
"suka banget keknya bawa dy buat dibanding"" in, habis itu jadi dy nya yang di drag",senang
suka banget asli deh ungu ungu gini aa,senang
"haloow ka. kemana ajaa aku baru nemu au sekomplek. cubang dah ni au, greget banget ini si kigen tuh suka ga si sama dika jadi ikut galau weh:(( dan menur.. - halo anon! aku gak kemana kokk, aku emang biasanya update weekend hehe. tha..",senang
suka banget godain dia,senang
gue tipe yang suka ngasih kasih sayang tapi geli kalo di sayang balik.. pengertian nya,senang
sempol ayam siapa nih yang suka makan sempol cara buatnya mudah banget ig by hidayahnrs mandalika / solaria / tidur / sarapan,senang
"suka banget sama evermore, semangat updatenya!!  - ngaah makasih sender! ;3",senang
cinta banget apalagi kalo makan nya pakai ice cream walls vanila strawberry,senang
"temen2 deket aku tau banget aku suka jawab bebas kalo ditanya mau apa, jd mereka pasti lgsg pesenin aja apapun xixi love u all",senang
bangett plss sy suka banget bikin itu,senang
suka an cinta banget tulisan macem giniyg pandai bikin emosional org tergerak wkwk,senang
menyesal.. kesal.. gak bilang.. sayang.. cinta.. kamu.. padahal aku suka.,senang
handy mandy nih bapak ak yang anti banget kartun tapi belio suka,senang
"mimpi pergi bareng ma papuy vespaam, pulkam nek mobil, hft ternyata suka rindu juga",senang
"suka yg isinya nangkaa dulu pas smp suka banget beli yg nangkaa :"""" kangen",senang
iya suka banget sama pola filet,senang
"dule : si yang paling are u sleeping?brother john? haha. temen lawakku. ucik : si paling dewasa, sabar bgt hadapin aku. cik,bagi hotspot,cik kantin ibok,cik aku gembel bgt ga?. suka aku repotin juga kadang kadang onik : kadang kadang hebring sendiri, tapi aku sayang.",senang
jujur gatel pengen kritik adminnya lewat komen. tapi males banget orang2 ig terutama player genshin di ig tuh ngeri njir kalo diajak debat. suka argumen kosong doang yaudah aku ngerant di sini aja. siapa tau salah satu admin/temennya ada yg baca ya kan wkwk,senang
"tapi jujur suasana tempat makannya ky rm sunda modelan ampera dan kawan2nya. trus aku makan beres dluan, aku bilang aku mau keluar dulu. eeeh ternyata si harry ngikutin wkwkkwkwkk trus aneh banget dia bilang dia suka sama aku wkwkjwjwjjw",senang
makin suka sama dia abis nonton one spring night gua jadi banyangin kalo di kehidupa asli nya junghaein itu emg seromantis dan sayang bgt sama pasangan dia,senang
"mamaku mudanya emang cantik (beda jauh sama aku) tapi ga punya pacar, banyaknya kakak gemes alias emang anaknya friendly no love love club banget, jadi emang suka ga ngewaro cowok buat cinta-cintaan, meanwhile aku gak ada yang naksir dan sibuk sama cinta""an cowok kpop",senang
alasan kenapa suka banget sama karya2mu kak karna kadang bikin aku salting sendirii. ini ngena banget meskipun aku gapunya ayang kk,senang
suka banget,senang
"kdm all of us are dead guys aku kaget banget??! di awal nonton suka banget sama couple namra suhyeok tapi ga berekspetasi apapun, eh ternyata",senang
"jarang suka genre romance, tp sekalinya suka lgsg bucin banget !!",senang
aku sih suka. kayak solar system gitu. huhuhu entah kenapa aku suka banget liatnya.,senang
"kapan coba gua bisa kaya temen gua yg berani deketin cowo yg dia suka duluan? pengen banget deket sama crush, setidaknya jadi temen deket aja deh",senang
"suka heran sm orang yg nikah dengan orang lain, while dia masih cinta sama yg lain",senang
"lagi suka banget dengerin lagu memories-nya one piece, apalagi kalo tau artinya",senang
"mootss, temen aku lagi suka sama orangg. kasih tau cara atau tips dong, biar orang itu suka balik sama diaa. makasihh~~",senang
"nah, bisa dijadiin pelajaran banget nih. kita ga akan tau ketikan yg kita tuju ke orang tuh bikin sakit hati atau ngga. seenggaknya klo ga suka, bisa pake cara yg lebih halus lg. jgn kesannya ky menjudge. lyra keren, dr sakit hatinya, dia malah jd sukses proud of you ra",senang
"oh jadi gitu ya army harus banget wajib banget suka semuanya, padahal setiap orang punya kriteria idolanya masing masing mengejutkan ya",senang
pas punya iya suka banget,senang
"cintaaaa banget warna pastel begini, makasiih",senang
walaupun ketutup masker suka banget aura mark disini ampe merinding,senang
ga suka banget kalau didominasikan. yaudh jangan di gua klu gua ya kesetaraan,senang
beda banget dah raut muka orang yang suka dikasih jatah ama yang kaga,senang
"dari becanda-becandaan, jadi suka-sukaan, jadi sayang-sayangan dan sampai akhirnya saling takut kehilangan. :)",senang
mama juga sering dengerin cerita-cerita random gue wkwk kaya keseharian gue apapun itu. suka banget kalau udah curhat sama mamaa and i love her so much,senang
"wajarlah cewek suka kangen, biasanya setiap malem ada yg ngucapin ""sayang, makan sana, nanti jgn tidur malem2 ya"" tapi sekarang gak ada.",senang
"cowok jujur tu cowok yang bilang suka kalo dia suka, bilang sayang kalo dia sayang dan kalo lapar, dia makan!!",senang
paling suka klo jaejoong nyanyi rock. suara seraknya jadi keluar banget.,senang
aku suka ini kalo ga sampe keras bgt jd masih empuk dan masih beremah milo gt ya ampun udah lama banget,senang
rambutnya lucu banget mbaa suka bgt,senang
"haechan ini setiap fansign pasti ada aja gombalannya. manis bgt emang orangnya, semuanya aja dikasih kata-kata yang bikin iri. bener-bener deh suka banget godain orang.",senang
"seru, runa. kalau ngga gangguin beliau, suka gangguin anak aku. kedengeran gabut banget ya aku tuh.. btw, runa lagi ada kesibukan apa akhir-akhir ini?",senang
"baikk banget, banyakk banget kebaikan yg dikasih mama ke gue ga akan muat tapi paling suka mama tuh selalu ngutamain anaknya dan selalu berusaha buat ngertiin anaknya contohnya kalau gue lagi bad mood pasti ditanya ""kamu kenapa dek, ada masalah?"" terharu rasanya pengen nangis",senang
"beberapa minggu ini, kita suka deep talk. gua bisa rasain kalo ni anak lagi kenapa"", dia bisa nunjukin dirinya yang sebenarnya, kalo.. anaknya cengeng banget, perasa banget, sipaling gampang sedih, sipaling gampang kefikiran kalo ada apa"" sama dirinya, itu cuma sama gua.",senang
"sumpah, gua udh nyaman pjj.. ngapain si ptm elah.. mana jam belajarnya lebih lamaa.. jam 12 aja gua udh ga kuat apalagi jam 2.. uprak gpp deh di rmh, tpi emg gua lebih suka uprak di rmh si.. soalnya klo di sekolh kek lebih ribet dua2 nya.. gpp juga bikin video, udh kebal gua",senang
single krna suka ilfeel kl dideketin org dan blm ada yg sesuai sm aku dan blm ada yg bs bikin nyaman,senang
huhuu suka banget bangettt sama konsep cb taeyeon kali ini,senang
"aku lbh suka pake exfo serum sih, tp jujurly somethinc bikin jatuh cinta bgt sih memang",senang
ahh aku yg udah tau exo di 2016 tapi itu aku blm suka kpop eh sukaknya baru sekarang di tahun 2021 dan mereka lagi hiatus:'wlapun hiatus gue ttp cinta krena sllu ingin tau jadi gue kepoin mereka trus mkin gue kepo makin gue cinta dan syg bngetexo saranghajaa,senang
"elu itu care sm org yg lu sayang, baik itu temen atau pacar. orangnya gasuka yg ribet ribet, tipe org yg soft. kalo dulu gua ngambek atau marah lu malah yg minta maaf duluan wkwk. saran gua kalo elu yg baca ini suka sm confess duluan deh-",senang
"lope u ci, makasih udah mau dengerin keluh kesah aku juga, masih suka ngerecokin ci adel sayang banyak banyak",senang
"tp di kls 11 tuh pling ga suka sm bahasa gw alkwlwl, kek kasar banget beda sm dulu2, ngomong anjrt aja lngsng istighfar",senang
aku suka bgt sama kata kata kamu yg zjjaakmwks i rlly feel lovedd. aku tungguu actionnya ya sayang!!,senang
"banyak hal hal kecil yg aku lakuin ke kamu, ternyata kamu suka banget!! aku ngelakuin itu semua pure to make u happy",senang
"jujur ya , banyak cinta yang datang kepadaku, tapi ku tolak semuanya. karna aku masih suka wanita!!",senang
"bapak pernah ngejek emak karna pesek ""emak kamu pesek banget, kamu juga sih, tapi untung agak nurun mancung dari bapak dikit"" tapi abis itu bilang emang paling cantik, pa maksud kadang suka usil ke emak, tapi abis itu ngibrit",senang
"kalo liat tweet yang berkaitan sama idol, agency, atau apapun yg berkaitan sama kpop sering banget mikir bahwa memang kayaknya rata2 yg tweetnya suka aneh2 mungkin belom banyak terpapar gimana society bekerja in real life",senang
"kalo udah dengerin satu lagu dan udah suka banget, pasti bakal di ulang2 terus sampe moal",senang
terus kaya kalau seokjini lagi ganteng banget yg edann ganteng pisan tuh suka kagetz,senang
ngga tau gue suka banget sama mereka,senang
"sender, ijin mewakilkan tristan yaa? karena doi lgi blm bisa selfprom nihh. tristan vibesnya begini nihh, dia mengayomi jugaa so you can lean on him dan akan dijaga dengan baik. dia akan membuat kamu nyaman pastinya. a pluss karena orgnya suka kasih afeksi",senang
"seneng banget sih ngadain webinar yg pas banget sama aku yaitu tentang toxic relationship, yuk lah bestie yang masih suka galau2 masalah percintaan mending ikutan ini!!",senang
"me time adalah salah satu cara terbaik yang bisa dilakukan di weekend ala aku. kalo aku suka banget weekend sambil nonton drakor sepuasnya pake indihome, kalo weekend versi kamu apa nih bestie?",senang
"sayang istri liat suka beli baju pesta di ig shop langsung cushh beli baju dehh, enak nya kalau terhubung indihome mempermudah dan memperlancar kebtuhan online",senang
"pasti bakal gemes karena tristan bisa gemes sendirii punya pacar yg suka dimanja he will take care of you gently and very well, tristan akan membuatnya nyaman dan akan dijaga dengan baik. tristan juga orangnya mengayomii. yuk cek carrdnya dibawah untuk informasi",senang
"kaya suka banget mikir ""gimana ya kalo grup a pake cb ini?"" ""grub b keknya cocok deh pake konsep kaya gini."" dan pls ingin gue wujudkan",senang
"tapitapi welcome paus babyl, kayanya aku jg masih baby sih, cuma 3tahun lebih dulu(?) tp sayang aku lagi suka adeknya, gasih karna mereka hiatus aja, besokk papi aku pulang wamil, kangen updatetan ig papi olkay",senang
"hai sender! selamat pagii. ini ada tristan yang bisa dirent seminggu. a soft-dominant type, kalem, tapi seruu dan lucuu, sangat sangat penyayangg dan perhatian. dia suka kasih pukis dan manjain bayiin pacarnyaa, cocok sama sender yg suka dimanja-manja",senang
"sumpah sekeren itu, gila banget mark tuh kereenn bangeett bagus banget, sukaa. style bajunya jugaa, suka banget, so mark intinya",senang
gini aja gw suka banget anjr. hastag pelet taehyun,senang
"aku bener bener suka senyumnya mutsuki. yuki senyumnya hangat, mutsuki senyumnya black prince banget . udah gitu aku suka hubungan mutsuki sama hajime. kalau yuki-kyo sering baku hantam. mutsuki hajime justru berteman",senang
suka kagum banget sama cowo yang ambiss sama masa depannya,senang
"aku bener bener suka senyumnya mutsuki. yuki senyumnya hangat, mutsuki senyumnya black prince banget . udah gitu aku suka hubungan mutsuki sama hajime. kalau yuki-kyo sering baku hantam. mutsuki hajime justru berteman",senang
"suka dengan cara aan menuliskan permasalahan sosial di buku ini. selain tema itu, cinta yang luas ada di dalamnya",senang
aku suka british accent pas masuk kuping itu keren banget tapi ya itu ngga paham jadi suka bingungan,senang
suka banget sama foto makanan.,senang
"cantik itu luka suka banget gilaa, satirnya kerasa banget",senang
"suka banget telponan.. pernah 11 jam alias sama sleepcall wkwkw.. trus aku jadi tau kapan dia bangun, kapan dia kerja, kapan dia makan yaa pokonya gemes banget mumuku itu.",senang
"mumu suka banget makan.. kita makan bareng.. aku masih kenyang, dia bisa udah makan lagi wkwk. terus dia suka kasih kejutan.. inget hal hal kecil, yang aku aja lupa :""d selalu nanyain hari ini ngapain aja.. padahal sepanjang hari juga chatting. suka ngerjain aku wkwk",senang
"suka bang sama ketek bauk, aroma kringet, ketek basah. pokoknya suka aroma bauk ketek khas jantan ( tanpa rexona/parfum ) bisa bikin gairah, bisa sampe muncrat",senang
suka banget sama pemeran dan karakternya si grace dh kek dia cantik dan smart banget trs jg nganut prinsip setia,senang
suka banget sama keluarga ini,senang
"suka banget sama toko ijo, beli barang harga ratusan sampe jutaan ongkirnya ttp 2k doang",senang
suka banget enak keras2 alot,senang
suka banget ngegadoin susu bubuk. apalagi pake pisang goreng ato donat duuh jd laper,senang
kakakk bagus banget suka suka alaska florida sgt super duper bintang 5 ilyy - terima kasih glad you like it! waduh bintangnya ada 6 tuchh,senang
sama-sama kak aku suka banget n di sini wkwk,senang
gua tdr enk banget tiba2 di suruh bangun masuk kerjaa kebiasaan suka dadakan anjr,senang
"omg lucu bingoo!! thankyou selllll ih gemes banget dikasi dino gini, suka banget",senang
kebiasaan banget suka ngabarin dadakan,senang
suka banget banget sama,senang
si ceweknya tuh bajunya terbuka. trus dadanya gede gitu. jadi ya gitu deh. tapi sejujurnya ceritanya lucu kok. cowoknya polos banget soalnya tapi kalo gak suka fanservice ya rada kagak nyaman sih makin kesini makin makin soalnya,senang
"terlepas kdg alurnya bikin kesel, tp terima kasih bu & team yang sudah membuat cerita yg epic dan masuk dlm sejarah sinetron, bikin banyak orang termasuk saya mau nonton sinetron lagi setelah belasan tahun vakum. maaf lahir batin bu suka misuh",senang
"suka banget sama lagu barunya kangen band, gak tau udah berapa lama gak ngehype mereka dan biasku kak izzy masih tetep ganteng sama kayak belasan tahun kemaren",senang
"aku tiap menetap di fandom tuh pasti ada ganti2 kesukaan pas di awal2. urutannya shokudaikiri ; hasebe ; azuki ; buzen dan yg first love itu kek sebenernya masih suka yg biasa aja sih, belom yg bucin bgt kek aku ke buzen :""d",senang
"suka banget sama konsep yang dipake, taeyeon cantik banget udah kaya dewi artemis (/ )",senang
"waktu aku mulai tau, kalau ternyata dahyun twice aslinya tenang dan misterius banget.. padahal awal aku stan twice karena dia, dan ngiranya dia bobrok abiess tapi gapapa sih tetep sayang",senang
"setidaknya dohoon pernah sedekat nadi kalo harubby bener2 gak nyatu dah kalo kita dohooniest selalu bilang dohoon dah punah, bahkan pecinta harubby bilangnya ˜harubby kan gak saling kenal' lucukk banget kakunya makanya ku suka liat harubby kalo dah dipaksa berduaan",senang
"gemes banget.. you too cantik! anyway, kamu klo pagi suka sarapan apa?",senang
kasih ak aja ak suka sm coklat,senang
iya aku suka banget ngomong sendiri..,senang
"ah cerita tsana ini mirip pas aku ke day6. aku cuma denger 2 lagu aja dulu, terus lama2 enak, lama2 asik, lama2 kepoin jae, lama2 kepoin doun. gak tau kenapa suka dan jadi fans cinta banget mereka. semua.",senang
ohh jelas banget donk! aku suka banget disitu kakka jay sama kak heeseung juga keren suaranya . wah ide upcharku spontan aja sih gimana dong t__t,senang
"dan gue harap sih ke jadian, si te suka sama ggvk bucin cinta ama dia tapii semuanya terlambat karna ggvk dah pergi biarin dah dia idup dalam penyesalan hidup dalam penyesalan tuh lebih sakit dibanding dikasih karma yg datang cuma sekali",senang
gatau kenapa kalau orang manggil gue dengan sebutan 'cece' gue suka banget,senang
"gua selalu suka kalau pagi-pagi buka tello terus ada yang kirim ginian huhu please lu cepet sembuh yaa makasih banyak karena udah baca ajay dan kugi, nanti gua update lagi oke?? cepet sembuh banget ini gua benerannnn",senang
"[fakta melody] melody suka menanam pohon, maka dari itu dia ambil jurusan pertanian, biar bisa menanam benih cinta gue ke dia",senang
kaki wonie tuh suka kek gini.. gemes banget woy,senang
"yess. aku baru suka exo sekitar september 2021 lalu, kaak. gak tahu apa alasannya, tapi beneran ini mah bisa dibilang sayang tanpa alasan, wakaka. daya tarik mereka terlalu kuaat. gak pernah nonton live show, dsb tiba-tiba suka dan sayang banget banget sama mereka..",senang
"tapi lebih nyaman kalo aku ga suka dia end then dia suka aku sih, jadi lebih ngerasa di cintai bgtt.",senang
aku lagi suka banget sama lagu ini siapa tau masuk juga dikupingmu hehe,senang
dan kadang sampe harus lapor makan siangnya apa wkwkw soalnya kalo ga makan nasi suka diomelin. padahal aku udah ga muda lagi. forever mommy lil girl ya huhu. i love you mamah sayang,senang
"sebagai pembaca setia webtoonnya, aku gak suka banget sama dramanya, apalagi endingnya. jelek. puol. rating dariku 3/5, tapi tiap orang punya preferensi masing-masing yaa",senang
"cakep, gemoy dan suka julid pas banget jadi abang angkat, makin sayang",senang
"melodinya enak banget asli, meskipun nggak tau baca liriknya. definisi suka lagu karena musiknya enak.",senang
"keknya gue kesengsem ni ama mew suppasit sampe kebawa mimpi pas tidur. dan gue baru tau dia actor yg main di series bl . gue awal taunya dari lagi dia tbtb muncul di spotify gue, terus jadi cintaaa banget sama suara dia dan senyum dia yg di vclipnya zom marie blush",senang
" apa yang lo suka dari suju? | semuanya, persahabatan mreka, cinta kasih mereka, kebaikan mereka, kesempurnaan mereka,& kerendahan hati mreka",senang
"pas tw wanita yg dia suka itu adlh fans eunhyuk,kyuhyun lngsng gk prcya lg sm cinta pd pndangan pertama",senang
kak kaia gemes banget t____t iyah!! yang suka genitin anak orang terus kalo foto manyun2 bebek -3- beginj,senang
"suka girang banget klo di promo tuh klo ada yg komen ""done"" tp aslinya ga fw.. di situlah batin ini bertanya ""done komen atw done fw??",senang
suka banget sama part rapline disini,senang
chen suka banget sama lagu machine karena sewaktu rekamannya susah banget jadi ngga terlupakan buat dia,senang
suka banget dong gw,senang
"kalo aku suka dengerin ceritamu, melihat km dengan pnuh cinta ;3",senang
"suka bgt sm fight scene tlb (so far paling bagus). khususnya semua fight scene ashile sun.. apalagi wkt ah sun nyelamatin chang ge, kereen bgt2. drama dimana mainlead gak ada real kiss lagu fave gw di tlb, pengen gw kasih cut scene takut sopiler",senang
"sukaa banget, jujur kangen banget sama sunny sebagai penyanyi, bahkan di snsd sendiri part dia kan suka dikit, pas disini suaranya bagus banget sukaa",senang
"thank you! lagi kangen banget sama exo. btw ceritanyaa sama banget suka exo dari kyungsoo huhu! doain ya semoga ada rezeki, mau ikut konser juga",senang
"suka banget sama lagu2nya, langit biru slalu indah disana ..",senang
cinta kita melukiskan sejarah~ menggelarkan cerita penuh suka cita~,senang
aku suka loh ama kamu kpn bisa ketemu sayang,senang
"eh plis ini lucu banget sedikit termotivasi deh sama cewenya, aku juga anaknya hampir sama, suka banget ambisius sampe lupa waktu",senang
"suka banget deh sama karakter adin. gemes, persis kaya anak kecil bawelnya",senang
"tapi sayang ibu kos ga jadi satu rumahnya sama kos, diluar kota malah. jadi ya ibuk kos gabisa liat langsung kelakuan mereka jadi tunggu aja blio dateng buat jenguk kos, soalnya blio suka dateng dadakan wkwk",senang
"jihan ternyata suka nonton shiva, sama banget meskipun gak inget itunya",senang
heyy dolie kamu suka kembang kan? nih ak kasih kamu kembang spesial bonus dapet ayang gratisnya,senang
lagi suka banget sama foto ini wish me luck,senang
"anggap lah apa sahaja, itu semuanya kami tidak peduli, naikkan harga getah, turunkan harga makanan.. usah kata adab, siap kasih sayang kami bagi",senang
"udah dong~~ paling suka dan favorit banget tuh (some night) terus yg kedua, siren. duh, unnie cantik banget. highlight lagunya enak2. aah, makin gasabar. cold as hell, itu juga keren abis!! proud of you, unnie!",senang
suka banget live performnya,senang
"aku juga gak tau sih yaa, tiba2 aja gitu kepincut buat jadi jennie. aku suka senyumnya, lucu banget!",senang
"hai, jinni! cantik banget profilenya. aku lagi suka lagu-lagunya cigarettes after sex sih, apalagi yang ini. kalau kamu akhir-akhir ini lagi suka dengerin apa? btw selamat ya untuk debutnya!",senang
emang salah banget kah? kita pacaran kan juga karna suka dan ada rasa sayang,senang
dia tuh anak word of affirmation banget bund kaya aku wkwk maaf ya aku suka cheesy juga,senang
"jika engkau suka merendahkan kemungkinan cinta yang dekat, maka engkau akan dilanda ldrisasi cinta.",senang
"halo, salam kenaal! glody yang tag kamu di fcv aku pfp kamu chaehyun, aku suka banget chaehyun dari gp99 karena dia mantan sm trainee juga. kamu ngerp jadi dia kaah?",senang
"ga sih. tp jujur aku suka bgt kalo kak uju lagi main alat musik kayak, halo .. kamu ganteng banget ..",senang
"krystal suka banget ama masakan tradisional nya mexico, yaitu burrito",senang
"aku suka begadang, aku suka kopi, aku suka malam. tapi kesukaan terbesarku itu kamu",senang
"kata orang, cinta itu artinya suka sama suka. kalo bagi aku, cinta itu artinya suka sama",senang
"lebih baik perjuangin orang yang bener2 sayang, tulus sama kita, dari pada perjuangin orang yang kita suka yang belum bener2 sayang sm kita.",senang
"boy william nih gw suka banget liat cara ngomong dia, keliatan pinter tapi gak yang arogan gitu",senang
"ahh kakak suka xiao zhan to ah iya oath of love kapan tayangnyaa, padahal udah lama banget ituu ooo chemistrynya kurang ya kak berarti. wah iya chemistry nya mereka kenceng banget",senang
"cape ya pura2 ga suka, pdhl aslinya suka banget",senang
inuyasha soalnya suka banget romantis ya,senang
nah ini suka banget,senang
"aku sering banget ngeluh soal muka yangg sensitif, suka muncul breakout gak jelas dan dimana-mana, dan aku pengen deh punya muka yg glowing kayak cewek lainnya. kadang juga capek sama muka sendiri karna sering breakout",senang
seneng banget bisa ketemu sama elf disini gpp kak mimin juga suka halu.,senang
pliezt walaupun gw gatau yg lakik tp lucu banget kl di gabungin wkwkkw karena suka gemes sm yuh nya ariana grendong,senang
"aaaa sama nder, tapi masih rumor sihh. mana di cie cie in satu kelas, termasuk aku hehe. aku suka dia, tapi aku juga ship dia ama temen aku kek kek mereka gemes banget",senang
"fans jepang kalau bikin fanart wenzhou pasti suka ada cl nyempil, cl tuh anak wenzhou. gemes banget liatnya huhu",senang
"sayang ini indah banget.. aku selalu suka gimana kamu selalu mengasosiasikan orang2 yang kamu sayang dengan setiap pelosok kota, kesannya mereka bener-bener ada di sana di samping kamu. aku setuju chan memang penuh dengan renjana, maka kita antar dia ke polaris sama2 ya?",senang
tipu lah kalau i tak rindu guy yang suka buat lovebite dekat tits i,senang
"kenapa aku suka senja? karena negeri ini kebanyakan pagi, kekurangan senja, kebanyakan gairah, kurang perenungan. {sujiwo tejo}",senang
"cewek itu suka berpura-pura dan menutupi semua masalahnya, karena dia gak mau ngerepotin dan bikin khawatir orang yang dia sayang.",senang
"janganlah jadi serangga, jadi manusia, agar kita boleh sayang menyayangi, cia cia cia",senang
"greget banget sih, suka banget sama kucing. tapi ga boleh melihara kucing.",senang
"dengan pengalaman kisah cinta yang kurang beruntung. kadang selalu overthinking setiap ada yang deketin, ujung""nya suka bingung jawab apa dan akhirnya skip. tapi kalau liat konten uwu uwu pasangan nikah muda, suka pengen jugaa",senang
"aku cinta dia mak aku suka dia mak yang sedang"" saja..",senang
aku rindu kamu :'),senang
"bukti satu lg, bahwa proses untuk warga kecil sangat lamban. namun untuk pundi"" uang terus digenjot setiap bulan nya. juga lagi dan lagi birokrasi yang super menjelimet. kenapa pejabat suka banget bikin pusing diri sendiri ya? padahal otak saja gapunya",senang
jika cinta dia jujurlah padaku na suruh orang jujur baru nanti marahji ka dia suka ki baru kita suka orang lain,senang
"i suka kat you gila. and semua pasti tau pasal benda ni. tapi sekarang you pandang i pun tak. apa i boleh buat? kalau leveling lagi penting dari perasaan. you pergi la layan level you, i tetap dengan perasaan 'kasih sayang' yang allah beri ! perasaan bukan kita punya, allah punya",senang
"manusia tuh beda-beda, isi kepalanya juga beda. ga semua orang suka dan nyaman dengan konten mlm wlw makanya dikasih tag. straight ship aja ada tagnya sendiri kok di base wkwkwwk kita bukannya homophobe tapi preventing dari adanya potensi keributan di dalam fandom",senang
"engga. gua malah muak di sana. baru setengah bulan pengen pulang aja rasanya, alias engga nyaman. gua orangnya lebih suka ketenangan. di sana malah bebas ga karuan, ga ngerti situasi banget anak sana.",senang
"huhuu makasih ya min udah buat ga ini aku suka keduanya , pertama tama qiao tuh baik banget sama orang-orang, padahal orang itu baru dia kenal dan qiao juga ga segan segan-segan buat nolong mereka, lao yan juga gemes bgt kalo lagi deketin qiao, aku suka bgt keduanya",senang
"kalo skarang bakwaan! dulu gue ga suka banget bakwan, lebih suka risol. tp skarang bakwan selalu!",senang
"aaa manis banget narasinyaa , suka suka aplgi sambil dengerin give me your forever",senang
"masih bingungg, kenapa yaa akhir akhir ini suka banget sama boker",senang
haloo nadhie huhu aku suka banget tulisan kamu buat lee chan huhu diksi kamu cantik banget tulisan kamu selalu megah huhu boleh gak temenan sama kamuu,senang
semenjak nonton our beloved summer jadi suka banget sama choi woo sik,senang
"kalo menurut juna, nara itu asik buat diajak ngobrol ya berarti itu mah nyaman sebagai teman aja. bukan yg 'suka' gitu kan? dan kalo pun juna pengen temenan aja sama nara, batas temanan nya jg dia harus jaga. topik ngobrol nya jangan kayak org pedekate ajg",senang
"ttapi aku lebih suka make aksen british, walaupun engga paham banget tapi dengernya enakeun",senang
suka banget sama a qiao!! imut lucu menggemaskan dan kuat terima kasih ga-nya!!,senang
haloo min kalo mau ngajuin diri buat temenan boleh gak min (aku fans editan kamu nomor 1) aku follow kamu lewat 3 akunku serius aku punya buktinya aku suka banget editan kamu yang pensi itu :d,senang
"waktu awal suka banget tuh karena sering dicengi di kokomz perkara gua pasang bio leebit di rp jadi dicengin lee kn*w cubit bgstt padahal itu nama skzoo-nya lino. -,- terus lama kelamaan baper sih gua.. maaf baperan terus confess, ternyata cubit menerima confessan gw.",senang
"suka banget sama kedekatan mereka . aku mau ts tiffany lagi ah, siapa yang bersedia ts sooyoung nya??",senang
"iyaa, suka banget gaya penulisannya ilana tan, ringan gt gampang dipahamii sksk",senang
fellychibi aku suka banget sama detik jam |emang kenapa?| iya dia ga pernah lelah berdetik seperti aku yg ga pernah lelah utk mencintai kamu (Êƒâ£Æª),senang
hohoho gpp gue suka malahan ajun cakep banget sial gue demen nih yg modelan begini,senang
"gak tau, tapi aku suka banget tatapn nate(?) di sini",senang
"pengen banget bilang suka,tapi apalah daya aku yang gengsian ini '_'",senang
"tinggalin bbg komentar penyemangat/penenang buat member entah di komenan fancam, pm, ig mereka masing2, twt, dll. kita gabisa bikin haters suka sm member, tp kita bisa naikin rasa sayang kita ke member! let's be busy loving each other like this ive-dive!!",senang
"mau bikin thread reason why i am fall in love with 13 guys of seventeen. soalnya ini udah menjurus ke sayang sama mereka, udah bukan suka sebagai idola lagi. 1. mereka talented banget! mereka ini self producing, lagu+lirik : vocal grup terutama uji sbg produser",senang
"dari sekian banyak komenan army kenapa si s*tan yang ke notice si . emang bener, seberapa baik manusia tetep ada aja yang ga suka, tapi tae jangan khawatir masih banyak army yang sayang tae. ilysm ;3 we love you taehyung",senang
sunwoo ga peka itu kuncinya jadi sabar ya eric kedua hakyeon sayang ga gitu konsepnya tapi ya giman ya kalau kamu ngomong sepolos itu jadinya gemes ketiga apakah lu ga sadar sih nu lu tuh suka sama eric tapi lu sikapnya kayak hmz sekali,senang
awalnya iseng iseng doang suka eh malah keterusan jadi sayang wkwk,senang
"seriously it happened again. aku tau kalo suka sama orang dengan tipe itu ga boleh. tapi suka banget. sering denial, ga ga ini pasti salah. semua ini salah, ga bisa dan gaboleh aku lanjutin. tapi aku ga punya pelarian lain. tapi seriuss it's too sweet. akkkk, why it happened",senang
kebiasaan deh kasur suka posesif banget.,senang
cinta mati banget sama yang namanya pizza,senang
suka semua tapi closer fav banget,senang
"10/10 cuma filmnya yuki kato yg buat gue wajib masuk bioskop, hanya menurut gue dia kurang pintar pilih project. sayang banget aktingnya yg luar biasa itu, berharap yuki bisa main di film yg berkualitas dan di dukung dari semua sisi, suka banget skil akting dia",senang
serius ibu nya suka begitu ini sayang hati hati *ngasih karung beras*,senang
baru seminggu vegie kangen banget dah makan ayam goyeng. terakhir makan ayam di kereta beli ayam mekdi yg spicy di st gambir maem bareng ayang nyuapin ayang padahal dia gak terlalu suka ayam tapi karna w mau mekdi doi mau gak mau ikut makan. sekarang dia seneng w gak makan ayam.,senang
done bismilah makasih giveawaynya kak semoga sehat selalu panjang umur dan banyak rezekinya amin jangan lupa istirahat dan jaga kesehatan ya kak mau jeno ecan jga gapapa kak yang penting di kasih semuanya suka kak,senang
"mau bikin list aktor dan aktris china kesukaan dah, soalnya aku orangnya suka lupaan namanya mereka haha :')",senang
"dk jg kirain cool and calm namja tp bagong bgt ya kak huhu dk ilysm makasih udh suka kasih hiburantt the8 kalem begitu savage abiezt jun haha junn the most random keknya selalu menebar tawa kaya ada aja tingkahnya, joshua seller prakarya",senang
dia kayanya suka banget sama ni kaca ya sering banget foto di kaca ini,senang
"boleh nder, soalnya gue juga suka dipanggil sayang sama ibu ibu grosir kalo nganterin emak belanja sembako",senang
"obs, aku udah excited banget dari awal, episode 1-3 bahkn aku sampe rewatch karna seru bgt, tp dipertengahan capek, karna aku ga terlalu suka sama drama yg alurnya lambat, kesel sendiri, padahal suka bgt sama choi ung",senang
"sherlymu soft bucin banget gila gw suka, canonnya sherly caring ama understanding juga ke liam si cuma sayang scenenya kurang banyak ayo takeuchi-sensei banyakin konten bucin sherly",senang
kalo yang beginian sayang banget sih tu,senang
"enggak kog. emang kecewa aja sama ini drama dah dari awal banyak drama ga taunya ceritanya gak terlalu seger kayak series pendahulunya. gue suka semua castnya, sayang di alur ceritanya aja.",senang
"kaito : sayang, kalau hari minggu suka nonton apa | shin: mm,aku sih sukannya nonton pokemon sama fairy tail, kalau kamu? | kaito: aku sukanya nonton foto kamu karna aku lope you",senang
"beneran ta, ini kakak suka banget nih tema, konsepnya nih",senang
"nontoon, suka bangt tapi eps sedikit banget trus ji tae kenapa mati",senang
sayangku wajamu genit mesra..aku suka banget sayy,senang
"kalian pernah punya pacar suka ngutang ga? ntah kepinjol,keluarga dan juga kalian kena, giliran ditagih bilang gaada dan enteng banget kayak gaada plan, betapa nyeselnya dia punya hutang kemantannya, emang si aku ga disuruh bayar, tapi watak nya ternyata bertolak",senang
cewek kalo udah syg sm seseorang suka kebangetan tulusnya. makanya pas putus *galau sm susah move on-nya itu loh jg suka kebangetan banget.,senang
"aslii suka banget dulu pas masih sd-smp naik becaknya kakek trus penumpangnya aku ama nenek mau kepasar, atau ga kita muter alun2, astaga kangen",senang
"t .. thanks berat atas layoutnya, aku jadi cakep banget, adikku suka banget.",senang
"mimpi ada abang jual sepatu bagus banget, abangnya ganteng banget. ada yang tau ga suka mangkal dimana? tadi nyesel ga beli",senang
"karena varo gemes (dan banyak temen laki gue bilang doi gemes jadi udah teruji kegemesannya dari sudut pandang cewe & cowo), dia perhatian banget & suka nyariin gue, varo demen nge spam juga, orangnya bikin gue penasaran apalagi gue suka banget ngejar seseorang gitu jadi cocok dan gue sayangin bangettt",senang
idaman banget nga suka mnum dan nga suka rokok,senang
expectation-tani suka org atu dan org atu suka tani balik reality-tani suka org atu pi org yang tani suka ada crush org lain rasanya anjay banget,senang
lao yan :') suka banget sama yg modelan gitu meski ngeselin :'),senang
pangeran kodok sama siapa ya dulu? ya allah dulu suka banget sama ni sinetron,senang
"cewek itu suka berpura-pura dan menutupi semua masalahnya, karena dia gak mau ngerepotin dan bikin khawatir orang yang dia sayang",senang
suka banget mv nya! simple tapi ngena dan enak di liat nya!,senang
"aku masih mencintaimu, entah karena sayang atau bodoh",senang
kami bukan tidak saling menyayangi atau sudah dapat pengganti namun krna besar nya cinta kami smpai kami pun larut dlam hal hal yang buta. cmburu buta marah tanpa alasan egois yang berkelanjutan itu lah yang sedang kami alami maka dri itu kami memilih untuk brhnti sejenak,senang
"happy birthday my mom sorry lupa dah saya tak pandai berkata2 cuman mau bilang sehat sehat makasi sudah melahirkan saya keduania ini, maaf selalu bikin marah terus kadang ga bisa ngertiin keadaan mama i love you hahah dahlah telat 5 hari lagi",senang
"lo sengaja ya milih guee?! okee jea tu baik bgtt, aneh juga tapii ahaha salting mulu kerjaannya abis tu ngilang. lo bego bgt pas naksir orang, lebih bego dr pd gue pokoknya. bawel bgt anaknya, ga bisa diem. seruu rame bgt pas space triak2 muluu. otw kcb ni boss iloyoo jea",senang
"kadang, meski marah atas apa yang telah dilakukan dia yang kamu cinta, kamu tetap tak mampu berhenti mencintainya.",senang
"aku marah sama kamu bukan berarti aku galak, tapi aku menegur kesalahan kamu dan ingin kamu berubah lebih baik.",senang
"jika seseorang tidak mencintai anda janganlah di benci, karena mungkin akan tumbuh benih cinta kembali",senang
"aku kangen tapii kamu bangsat, aku harus kuat.",senang
"morning mint, kenalan yuk. kamu kalo aku deketin ada yang marah gak? ;)",senang
"demi allah kaget, yaampun. peluk cium muah love youuuu",senang
"done all the rules, thanks for the ga aku ijin ikutan yaa wish nya ada di foto, takut kepanjangan happy birthday cutest maknanya i love you ;3 extraordinary day",senang
"kaget gue makasih ocell, lope youuuuu",senang
"crush gw jgn malu"" buat ngechat gw dah ;3 love u",senang
denger lagunya def sunset with you keputer di epicure semarang.. kaget.. dan bangga kwhskshssks ily bestie,senang
"aa lucu bgt sannie kalo takut matanya jadi gedee, imutttt :3",senang
"denger kamu kecelakaan kaget banget, dan khawatir bagaimana keadaan kamu. aku nggak tau seberapa sakit kamu menghadapi ini semua, tapi percayalah kami selalu ada disampingmu i love you bunny",senang
cewek cemburu itu sebenarnya positif. semakin sering cewek cemburu tandanya semakin sayang dia sama lo semakin takut kehilangan lo.,senang
"pacaran ga pernah berantem, ga pernah bosen. sayang terus enak juga ya.",senang
"biar aku, menanti dirimu, melihatmu, ku rasa bahagia, kau sempurna, kaulah cinta sesungguhnya, kasih sayang ku bukan khayalan dalam rindu,",senang
"bestiee happy birthday,bahagia terus ya, sehat terus, jangan galau terus, cakep terus, wish u all the best deh. semoga semua yg baik di dunia datang ke lo. love love uuuu",senang
"semangat jalani aktivitas hari ini, ilysm",senang
"asaa i lop yu pul monyetku cakepku, sehat-sehat asaa aku cinta kamu really so sangat-sangatt, bahagia terus asaa",senang
"njopp aku akan datang membawa cinta untukmu sayank, njopp sedihnya jangan lama-lama, semangat ayang we love u banyak-banyak i'm so proud of you.. really cheer up honey, u deserve better, kamu tersayangg selamanya",senang
"good morning gantengnya aku ;3 iya maaf aku baru bangun jadi gabisa nemenin kamu sarapan, makasih loj udah buatin aku sarapan, pasti enak banget apapun buatan ayang aku suka sih *malu*",senang
"happy birthday jie semoga sehat dan bahagia selalu ya, pokoknya apapun yang kamu semoga kan semoga tercapai, terima kasih ya jie buat apapun itu ;3 i love youu jiee __,",senang
"enak kuenya, love you cintaaa",senang
"aku sangat mencintaimu. aku harus melakukan ini, karena aku ngga ingin melihat kebahagiaanmu terhalang oleh ku, semoga kamu bahagia bersamnya.. aku akan tetap menyimpan cintaku terhadapmu, Ily",senang
"mimii cowoku si plg keren, its a good news to start my exhausting dayy. im beyond proud of u udh bisa ngelewatin semua sakitnya. mimii, lets make another happy memories again, we can laughing out loud again. aku sayang bgtt sm kamu, kamu jga hrs bahagia sehat selalu",senang
"love youuu kaputt, sehat dan bahagia selalu yaa",senang
jangan panggil tukang. panggil saja sayang,senang
"selamat pagi, matahariku. kamu memberiku kebahagiaan luar biasa. terima kasih telah menjadi orang paling fenomenal di alam semesta. aku sangat mencintaimu.",senang
pagi syang2 nya kalyna.. msh ready slott ya dear . ready include/exclude ya bebkuh cuss gercep yuk keep slott kalyn skrng dear sblm full ya! main santai sprti psangan sdri ya . rr by dm or wa y,senang
"hari ke 17, selamat pagi safiya, semangat terus ya nak, pagi ini ayah ga kesiangan, nunggu dokter idham dateng, nanti ibu dateng juga ya, semoga kita bisa ketemu semoga ada kabar baik hari ini ya sayang aamiin",senang
selamat pagi taehyung. aku mencintaimu. kabarku baik baik saja. apakah kamu sudah makan?,senang
mentari tersenyum rindu melihat bunga-bunga menunggu kehangatan kecupan kupu-kupu seperti rasa dalam hatiku aku setia padamu selalu apa kabar hari ini cintaku ! ______________,senang
bnr bnr seneng dapat hadiah dari doiiii sayanggg doi,senang
nona peramu cinta mengapa dicipta kembali sebuah rasa tumbuh bebas sepertinya tak biasa menulis kumpulan aksara dan berbagai frasa sebagai tanda jika dia meramu cinta,senang
"apakah ini pertanda cintaa? getarannya sangat terasa kawan:) hanya melihat senyumnya saja, sudah bisa menaikkan zat glukosa yang ada di tubuhku",senang
"kami menyayangi jimin, selalu khawatir dengan kesehatannya, selalu sehat dan baik2 saja, makan teratur, makan nasi jangan makan rameyon, ya",senang
"kemarin hari jumat fun banget entah kenapa, jalan bareng sama sahabat sma (kurang lengkap si) tp one thing gue sayang kalian banget, terima kasih ya udh ngeluangin waktu, terutama kalau gue sedih. gabisa dijelasin rasa sayang gue ke sahabat-sahabat terbaik gue. luv u sekebon",senang
very kucing t__t lucu banget.. jadi jatuh hati,senang
"sampe sekarang gue masih sedih bakal nangis kalo baca liriknya. serelate itu sama kehidupan banyak orang. karya yang di tulis mark beneran bagus banget dan dari segi vocal, rap, semua yang dia lakuin di mv bener keren banget! dan bikin gue bangga sama mark huhu ily",senang
"aku engga tahu cara nenangin orang yang ovt, tapi kamu klo emang lagi sedih ya sedih aja gapapa keluarin klo emang buat kamu tenang. klo kamu butuh waktu buat sendiri silahkan, atau minta jangan diganggu dulu. tapi klo kamu butuh ac, silahkan chat ke grup ya. we love you",senang
"kamu emang selalu aku tempatin disudut hatiku yg paling sepi, biar gak ada yg bisa nemuin kamu selain aku",senang
"happy birthday taehyuni, terima kasih karena udah jdi kesayangan moa moa bkl terus dukung tahyuni dan akan terus berada disamping taehyunie saat sedih dan bahagia sehat terus dan bahagia selalu, jangan lupa istirahat dan makan yang banyak we love you",senang
"ketika kamu sedih, kamu boleh tutup matamu, ketika kamu tidur juga kamu boleh tutup matamu, tapi jangan tutup hatimu untukku eakkk",senang
"semoga anak2 di jauhin dr orang2 yang jahat sama mereka, semoga di cb kali ini bisa sukses besar dan makin bnyk orang yang kenal mereka dan sayang mereka semua suka sedih kalo ada yang hate mereka apalagi kmrn kaya oci yang anak baik kaya dia aja msh ada orang yang jahat, ily",senang
ngeliat teaser wonpil jadi sedih anjir apaan sih sebel tapi sayang,senang
"lae ku sayang jangan sedih ya, bentar lagu kau menyusul junjungan mu yang kau bela mati matian kemarin sayang kamu",senang
"lockey tetep harus support secret number juga, dan bia nerima member baru juga. iya kita sedih, tp kepikiran ga si sama eonni"" secret number kita mrka skrg harus berjuang lg tanpa denise aa love and support both secret number and denise.",senang
"ku tetap membelamu meski kau jahat, karna ku cinta padamu",senang
sayang sama chikaa,senang
