text,emotion
pengabdian yang terpuji meskipun terlihat biasa,netral
baru saja mengirim foto,netral
apa kabar dunia twitter ? masihkah selucu dan seabsurd dulu ?,netral
yah gimana sih yang yaudah susul aku dulu kita sarapan bubur di tempat biasa,netral
saja ka dorg suro beli medium 2 set,netral
"ayo cek koleksinya, temukan angry draken yang unik nftindonesiamendunia _merketplace : skin normal: 0.003 eth",netral
kalau gitu biasa biasa aja dah gua.,netral
"dalam tiap-tiap twit, tak melulu perlu ada pesan moral. kadang yg kita perlukan hanya tersenyum membaca twit lucu tanpa arti, utk memulai hari yg bahagia.",netral
"halo v, apa kabar nih",netral
"pagi ruby, apa kabar?",netral
beredar kabar haji faisal kini mulai pasang tarif rp 5 juta untuk sekali wawancara,netral
"yukk gass, sudah siap mental siapa saja yang mau pergi",netral
"menurut kabar, burung temen ane lagi sakit",netral
"dah biasa sgt kalau dlm mimpi suka buat kecoh, jerit-jerit because ya know mimpi kan selalu opposite dgn perangai biasa kita. tapi masalahnya, tiba-tiba nak menjerit dlm loghat nismilan kat mak cik dan anak dia sbb menyibuk",netral
"oh kalo kfc iya masih ada rasanya, tapi kalo ayam biasa kan.. beda gak sih",netral
dipikir pikir habis dapet kabar baik eh langsung gitu bisa dibalik,netral
baru saja mengirim foto ngaringan klumpit,netral
ternyata bkn aku saja yg diperlakukan seperti itu. cewe lain jg sama specialnya dimata dia,netral
cukup ke spook di banner weapon sekali saja hiks. tapi paling ntar coba 10x pull di engulf.,netral
baru saja mengirim video,netral
"gak aneh kok nder, kamu dom mana? kalau deket ayo nonton bareng aku kutemenin. tapi nonton sendiri juga gak buruk bodoamat aja toh gak kenal. awala"" bingung itu normal banget kok",netral
"pagi moots, gmn kabar kaliaan?",netral
gak ada yang komentar ya..aku saja dah..tapi aq pro situ aja,netral
"hmm.. aku rasa, sekarang aku lebih baik baik saja daripada kemarin. nggak papa.",netral
"min, kalau ada yang mau main badminton bareng. bisa banget join, di gor saratoga sore ini jam 4-6 sore. monggo join saja, trims min.",netral
biasa na nu jiga kieu mah jadi penjahat na jaka sembung ..,netral
"bukan karena kebutuhan, tapi hanya iseng saja. joshua termasuk yang suka bergaul dengan berbagai lapisan masyarakat meskipun jika sudah puas akan menghilang begitu saja. ""alright."" joshua menyelesaikan pencukuran itu. ia segera mengambil sabun khusus dan membersihkan dada gori.",netral
"benda paling sakti saat ini bukan nuklir tapi doit..ia bisa do it..do apa saja,,hampir semuanya bisa dibeli..",netral
"ingat mereka tetap akan menjadi orang baik. mungkin saat kamu dibuat hancur oleh mereka, mereka sedang tidak tau apa yang mereka perbuat. tuhan saja selalu memberikan pengampunan untuk kita manusia. masa kita sesama mamusia tidak bisa saling mengampuni.",netral
"bahkan ruu-nya saja ada yg menentang kayak..ah sudahlah, gw mau muaythai aja biar bisa melindungi diri sendiri~",netral
pagi yang normal dan sejuk,netral
beragama tetapi menganggap mencuri menjadi biasa dengan dalih lele nya kabur lalu saya ambil saja daripada mati di jalan. miris,netral
fuh i know flexi lembap ..tambah2 from em to wm.. seller ckp dia post 31/1.. 3 feb baru proses..ha pastu sangkutlah sampai sudah..lain kali informlah sblom post tu kalau pakai flexi courier lain yg normal if tak inform i tak kisah sbb duration dia tak mcm flexi..,netral
untung sudah biasa ngurus apa apa sendiri yaa. plus point for me,netral
baru saja mengirim foto special region of yogyakarta,netral
"ga biasa sarapann, adin?",netral
"jangan takut mencinta, hanya karena pernah terluka. cinta sejati tak datang begitu saja, tapi melalui proses sedih dan tawa bersama.",netral
"lagi males bales pesan wa, mau deact tp komunikasi cuma disitu. jangan smpai tangan gatel buka wa kalau ga urgent deh beneran muales",netral
"hai, apa kabar ? ak harap km baik baik saja disana",netral
biasa aja,netral
g biasa srpan raa,netral
"jika merasa berat melupakan masa lalu, ringankan saja dengan mengingat masa depan bersama orang yang ada disampingmu saat ini.",netral
"mung piala ciki, fokus ucl",netral
"diem bukan berrti aku limbad, bisa saja sy ijat :)",netral
"4. saling menjaga juga berlaku untuk menjaga pernikahan, ya jelas tentu saja 5. memastikan istri bahagia, bukan cuma nerimo? kurang tepat, memastikan keluarga bahagia, semua pihak bagahia gk cm istri, tp suami, dan anak",netral
"biasa aja tauu, gantengan juga kamu",netral
macam biasa la. cari xtvt,netral
semalem disaat hampir tengah malem ku dibuat teriak2 gajelas sama si golden maknae nya krn liat ini yaampun sumpah yaa jungkook suka bgt bikin jantung anak gadis tdk baik2 saja,netral
mantap saja pak erick thohir,netral
"ijab qobul jagalah anaku spt engkau jaga ibumu, sayangi dia, cintai dia dan bimbing dia di jalan yg benar. bila engkau bosan jgn tinggalkan dia sendiri, bila marah jgn kau sakiti, kembalikan saja padaku pada keluargaku, selama aq masih hidup pasti ku terima kembali. kata bpk",netral
"di aku ngaruh, pake pas malem mau tidur besoknya udah normal agak mendingan",netral
biasanya ka nambah shipping dr supplier ke wh nya saja ka tambahannya 300 won selebihnya untuk ekspedisi tax tetep sharing sm barang ku yg lain,netral
gue ngantuk bgt kenapa ya? jam tidur dan jam bangun seperti biasa padahal,netral
kalau belum biasa masukin pc ke insleeve mending beli uk 6x9,netral
mode biasa mode mengintai,netral
"kabar baik juga, udh srpan belum nie ??",netral
5f orang yg suka mengganggu biarkan saja. mbak. yu nanti jika dia capek lak yo berhenti sendiri atau diam karena kelelahan..,netral
"yaahh dinikmati saja kalo kaya gituu, selagi masih ada orangnya disayang sayang aja",netral
bedsheet tu kan.. biasa beli queen je ke?? kalau dia pakai katil king guane?,netral
"hari sabtu emng biasa libur, emng ada apa?",netral
"gm, bentar lg setahun tp sampe skrg ga ada kabar.",netral
"paket wisata karimunjawa new cuma 160rb saja guys, cek infonya di",netral
"sama nder, aku masih 17 thn, gak pernah ada yg nembak, deket sama cowo pun juga gak pernah. sejombloa""nya temen gue, mereka masih ada yg suka atau pernah ngerasain disukai org. jadi gak pure jomblo. gue bodo amat sih mau ada pacar atau ga. soalnya udh biasa sendiri, jadi finea"" aja",netral
"masalah adalah hal yang biasa, namun tak peduli apapun masalahmu, percayalah, kamu tak sendiri karena tuhan selalu bersamamu.",netral
"keadilan akan menang katamu..?? tentu saja, siapa yang memenangi perang ini akan menjadi keadilan. [dofalmingo]",netral
"tahajud, dhuha tiap hari aja powernya di aku udah luar biasa nder",netral
"kalau kata lulusan ilpidipi yg nyangkut di luar negeri bilangnya gak perlulah balik ke indonesia untuk mengabdi, bisa dari mana saja.",netral
sarapan hari ini dengan seporsi mie instan untuk menemani sunyi setelah kepergian tanpa pesan..,netral
eh ini banyak idol yang habis kena c word udh selesai loh. ini ga ada kabar sama sekali helloo??,netral
tapi rasa mcm x guna klau berhenti kerja sbb senior mcm tu.. tu bkn senior biasa.. senior citizens weh,netral
yaa gimana baik nya saja lah,netral
"klo kapan saja bisa,,klo bgtu krm no wa dlu supa kita bisa kipas jam berapa sja bisa yha thoo",netral
belajar investasi di masa muda,netral
gatau man reflek saja,netral
"47. hi, pasti lagi nyari jasa un-sus un-lock ya? bisa ke yap | unlock all case 5k / acc | unlock umur 7k / acc | unsus biasa 10k / acc payment dilakukan di akhir a¼ close uns permanen semi perm",netral
"aurat itu dari bahasa arab iaitu aurah yang berarti aib. jika tidak menutup aurat, sama saja seperti membuka aib sendiri.",netral
eyo angkasa akunya ada rasa kamunya biasa aja,netral
bismillahirrahmaanirrahiim.. joe biden saja kritisi ikn tapi pemimpin negeri ini kan dri pdip maksain ikn ya bagi yg paham karena terima kasih yg berkenan rtl tagar.,netral
kadang pesan dari allah ada pada org yg ga banyak bicara dan sangat sederhana.,netral
spotify famplan famplan biasa 1 bulan 8k 2 bulan 12k 3 bulan 16k ppj +1k famplan antibackfree 1 bulan 18k 2 bulan 23k all e-wallet yuk boleh langsung wa or dm ya kak,netral
"hi. kamu mau santai tapi masih banyak tugas yang numpuk? solusinya ke sini aja yuk. segala macam bentuk soal apapun itu, yuk langsung joki tugas, bisa dm/wa yang di link bio. testi bisa cek di thread. soshumpendidikan ya",netral
santai dolo d kamar,netral
"haus, udah biasa nahan laper soalnya",netral
baru saja mengirim foto bekasi,netral
"baru kenal, baru mau nyapa udah dilirikint tajem bgt ampe mau copot matanya. santai kali mba",netral
"setiap pesan yang kamu mulai, menciptakan secercah harapan",netral
"ini kalo beneran, jangan dengerin yang becanda""in, santai aja, pasti ada yang nerima kamu asal kamu treat your partner bener jangan berkecil hati",netral
kalah ya,netral
berita hari ini diawali dengan politikus korupsi,netral
"menjalani operasi pada senin, 31 januari. sejak itu, ia menerima perawatan rawat inap dan tes pcrnya negatif sebelum keluar dari rumah sakit. jimin tidak menunjukkan gejala luar biasa selama berada di rumah sakit. dia menderita sakit tenggorokan ringan saat masuk ke rumah sakit+",netral
trackinga¼ normal price di 60k rate ems 165/gram air cargo 265/gram fee per tracking mulai dari 5k/tracking free foto arrived (amplop dibuka) pengiriman rutin cek go kita untuk proof shipping dan testi bisa dm adm untuk tanya2,netral
"pindah alhamdulillah..ga jadi pindah jg alhamdillah, tidak ada pengaruhnya pada sy..tetap nyari rejeki sendiri yg halal utk keluarga tanpa hrs mengiba, menjilat, mengadu domba antar sesama anak bangsa. pesan simbah sy, ojo ela elu..ojo gumunan..ojo mateni rejekine wong liyo",netral
kiri kanan ku-lihat saja.. banyak sahabat tweeps tersayang follow di-akun gurem saya **terimakasih banyak sahabat tweeps tersayang semua yang telah ikhlas follow di-akun gurem saya dengan minimal follow back saya,netral
"andai saja dia percaya.. skenario berikutnya adl (happy) ending. tp mmg belum di-ending-kan oleh sang penulis. kunci-nya percaya, yg biasanya dikonflikkan sepanjang waktua”dipercayai atau mempercayai dulu. saling percaya = (happy) ending of kemanusiaan. langka di kala ini.",netral
"oalah. ya gapapa, santai. Makasih",netral
hallo.. jas mau penghasilan tambahan dari hp saja. minat bisa jpri,netral
ehh denise w bru bngun tidur dapet kabar kyk gini apapun yang terbaik deh buat denise,netral
"paddy mcnair: ""luar biasa. kami memulai babak pertama dengan sangat lambat, tetapi kami pantas menang secara keseluruhan. mereka tidak memanfaatkan peluang mereka dan itu memberi kami dorongan. kami berada dalam performa yang sangat bagus.""",netral
pagi pagi masih ngantuk,netral
luar biasa,netral
dah ratusan woi.. apakah baik-baik saja ada 149 lubang bekas tambang di kawasan ibu kota negara (ikn) nusantara dengan luas 256 ribu hektare. lubang itu dihasilkan dari total 25 konsesi perusahaan tambang.,netral
"istilah kuda hitam banyak digunakan dalam sepak bola, seperti tim yang tidak diunggulkan tiba"" melejit bisa mengalahkan tim unggulan, disebut kuda hitam biasanya tim hebat dimasa lalu yg lama tertidur kemudian bangkit, nah melalui ahy bisa saja dipemilu 2024 bangkit~",netral
cintailah seorang wanita saja. dua wanita terlalu banyak,netral
gue dulu pernah bahas ngerinya jalinsum..mau jalan biasa atopun tol bagi penjahat gak ada bedanya..petugas harus lebih bernyali dibanding penjahat2 disana..,netral
2 bungkus saja,netral
daerah beling yang ada. yaa namanya juga si -paling-mengabdi.. siap di daerah mana saja :mukasongong:,netral
"selamat pagi, kara! tentu saja boleh, dong. akan saya jawab, ya. b: auramu cantik dan anggun sekali. saya ngelihatnya amazed, serius. n: kita jarang mengobrol ya, kara. tapi ayo kapan-kapan kita ngobrol gitu, you seem like a fun person to talk with!",netral
akhirnya aku sampai pada titik saat melihatmu aku merasa biasa saja,netral
"personal order buat pbox sudah kami share yaa di square kode nyaa~ bagi yang mau silahkan langsung replay saja di square atau langsung dm kesini, ditunggu sampai jam 14:00 pm",netral
"stop aja udah stop, yang sini tiap hari mandinya pake air juga biasa aja",netral
"memelihara kota saja gak mampu, apa lagi membangun kota.",netral
itu mh suster pak eh bpk apa kabar?,netral
"daddy ni kan, saja je kacau kita, yela kita biasa kacau dia kan",netral
kasih itu menutupi banyak kesalahan..kasihilah musuhmu..bagaimana engkau dapat mengasihi tuhan yang tidak kelihatan bila manusia yang terlihat saja tidak dapat kau kasihi,netral
luar biasa ya ..,netral
begitu juga nggak masalah. sembuh sendiri 'kah? sama sekali didiamkan dan dibawa untuk aktifitas biasa? hati-hati nanti bisa radang. akhir pekan ayuning sudah ada rencana apa?,netral
"salah bagi orang yang pikirannya negatif mulu, beginian doanh sebenarnya biasa aja tapi pasti nanti ada aja yg marah marah tu",netral
"aku adalah manusia biasa yang patut untuk dibenci untuk selamanya. tapi aku mau tau dan ingin bertanya, apakah salahku kepadamu?",netral
"malioboro tuh yg dicari ya orang jualannya, kalau dipindahin jadi apa dong? jalan biasa doang?",netral
"kita tunggu saja kedepannya, moga hp ku masih kuat",netral
ganti saja dengan kata komplotan,netral
"anonim pak dok, ava nya colongan,biasa mancing keributan..gk usah dlayanin",netral
"kalau menurut etika menaiki kereta yang kucari di internet semalam, tidak ada yang melarang tiduran di kompartemen kereta. dia lalu tersenyum. ""asal kau tidak berisik dan mengotori kompartemen, itu saja.""",netral
"hargailah orang yg mencintaimu, karena saat ia telah pergi darimu hanya sesal saja yg tersisa",netral
"biasa aja, gue malah tiap update di igs lebih gatau diri caption nya tp disaranin jgn dibawa ke tt, warga sana lgsg ditelen mentah2 trs tar nain yg diserang. kyk wktu itu jm digosipin dating, si mba nya lgsg diserang netijen indo pdhl mba nya jg org indo",netral
ngeliat story mantan lagi nikahan gini doang nih rasanya? yaelah biasa aja gaada sedih sedihnya. gatau dah mantan yang laen mah,netral
yeaa spt biasa,netral
"mu third last nike size xl, excellent, ada beberapa bobles, 500k saja untuk detail silahkan wa 08225892827",netral
"halo, aku bikin akun karyakarsa yang mau dukung di sana, boleh saja terima kasih",netral
1. alangkah bahagia menjadi manusia yang ketika nafasnya terhenti namun aliran pahalanya tidak berhenti. apa saja amalan yang dapat dilakukan?,netral
tapi mnrtku ga aneh nder normal aja,netral
setelah putus sama dia 7 tahun lalu kenapa aku masih aja dikasih mimpiin dia :( padahal mikirin dia aja enggak loh :( kan kangen jadinya. apa kabar ya dia sekarang? dia pernah mimpi aku juga gak ya?,netral
"cuti sudah habis , semua back to normal .",netral
"only start filming. don't know when airing . biasa la kan cdrama kalau tak bertahun, tak sah",netral
baru saja mengirim foto manyar gresik,netral
"sabtu ini sudah jadwal bersih-bersih kamar kost karena berantakannya luar biasa. klora di sini, sudah memasuki usia kepala tiga, tahun ini.",netral
"x kan nk tgk saja please a¦5 lai , selai pn kena byr apa",netral
"pagi hari ini pijat incall/outcall area jakarta pijat reflexi, pijat massage, pijat traditional dari jam 09.00 s/d jam 24.00 pesan di link wa",netral
"pura"" bukan army dan pura"" biasa aja :) sampe rumah baru teriak"" lalu nangis lalu meletoy i vote as the at the 2022",netral
guuys disini yg biasa suka edit video buat cowo kipop buatnya pake aplikasi apa yaah huhu makasih,netral
sejak kapan masyarakat mau dilibatkan..sesama anggota dpr saja tidak boleh dan tidak mau dilibatkan oleh beliau apalagi cuma masyarakat.apa udah pikun mic dimatikan supaya orang lain tidak terlibat..,netral
woohh boleh tuh caakk.. labu siam kan? yg ukuran normal atau yg buat lalapan biasanya lu?,netral
baru saja mengirim foto depok,netral
wow.. urus saja moral mu.. eh tagihan mu,netral
saja bro. its real..,netral
"kalau mau saling mengerti, lakukan saja setelah membuat lawan mengalami hal yang samaa (yahiko, chapter 372)",netral
"ketika air aki sudah terlihat berada di dawah batas normal, segeralah beli air aki yang di bengkel-bengkel terdekat.",netral
"cukup unsurnya? semoga saja rakyat mengambil pelajaran kedepannya bisa lebih cerdas memilih wakila""nya yg menjunjung tinggi etika dan moral, aamiin",netral
"jika ada seseorang yang meledekmu jelek, santai saja. bilang padanya kalau kamu bukan cermin.""",netral
"nah ini baru imbang, masa hanya istri saja yg dituntut.",netral
"akuu bisa, biasa ngelaprak jg kak sinii",netral
" santai, gw jga gagal tdi lur. abis ini kita makan2 dah biar ga badmood",netral
santai din,netral
mungkin karena orang dewasa sudah biasa menahan perihnya kehidupan. makanya samponya dibikin perih juga.,netral
hahaa betul biasa memang lagu untuk final year,netral
"ketika kamu mengalami cinta sepihak, yaudaah santai ajaa.. kamu akan bernilai tinggi di mata orang yang tepat. cheers",netral
gak aneh kok. kenapa harus aneh~ tapi gapapa kalau sesekali mau coba nderr~ nebeng sama temen gitu kalau lagi pada mau nonton. kalau engga ya gapapa. chill~ santai~ ada wilayah yg ga ada bioskop dan isokay kincana kok,netral
woi aku gak baik2 saja gemes,netral
"morgana kan ganyu dps, jelas normal att burst 6/7 aja",netral
"kan jadi seenaknya memperlakukan ke kita, berhentilah berpura pura seolah olah semua nya baik baik saja. hatimu bukan baja",netral
masih pagi sudah mulai senggol sana sini saja man,netral
"udah biasa di panggil ibu sekarang, ibu boss",netral
ketiduran nunggu kabar dari ayang,netral
"biasa ada mau nya manis dulu dukung rakyat, sudah kecapai maunya ya gimana gue, menjelang 2thn lagi pemilihan lagi ya manis lagi, ke pilih lagi ya gimana gue lagi..",netral
"udah open guyss, biasa yah klo mau instan malem bisanya wkwk",netral
ist belum ada kasi kabar tentang anak anak??,netral
"1. suami menuntut istri taat? tanpa suami menuntut pun agama sudah mewajibkan 2. suami mengejar nafsunya sendiri, itu jelas salah. namanya hawa nafsu ya harus dikendalikan 3. seolah jika tidak boleh berpoligami, perzinahan ditanggung istri? zinah ya zinah saja dosa suami.",netral
skrg udah normal deng,netral
"ia menggeleng heran mendengar candaan gori namun masih tetap menanggapi dengan santai. ""yakin lah yakin. kalau tidak puas, nanti saya jajanin es krim sehari satu selama sehari."" joshua membersihkan dada gori dengan teliti.",netral
biasa ajaa yaa..cowo nya krg ok,netral
"iya hehe tapi jatuhnya kadang malah ngeganggu waktu tidurku sendiri krn dikit"" bangun trs tidur lagi oh iyaya ada itu bener sih- kalo ga bangun bakal dibangunin aampe bangun ohh oke untung saja",netral
"makanya g fanatik sama politisi bro.. hingga sy yg menilai obyektif,dikira benci.. sy rakyat biasa bro,jd politisi atau pendukung politisi yg cuma mentingin pribadi/golongannya saja",netral
jangankan untuk sekadar bicara. menatapmu saja aku tak kuasa.,netral
apa kabar kawan2,netral
negara selalu tidak hadir untuk nelayan. padahal untuk sekadar bertahan hidup saja sudah lebih dari cukup,netral
dah biasa dah perangai dia aku dah masak,netral
"dinilai menyindir, video tiktok maia estianty panen kritik",netral
gapapa ko nder santai aja,netral
udah kek hal biasa ngga sih wkwk habbits gt,netral
oh tentu saja,netral
sabtu rasanya emg kaya weekend tp ga bisa santai yaa.. inget tagihan menanti,netral
"menjadikan seseorang sebagai rumah kedua setelah rumah pertamamu gagal menjadi tempat ternyaman untukmu pulang adalah kesalahan terbesar, karena seseorang yang kau jadikan rumah keduamu itu bisa pergi kapan saja tanpa kau tau.",netral
"singkat cerita sampailah kami di jalan grabag. tiba-tiba.. jalan dialihkan ke sekitar pemukiman warga. di situ kami masih biasa aja, nggak berpikir aneh-aneh. toh juga pemukiman warga, pasti ramai dan banyak rumah-rumah :))",netral
seperti nya akun saya juga dibokir,netral
kok ono se,netral
"kalah menang dalam sebuah match hal yang biasa, tapi emyu ini lawak bangeet bisa bisanya kalah sama klub beda divisi, adu pinalti, full skuad",netral
haii hai ikut po md photopack di mirfa yuk dom tangerang bookslot cuma 50k bisa dicicil santai! ^^ bisa qris or co syopipaylater,netral
tapi seneng sih punya temen kayak gini lucu. suka banget ngerjain orang sekitar. tiba tiba gak ada kabar dan tiba tiba ilang dari goa terima kasih orang baik,netral
"contohilah kkss (kerukunan keluarga sulawesi selatan) organisasi besar tp tdk mencari musuh. dimanapun mereka berada, selalu menyelesaikan masalah dengan musyawarah. luar biasa",netral
akwjajshwhw gw baru mo bilang emak eren doang normal.......... eh baru inget beliau ada di perut istri pertama,netral
semoga jimin cepat juga pemulihannya biar bisa segara beraktivitas seperti biasa,netral
"pcr atau antigen aja, di dewasa gejalanya mild biasanya kayak flue biasa",netral
"selamat pagi first people. mhn maaf atas ketidaknyamanannya. kami cek modem dan area normal ya. mohon bypass menggunakan kabel lan dari modem ke device kemudian akses situs detik(dot)com dan youtube(dot)com. bila sudah, mohon konfirmasi kembali ya. tks ^sita",netral
ayo cepet mbuh biar biasa jajanan aku c:,netral
"simpan saja dulu, setelah pensiun dari anggota dpr ditindaklanjuti lagi",netral
"dulu .. ustadz/ustadzah, kata serapan dari bahasa arab yang aslinya berarti guru, sebutan ini khusus bagi guru ngaji (baca-tulis qur'an) dan juga ilmu agama saja. sebutan ini poluler dalam kalangan pesantren",netral
apple dikabarkan akan luncurkan iphone dan ipad 5g murah meriah bulan depan,netral
di tmpt biasa,netral
"ada yg salah dlm , , formal apalagi informal. saya sendiri mengalami dua kali. musibah tdk dibantu ee malah dijarah. bhw sbgn diberikn itu biasa, tp ini rampok vulgar tdk pake mikir, diatas kesedihan orang lain",netral
sudah biasa kan,netral
"kalo mau menjadikan ayat tsb sbg hujjah, coba dipahami lg konteksnya jangan cuma text nya saja diayat tsb ada ""syarat dan ketentuannya"" loh, enggk asal boleh saja monggo bisa dijadikan referensi",netral
"kerja seperti biasa,gabriela ngapain?",netral
"baru bangun langsung di sapa kabar baik, alhamdulillah i vote for for at the 2022",netral
"seperti biasa, selalu nyoba dari tontonan yt yang viewnya banyak tau taunya kali ini gak mempan",netral
susu yg biasa ku minum dymatize. mau?,netral
"diem bae bitcoin lagi naik, ngko ujug-ujug ono le menanyakan kabar",netral
"sangat mengejutkan ya bun, merangkap jd apa saja",netral
"coba masuk sini, mi kalau jdi anime kabar gweh",netral
"2 korintus 3:14 (tb) tetapi pikiran mereka telah menjadi tumpul, sebab sampai pada hari ini selubung itu masih tetap menyelubungi mereka, jika mereka membaca perjanjian lama itu tanpa disingkapkan, karena hanya kristus saja yang dapat menyingkapkannya.",netral
ayo lorr.. simak apa saja sih pernyataan presiden terkait perkembangan covid-19.,netral
so biasa battery 20% memang kena charge dah. kalau tak turun tu sepantas kilat. hairan pulak aku. tapi kalau time battery 100% nak turun 90% tu lambat pulak ye,netral
tuli-tulis saja nama2. rakyat kurang lebih 200 juta.,netral
hii ! gimana kabar ?,netral
"kak kalo buat twitter biasa gini tetep andro kan ya, soalnya punyaku gitu",netral
"dokter ratih ayu wulandari, irene mongkar, gobind vashdev, coach yusa aziz, hingga najeela shihab yang merupakan para ahli dalam ranahnya, turut menitipkan pesan penting melalui buku ini. belahan jantungku menjadi catatan pembuka andien tentang perjalanannya menemukan diri,",netral
"menurutku, mereka ingin ornang indog kembali ke budaya leluhur kitaa”tentu saja, budaya pra islam sebab zaman kerajaan/kesultanan islam itu termasuk budaya leluhur kita. itu fakta sejarah",netral
apa aku coba gambling 50:50 seperti biasa ya?? ngetest napas lagi wkwk,netral
si gabisa santai kl pake blush ampe jengkelan,netral
"jangan terlalu banyak memikirkan sesuatu,pikirkan saja apa kepentingan mu dan apa yg menjadi tujuanmu, sisanya lupakan saja.",netral
gk sihh. biasa aja,netral
"aku saat skripsian. temen-temen udah seminar proposal, dan aku masih stuck sama dospem yg nggak ada kabar 2 minggu. alhamdulillah lulus, masih suka nggak nyangka",netral
"begadang boleh saja kalo ada artinya, hyung",netral
"akita tidak bisa menerima begitu saja,orang yang telah mempermainkan kepercayaann kita terhadapnyaa -",netral
"pengen tetep jaga komunikasi sama temen2 yg udah nikah, tp pas sekali ngechat akunya tanya kabar, eh dia malah tanya kapan aku nikah? pertanyaan yg cuma bisa kujawab dg senyum, atau berujung dengan tidak kubalas..",netral
"seperti biasa ya, pagi2 mules",netral
baikk haurraa dirimu pa kabar ayank,netral
"mungkin saja,dmn2 yang gak setuju pasti kedengaran bersuara keras..semua fraksi dpr hanya pks kan yang menolak?",netral
di ft galak2 bgt diteriak2in sm kating di sini saking baiknya sblm mulai apa2 ditanya dulu apa kabar semalem tidur jam brp sm katingnya,netral
"jadi diri sendiri itu gak mesti malu, dijudge itu hal yang biasa. hidup harusnya jadi milikmu bukan milik omongan orang lain. salshaabilaa",netral
realita mengagakan tydack anak moeda. kita turuti saja,netral
agus andrianto menduga berdirinya kerangkeng seluas sekitar 6x6 meter selama 10 tahun itu dibekingi organisasi kemasyarakatan dan pemuda (okp). kita sebut saja pp.,netral
kala tak mengapa untuk tak baik baik saja ~ [],netral
"percaya saja, supaya yang bohong senang..",netral
obat stroke yg paling ampuh adalah bio nerve. pesan di wa 0812-7571-3754 atau 0811.805.663,netral
"di tengah ruang yang hening, suara aku mungkin terlalu bising untuk telingamu yang terlalu suka pada sunyi. ya, walau di kepalamu tetap saja berisik.",netral
"kamu tidak bisa memaksakan sesuatu yang bukan untuk mu. ikuti saja alurnya, berusaha lah jadi yang terbaik versi kamu, dan selebihnya pasrahkan pada-nya.",netral
obat stroke lumpuh sebelah kanan adalah bio nerve. pesan di wa 0878-7763-8496,netral
"masalah yang kita hadapi akan memberikan efek dan pengalaman terus menerus, yang penting adalah bagaimana kita menghadapinya dengan tetap menggunakan pikiran jernih dan tidak emosional. karena emosional, marah dan dendam hanya akan merusak kita saja..",netral
"mama, selalu pesan pergi hospital buat check-up..tak sayang mama ke..mama, sebab terlalu sayanglah akak nak sentiasa ada dengan orang-orang yang akak sayang, dari duduk hospital dan susahkan orang..insyaa allah, akak masih kuat..doakan yaa..doa mama itu yang lebih hebat..",netral
join direct bisa pakai nama sendiri bisa buat buka sharing wh group di line ready 5 slot free foto arrived di unbox promo = untuk wh direct cukup bayar 70k saja buat bulan feb-april murah + worth it banget guys beneran karena benefitnya,netral
monggo yg butuh tempat untuk santai bersama kawan dan saudara warung makan buka mulai pukul 09.00 - 21.00 lhoo jangan sampai kehabisan masakan ayamnya yang lezat di laburi dengan sambal bawang yang lezaat,netral
di taman nasional wasur kanguru kecil (walabi) yang biasa disebut saham relatif mudah ditemui. perburuan tradisional yang sejalan dengan prinsip keberlanjutan diizinkan. perburuan yang merusak jadi tantangan.,netral
"yg nanya aja lewat tpi yg biasa kaga, ngapasie",netral
"gue ga kenal anak mipa 3, ga kedengaran kabar nya",netral
"ahaha benar sekali. aku harus sering bermain dengan anak house lain. aku seringnya bertemu dengan gryffindor saja karena keluargaku ada yang anak gryffindor. jawabnya, dan michaelis baru menyadari ia tidak punya teman anak ravenclaw. ""kalau begitu, maukah kau menjadi temanku?""",netral
"pengen nyari trophy tapi males battle ? bot kami menyediakan fitur auto search th diluar, th snipping , yang dengan mudah bisa memenangkan banyak trophy dengan pasukan sedikit. minat? cek bio pesan sekarang",netral
"ibu dr biologi, ayah dr pertanian. untung nama anaknya normal normal",netral
"bukankah kamu lelah?atau ""ada sesuatu di pikiranmu?"" ""jangan memaksakan dirimu terlalu keras"" ""semua akan baik-baik saja""",netral
apa kabar kalian di hari sabtu ini? baik kan ya,netral
"ku terbangun lagi di antara sepi hanya pikiran yang ramai mengutuki diri tak bisa kembali tuk mengubah alur kisah ketika mereka meminta tawaternyata rela tak semudah kata tak perlu khawatir, ku hanya terluka terbiasa 'tuk pura-pura tertawa namun bolehkah s'kali saja ku menangis",netral
perahu dah sedia payung pun dah tersedia hanya menunggu hujan di langit saja apa macam mak aji sayang oii,netral
"semakin besar masalahnya, semakin dia akan berpura2 bahwa dia baik2 sajaa -oh my ghost",netral
"temenku klo ngechat pake assalamu'alaikum ke aku rasanya gimana gitu mksdnya ak gak nge judge dia terlalu baik atau apa cuma aku merasa kita tdk sedekat itu.. pdhl ak pngn di chat biasa aj kyk manggil nama org dia sm circleny ya biasa, kok sma ak pake salam",netral
"uwaha pagi lagi~ [menepuk kepalanya sekilas] hmm, aku rasa biasa saja..namun aku terlalu lelah merapihkan tasku kemarin, sampai tertidur di stasiun. untung saja aku dibangunkan. kamu sendiri? apakah ada kendala?",netral
temen rl ak kalo lihat ini anggap saja gak lihat ya!!,netral
"petai cina ampuh turunkan gula darah. nah, kali ini mintani mau bertanya, siapa yang suka makan petai cina? yuk ngacung. mintani suka banget dengan yang satu ini. apa saja sih manfaatnya dari petai cina ini? yuk kita sama simak infografis berikut..",netral
"klo aku biasa pake yg automatic pengharumnya nder, tp krn lg rusak ganti yg spray kyk gini. harum yg paling aku suka yg rose garden (pojok kiri) ntr semprotinnya diujung sudut kamar aja kalo misalnya ada makanan, makanannya ditutupin nder biar gak kena.",netral
untuk yang mau pesan kerudung silahkan ke,netral
"min, gak usah bolak balik tanya lampu modem. ini masalah di jaringan. modem normal. mati sejak dini hari tadi.",netral
nanti ya klo lagi santai,netral
"demi keamanan data yg dimaksud, mohon kesediaan bpk untuk mengirimkan pesan ke email mandiricare.co.id atau menghubungi layanan mandiri call 1400 agar dilakukan pengecekan lebih lanjut. semoga sehat selalu. tks~fatma (2)",netral
"pula diboyong engkau pada pepatah; wahai , , datanglah. kemari, kami tumpahkan pesan bergerigi, kami serakkan pesan sebelum mulai berotasi. pastikan pedoman ini sampai tepat di tujuan.",netral
"biasa rotii, atau apa gitu yang ringan""",netral
tentu saja. nggak ada.,netral
tentu saja tidak,netral
"vkf! biasa aja dong kak te, natap nya",netral
"wkwkwk karena bonek tidak hanya mendukung persebayang saja tapi persik,persela,psis,persis,pss,psid jombang awokawok,ini bukan basis ya tapi sengkuni mengadu domba contoh:arema indonesia vs psid jombang,sg main sopo sg teko sopo, pss vs arema endi onok lambang pss ndas bonek",netral
kabar dari kamulah yang sslalu ku tunggu.,netral
"prioritas utama gue skrg kazuha sih, mana dia kgk ada kabar",netral
baru saja mengirim foto kecamatan sanden,netral
ya allah beri kabar baik untukku hr ni,netral
biasa sblm kluar dr bilik dentist tu check dulu klu tlebih suruh dentist potong dgn cutter,netral
halo apa kabar samporasun kepriye kabare om suastiastu nara gerotelo napa habar thats all from indonesia,netral
si bebe apa kabar ya?,netral
"satu hal lain yang kami rasa perlu untuk dibahas, adalah sebuah agenda 'politik' yang dihadirkan dalam plot film yang begitu kentara dan terlihat jelas dari awal hingga akhir film. kami pribadi sih tidak terlalu ambil pusing, dan lebih memilih menikmati filmnya saja",netral
"chris wilder: ""namun malam ini adalah soal malam luar biasa untuk klub sepakbola ini dan mengapa penggemar di seluruh dunia menikmati piala fa. tidak ada perasaan yang lebih baik daripada memenangi laga piala fa di old trafford pada jumat malam seperti ini.""",netral
"ingat lah rekan/partner/shohib ku, this is sabtu santai. enjoy.",netral
fokus dengan apa yg bisa kita kendalikan saja.,netral
"ya karena mereka itu adalah kadal gurun yang hidupnya hanya brutal dan rusuh dipermukaan dan kejauhan saja, begitu dideketin dan ditengok saja langsung lari tersilit2 cari lobang seolah semesta mau kiamat, itu dilakukan terus menerus selama hidupnya.",netral
"baru saja diresmikan presiden jokowi waduk pidekso giriwoyo wonogiri menelan korban, seorang bocah tenggelam terperosok ke dalam bekas galian sedalam hampir 2 meter",netral
"pejabat yg buat hoax tolong dipenjara, hukum jangan belaku cuma untuk rakyat kecil saja..",netral
"jadi fans mu udah biasa kalah,mental health nya kebal",netral
heran banget langganan luka kena pager kosan kalo mau mudik hari hari biasa (alhamdulillahnya) gaperna padahal,netral
"in family your trust (2018) terlihat harmonis belum tentu sebuah keluarga akan baik baik saja. meninggalnya sang kakek membuat sebuah keluarga besar hancur, hingga membuat pembunuhan berantai(?). lantas siapa dalang dari perpecahan ini?",netral
iyaa bener bingits! nanti siang ku pesan,netral
"anak penguasa .. yachh siapa berani ngelawan ?? kpk saja melempem . polri dan kejaksaan , bisa2 dicopot klau ngurusi 2 org ini .",netral
kuncinya satu perjuangan atas nama bangsa dan negara atau atas nama pemimpin atau partai itu saja. tetap fokus pada perjuangan menjaga nkri gak usah masuk kekonflik kepentingan itu kuncinya. tenang saja org gak mau pak jokowi turun ganti nya itu ngeri2 sedap.,netral
jangan sekali-sekali memasuki wilayah apapun sembarang termasuk yang belum tahu sekalipun. karena kita tidak tahu ada apa saja didalamnya,netral
"cermin itu telah lama pecah,jangan bilang ""serambi mekah"" sebut saja aceh",netral
"tentang budi pekerti, islam itu sangat mendasar meletakkan toleransi dalam hidup bersosial. karena bisa saja allah menciptakan manusia hanya satu umat saja, namun allah berkehendak lain. jangan saling menggangu dan menghina. apalagi ikut campur urusan 'dapur' agama lain.",netral
"lupakan saja kawan,on time bukan budaya kita~~ aku yo gtu,klo ga ontime hati gelisah,pas ontime sepi",netral
"09.23 simpang tengkawang : antrian kendaran normal dikeempat kaki simpang, situasi arus lalulintas lancar",netral
kangeen mawar jugaa kamu apa kabar?,netral
"apaan weekend, ini mah kaya hari biasa aja banyak tugas",netral
sama. gw biasa jalan dipaling pinggir sambil blg sorry,netral
aku ini multi talenan karna ketutup sm rasa malas saja jd nya tidak terlihat bakatku,netral
kasi sangsi sosial saja..,netral
yg biasa.. terus dikasih bonus yg alpha gara ngehold yg biasa ..,netral
baru saja mengirim foto kantor badan pertanahan parepare,netral
"sebenarnya ikn itu hanya trik saja, agr kasus korup dan kasus lainnya tertutupi. emgnya mungkin pembangunan ikn selesai dlm 2 thn ? dari situ saja sdh terbaca bohongnya.",netral
"coba tebak, siapa yg baru saja tersingkir dari fa cup?? inisial emyu.",netral
"masih ada nilai pretest praktikum, nilai mk, ipsemester, ipk. nanti kerja ada target2 kantor. kalo piinis ada iku, skp kalo dusen ada bkd. jadi masih banyak nilai lainnya. santai aja..",netral
"wta, kalo gini gimana biar kaya normal lagi? money!",netral
tidak ada yg menonjol semua biasa2 saja,netral
normal la tu aku kena reject,netral
"salam, phia. perkenalkan saya gading baskara, gading biasa disapa. sudah ada agenda apa untuk akhir pekannya?",netral
kalo kecil powernya se manusia biasa kalo gede powernya lebih gede (ngikutin ukuran badan) tapi geraknya juga jadi lambat gak tahan lama,netral
lagian ngirim kok cuma pesan ngirim tuh duit lumayan bisa beli kuota buat bales pesannya ;),netral
"siapa saja yang allah kehendaki kebaikan padanya, allah akan menimpakan musibah (ujian/cobaan) padanya (hr. bukhari) ..",netral
"halo admin, mau tanya syarat untuk terbang dari juanda ke kualanamu kalau sudah vaksin dosis 2 pakai antigen saja/harus pcr ya?? dan tesnya bisa diambil di luar atau disediakan di bandara ya? karna saya naik penerbangan pertama besok. terima kasih!",netral
tentu saja,netral
ws masuk perencanan tinggal nunggu saja,netral
"penghargaan ini adalah untuk gubernur sebelumnya, anies hanya terima saja, colek pdip",netral
biasa nya kalian mgespace ya ?,netral
"09.21 simpang muara : antrian kendaran normal diketiga kaki simpang, situasi arus lalulintas lancar",netral
oke saya berangkat sendiri saja,netral
"betul aku juga gt, mikinya nanti kalo pas udah nikah mau konsul tentang kehamilan maunya pake dokter yang biasa dipake keluarga ku pas mereka hamil aja lebih aman",netral
hbs nonton hole live suara courtney stabil bgt kalo kelakuannya normal mungkin gwe ud ngestan,netral
"hidup hanya sekali, jadi nikmai saja kawan :d",netral
normal german pro globohomo dunno ya tell me,netral
kalau nanya mau lanjutin dimana lumayan normal si. oiya mungkin temenmu cari semangat,netral
saya setuju dengan segala statmentmu tadi hanya saja khusus indonesia untuk diiplementasikan seperti itu amatlah berat. bahkan pemerintah pun jika ingin bikin kebijakan seperti ini agak sulit karena bakal banyak pertentangan dari kaum maha suci baik verbal maupun fisik nantinya,netral
emang kehilangan 1 member aja sakit hatinya luar biasa,netral
"1. empire of corpses, ceritanya tentang ilmuan yg berusaha buat ngehidupin lagi orang mati, tapi tentu saja orang yg dihidupkam itu gak sempurna jadi dia melakulan perjalanan buat mecahin misteri terakhir dari penelitiannya",netral
biasa ny jm sgini udh auto bid,netral
"ada yang terlihat tenang padahal sedang berantakan, ada yang terlihat bahagia padahal sedihnya luar biasa.",netral
mamak santai sejenak.. bocil jalan kaki brg ayahnya,netral
"saya dapat cerita itu dari hasil dengar kajian ustad hanan attaki. bukan hasil baca sembarangan, bukan juga hasil googling, bukan juga dari bible. kalo asumsi saya dikata yg enggak enggak, y anggap saja itu pertanyaan dari pikiran saya yg dangkal ini. terimakasih",netral
ditunggu kabar baikny ya,netral
"bisa, dibungkus plastik begitu selesai baca. emang harus dijaga suhunya kalo mau halamannya awet. ada yg make ziplock, ada yg pake plastik bening pembungkus biasa. kalo udh terlanjur kuning, bisa dikurangin kuningnya dgn cara diamplas pelan-plan",netral
udah normal lagi dong,netral
"itu sayur apa saja, pak dhe??",netral
"[closed plot with ] angin laut yang menerpa tubuhnya terasa dingin, namun tidak melebihi dari apa yang ia biasa hadapi. mantel tebal bagian dari seragam lengkapnya juga membantu menjaga rasa hangat. ia dengar, tempat tujuan mereka tidak akan sedingin ini.",netral
sibuk sekolah sm kegiatan organisasi sygg awal tahun lu apa kabar,netral
boleh ikut pa kabar ratu ?,netral
"kangenn, kee apa kabar?",netral
"entar malam mau dicoba lagi, semoga saja takdir menyatukan lagi dialam mimpi.",netral
"diberi keistimewaan malah memalukan, apa kabar komisaris ahok? cc",netral
"hai sobat bri, pesan telah kami respon melalui dm. akun resmi bri terdapat centang biru (verified) dan channel private resmi bri melalui whatsapp hanya nomor 08121214017. tks~shima",netral
assalamualaikum.. semangat pagi. semoga hari ni diberikan rizki yang berlipat ganda. amin.. semoga da rejeki dan kabar baik di hari ni. amin ..,netral
luat biasa,netral
"perbuatan salah adalah biasa bagi manusia, tapi perbuatan pura-pura itulah sbenarnya yang mnimbulkan permusuhan dan penghianatan",netral
halo halo apa kabar,netral
alhamdulillah jimin sembuh dan sudah pulih ini kabar yang indah,netral
sebab dia extra shot awak. espresso shot dia sama banyak dengan americano. sebab tu rasa pahit kalau tak biasa.,netral
apa kabar semester 8??,netral
bagaimana cara menonaktifkan karyawan yang mengundurkan diri dan apa saja persyaratannya?,netral
ada dunia yang lebih indah walau kecil didalam semesta yang luar biasa ini,netral
"ok, jangan berlebihan sewajarnya saja",netral
"makan mangga, normal nya kalau sudah mateng. gak perlu ditambahkan apa2 juga sudah enak kalau masih pencit (mangga belum mateng), harus ditambah yg gula merah lah, yg garam lah, yg asem jawa lah, yg cabe lah.. dlsb. kebanyakan tambahnya, karena makan yg blm mateng",netral
"dunia sudah hampir perang dunia hidup kok masih halu parah, mbak..mbak.. mending urusin keluarga.. harta yang paling berharga adalah keluarga.. mbok dah biarkan saja orang mau cari bahagianya sendiri. gosah diganggu2..",netral
padahal vaksin kedua biasa aja,netral
"halo admin, kenapa sekarang ada stasiun yg tidak bisa tap in/tap out dgn menggunakan tapcash? sy tadinya biasa pakai tapcash utk pp dari stasiun tigaraksa. sejak bln januari tdk bisa lagi.",netral
walaupun saat ini cuma bisa memilikinya lewat mimpi gapapa semoga saja suatu saat nanti mimpi itu akan menjadi nyata,netral
"tetua2 kampung cerita ketika dahulu wabah kolera menyerang, bnyk orang meninggal smp kuburan penuh. hmpr setiap hari rakyat meninggal krn wabah. membandingkan dgn cerita itu, jml org meninggal di kampung2 masih normal2, tdk ada lonjakan berarti. hapus saja status pandemi ini bung",netral
"kritik buat faisal bakri, oligarki ini sdh ada sejak orde baru, jgn di framing hanya ada di jaman jokowi saja, judulnya saja sdh tidak jujur",netral
"jadi kalo banjir macet polusi, jangan nyalahin gubernur lagi ya kak, mau kim jong un jd gubernur ya tetep gitu, jadi salahkan saja dirimu sendiri kenapa masih mau tinggal di jakarta. salahkan saja tuhan kenapa menciptakan anda.",netral
"ko pusing dari dichat biasa aja, ujung2nya ""kapan ya ketemu jodoh gue"" ya iyaa si lu 30thun tahun inii ya allah semoga gue dijauhkan dari sikap mba-mba ngerengek2 soal jodoh, desperate pengen nikah dan ngebettss minta dinikahin",netral
"karena kamu tidak terburu-buru, saya baru avail sekitar bulan maret. bulan ini saya hanya menerima hourly rent saja. silakan hubungi ibunda saya (jika ada yang ingin kamu tanyakan. i wish you a good day, sender.",netral
kabar baik,netral
"sekarang berita dukacita udah mulai sliwar sliwer di wag lagi mas. temen sodara lama ga berkabar, tetiba kasih kabar duka. ealaah gusti..ngene lho isih ora percaya pandemi belum pergi.",netral
aku minta maaf karena memberitahu semua orang soal ibumu aku kangen menjadi temanmu kau baik-baik saja? aku melihatmu lily,netral
rampok rumahnya saja kalo gitu,netral
"ya do'akan saja mana yg baik, klo saya sbgai masyarakt hnya bsa berdo'a bila ada kecurangan dan tidak adil semoga di hari akhir azab nya diksh sepediha"" nya dan dimasukkin ke neraka jahanam, walaupn kelak dia taubat..aamiin",netral
kmrn kepalaku pusing trs badan greges jd tidur saja pilihanku. apakah sudah makan sblm itu?,netral
"berkarir internasional saja, bro. kalau nasional faktor politik nya kuenceng.",netral
baik lah begini contoh yg baik nanti saya bagi upeti yaa diam diam saja,netral
spill saja mint,netral
"hoho ga kokk sunbaenimm, aku tuh baik budimann, cuma emang tingkat hormon isengku tuh diatas batas normal",netral
seperti biasa,netral
cuma drop biasa,netral
biasa a mu nya kalah,netral
"sebenarnya sederhana saja utk bs lngsung pada suatu kesimpulan. manusia dilahirkan dlm keadaan fitrah(suci). orang tua nya lah yg akn menentukan warna kehidupan si anak kedepannya. jika orang tua merawat anaknya berdasarkan buku petunjuk(kitap suci), mka anak akn cenderung baik.",netral
"09.20 simpang agus salim : antrian kendaran normal diketiga kaki simpang, situasi arus lalulintas lancar",netral
"tidur normal, gk begadang liat mu membuat hidup lebih bahagia",netral
orang priveleged je rasa air evian tu biasa-biasa. tak semahal yang lain.,netral
menghayal menunggu tiba masanya dimana penyakit covid setara dengan masuk angin biasa dan diobati cukup dengan minum antagin atau kerokan. sambil menunggu masa itu tiba tetap jaga kesehatan dan jaga diri ya. masker vaksin serta taat prokes masih jadi solusi terbaik.,netral
mrk ga akan pernah telusuri dg tuntas makna kisah dan ayat alquran yg disampaikan. spt biasa ambil sepotong ayat lalu sebarkan demi menjelek2an ajaran islam.,netral
boleh dong. aku jg biasa sore,netral
punya kelebihan pirasat mungkin itu kebetulan saja,netral
"termakan sumpah a” da_pink kartu undangan berwarna merah terlempar begitu saja. secarik kertas itu bagaikan musibaha besar yang membuat kepercayaan diri sarah nyaris lenyap. satu per satu sahabatnya melangkah menuju pelaminan. sedangkan ia, masih betah melajang di",netral
"dari luar aku kelihatan baik-baik saja, tapi pikiran ku kusut sekali. rasa bersalah, overthingking terus",netral
sebuah pengalaman luar biasa untuk menyaksikan bahwa teknologi masih belum ada apa-apanya dibandingkan gejala alam.,netral
"kalo posisinya kayak sender, gua biasa aja sih. soalnya dia juga udah jelasin kan baru liat linenya. kan gak semua orang udah tau line lu nder. dia juga bilang sorry, jadi buat gua ntuh biasa aja sih.",netral
"dan sama saja bagi mereka, apakah engkau memberi peringatan kepada mereka atau engkau tidak memberi peringatan kepada mereka, mereka tidak akan beriman juga. (qs. ya-sin 36: ayat 10",netral
"pesan saya kepada orang ahli agama atau ulama sekalipun,.berdirilah dijalur ilmu yg tegas dan benar jgn abu-abu sebab mereka para partai yg hanya butuh kalian disaat mereka butuh dukungan suara,.sifat yg demikian itu adalah munafik dan licik",netral
"gaiss, boleh saranin aku micellar water untuk skintype normal to dry yang sensitif sama kandungan fragrance ga? terima kasih!!",netral
bila tengah cuti memang ada je yang tak kena. ada saja yang kacau. tak tenang aku.,netral
bagaimana cara menonaktifkan karyawan yg mengundurkan diri dan apa saja persyaratannya?,netral
"udah biasa banget ending dari sebuah kesabaran itu air mata. maksudnya, orang yang kebanyakan sabar, ujung2nya pasti nangis.",netral
"hi, kak ryan. diar konfirmasi terlebih dahulu, apakah hanya pada saat akses apple tv saja atau akses lainnya juga kak? -diar",netral
apa kabar es doger 71m? bisnis laundry 28m? kpk nya takut usut.. uenaknya..,netral
tahu fantasi? campuran telurnya aq biasa pake putih telur aja soalnya,netral
"itu normal utk manaa"" investment verification.",netral
gue juga gak jajan pake duit sendiri biasa minta nyokap tapi kok ini bisa ilang yaa,netral
mturnuwun,netral
denger kabar kageyama jualan baju koko ditanah abang,netral
apaa kabar? jangan lupa sarapan,netral
pas mau menikmatia weekendku tbtb di awal weekend dpt kabar yg bikin harus full banting setir ganti jadwal letas enjoy this,netral
"tapi gaji guru dan tu honorer masih jauh dari sejahtera, kerja harus penuh bagaimana? suruh pindah saja dari jabar?",netral
respect sama mu mampu nahan tim tebaik bornmounth adu penalti saja wkwk,netral
hubungan dgn keluarga mertua ok je xde isu. sy tegur je semua ipar duai mcm biasa n buat baik je dgn semua org x kisah lah org tu suka kita atau tak yg penting jgn sibuk pasal hidup org lain n jgn campur urusan org. kalau ada yg mengadu pasal mslh rumahtangga dia layankan je,netral
"schapp! pendaftaran ut bisa lewat snm ga sih? trivia: pada statistika inferensial, distribusi normal disebut juga distribusi gauss.",netral
"b aja, karna ada nama kembaran ak si haechan jadinya luar biasa",netral
"*32. setibanya jerman di studio, syuting berjalan seperti biasa, cm aconh ngeliat gelagat zema mulai menuju lebih care sama jerman, maklum insting bencong, beres syuting tiba2 a˜ze gw mau break dulu ni dr semua kegiatan syuting, gw mau ke balia jerman saida.",netral
sudah tua masih bingung saja cari identitas diri,netral
wes tak sepurokan,netral
"bukti jelas, orang muda tak semestinya lebih baik. boleh saja berpemikiran dan bertindak seperti dinasaur. kita sepatutnya bebas untuk mengkritik, dan dalam masa yang sama bersedia untuk dikritik. hujah mesti dibalas dengan hujah. ini terus ad hominem. memalukan.",netral
"serah anda mo gmn, saya cuma pengen kehidupan normal",netral
moj yukks boleh off4r sesuai budg4t saja,netral
org mesti kata yaka aku byk diam. ye mmgla ckp banyak dgn close ones saja. tapi banyak diam dlm kenduri or gather with families especially aunts uncles. ckp byk salah. baik diam . sengeh jee pastu aku selfie bg ada memory. so okayla. nak cakap byk pun letih,netral
"bukan cinta atau suka tapi lebih ke persaudaran yang sempat terjalin jangan sampai lepas begitu saja, saya masih mengingatmu dan tak akan lupa kebaikanmu ku tunggu di salatiga. meskipun ga pernah kontaka""an semoga kamu baca ini ya",netral
sebenarnya zus memang tak sedap pun. biasa je bagi aku. kalau kopi banyak branch ni yang paling sedap tetap cbtl.,netral
walah konangan para tdk normal,netral
"hallo ! tahukah bahwa terdapat bukti yang menunjukan bahwa sars-cov-2, virus penyebab covid-19, dilaporkan juga dapat menginfeksi hamster. apa saja sih yang perlu ketahui tentang infeksi sars-cov-2 pada hamster?",netral
nonton 1episod saja belum selesai..,netral
"tbh, gak sedikit kok yang begini. ada case gini kek udah biasa aja gitu haha. maaf maaf",netral
"hey ka rbfmsulbar :) mau request lagunya queen_jacks yang 5 menit saja dong :d puterin ya ;) makasih ^,~",netral
dia biasanya pergi olahraga sendirian,netral
tedia hari ni 3 saja katapat 14 3/6,netral
kalo segini katanya gak worth it lg apa kabar hp gue wkwk gpp,netral
"detektif yang berhasil menangkap pelaku dengan hipotesanya tapi membiarkan pelaku bunuh diri, sama saja dengan pembunuh -conan edogawa / shinichi kudo-",netral
terus masih harus bayar kalau itu beban masih saya maklumi tapi kalau masih di sebut sebagai tagihan yang benar saja,netral
duit gue ilang 50k di kotak yang biasa gue simpen duit,netral
siapa saja yg mengajak kepada kebaikan maka dia akan mendapatkan pahala seperti pahala orang yg mngerjakannya (hr muslim) ..,netral
hey mana mungkin ? secara peringkat fifa saja jauh.mentok palingan divisi 2 eropa atau mungkin trial 3 bln.,netral
"kasih contoh saja dengan benar, bagaimana menghormati ulama dan tdk mengkhianati pemberi amanat",netral
ih iya ada yg itu tp gatau efeknya soalnya aku biasa pakai yg ini kak,netral
ayo menjadi ikan saja noon,netral
"kalau ko sanggup sewa bilik, hidup apa adanya, makan roti or maggi je hari2, kahwinlah. kalau dah biasa hidup selesa, taknak hidup susah, simpan la duit dulu.",netral
"kadrun ngebet bener mau melengserkan jokowi. yang gak bisa kerja serta jelas2 membuat situasi dki morat-marit saja gak bisa lengser, apalagi presiden yang berprestasi dan yang menetapkan standard baru bagi pemimpin nkri.",netral
"ya namanya juga khilaf. biasa aja tho, min.",netral
"ya makanya aneh banget, bukan perkara gue punya anak atau enggak, gue nih emang anti bgt sama kekerasan, dan dia beranggapan bahwa normal untuk bentak/nyubit anak.",netral
"mulut rani kempot saking nafsu mengenyotnya, dan benar saja, tak lama kemudian cairan kental dan manis itu tumpah dalam mulutnya. oh, enaknya permen blaster.a",netral
"ini ruangan-ruangan favorit selama jadi mahasiswa, kaya hampir satu harian ngabisin waktu disini dan pulang ke rumah kaya cuma buat tidur doang. apa pas lagi santai duduk di koridor mandangin langit senja. kangen banget plis, masa-masa yang sekarang tinggal jadi kenangan.",netral
"patrick wilson yang berperan sebagai astronot dan john bradley sebagai 'whistle-blower' patut diacungi jempol karena totalitas aktingnya. tapi soal kualitas, tentu saja akting halle berry yang menjadi juara berkat profesionalitas dan jam terbang yang lebih lama",netral
ld nya scratch normal ld itungannya smol demej yaa? aku dom jkt nderr,netral
"betul phi!! dah ga pernah merhatiin tanggalan, kyk udh ganti hari tuh ya udh biasa aja, tak ada hari spesial",netral
iya gpp kok santai aja ^^,netral
"cuma drop biasa, thanks.",netral
"fokus saja di satu bidang hingga benar-benar mahir yg akan membawa kepada kesuksesan. untuk informasi, konsultasi pelatihan hubungi : permatagroups - partner your business tel. 08121660024 - 081935025046 (wa)",netral
iya kalo udah biasa kek gitu win makanya hrs dibiasain dr kecil deh,netral
iya apa begini gegara lg kecapean tp ya biasa aja pengen aja gt tidur cepet,netral
aku rasa org yg akal sehatnya jalan mikir mau gantikan pak jokowi mau diganti sama siapa? ? anda pasti paham maksud saya.karena menrut saya semua sdh didesign. ya berdoa saja pak jokowi tdk ada apa2 sampai selesai masa jabatannya. gantiny ini lho ngeri2 sedap,netral
katanya yg aktif akan normal lagi setelah tgl 14pebruari benarkah.,netral
"karunia pekerjaan. siapa pun anda yang saat ini bekerja di perusahaan, instansi swasta maupun pemerintahan, baik sebagai karyawan biasa atau atasan, jika ingin pekerjaan anda membawa berkah, buku ini bisa menjadi wawasan mencerahkan bagaimana bekerja yang membahagiakan!",netral
"kalah udh biasa , menang kaget",netral
"dlm mengobrol kita gk hrs jd pelawak,,to kita beri pesan bahwa kita bkn lh org yg sangar..",netral
kita saja yg lalai,netral
mari ngewibu saja,netral
selamat pagi juga teh gimana kabar dipagi ini semoga tuhan memberikan kesehatan dan dilimpahkan rejeqi nya,netral
hanya orang biasa dengan mimpi yang biasa aja.,netral
semoga saja lah menang,netral
syafi'i ma'arif pernah berkata bahwa budaya arab adalah rongsokan. tapi diadopsi oleh banyak warga indonesia. kita pakai logika saja. pernyataan jendral dudung sangat logis dan bagus untuk menggerus budaya rongsokan dari arab,netral
apa kabar presiden yaa,netral
"makan apaan hampir 30 dolar sekalia¦? kayaknya semahal2nya makan biasa di sana 10 dolar, itu pun bangsa cuman sekali dalam rentang sekian hari kalo lagi jalan ke sana aja, sisanya makan di bawah 5 dolar pun jadi wkwk",netral
"tidak apa-apa, nak gala. ibu tahu kamu di jakarta pasti punya banyak urusan.a saya menunduk, meratapi bagaimana seharusnya saya bertindak, alih-alih dua hari lalu saya justru tidak bertukar kabar dengan embun.",netral
"saya dirundung banyak sekali tanya dalam satu waktu dalam satu ruang yang menyesakkan pada benak saya, tetapi bibir enggan berucap barang satu kata. ia memilih bungkam, sedang saya menurut saja dengan apa yang diperintahkan otak.",netral
meski sudah tiada tapi jasa glenn fredly dalam industri musik tanah air sangat luar biasa. karya-karya yang diciptakan glenn fredly sampai saat ini terus dihati masyarakat indonesia.,netral
alhamdulillah kabar baik,netral
"tapi makin banyak yg paham kok. kek saat heboh delta, teman2ku banyak yg rawat ortu mereka di rumah saja. alhamdulillah sembuh. biarkan dibilang hoaks, kita tetap bersuara. buktinya man temanku yg udah rasakan kipi vaksin jd berubah pikiran kok. keknya harus merasakan dulu",netral
"juli tak terlihat dirimu, habis ke mana saja",netral
"biasa nya gitu kalo abis ke lock, bakal balik kok",netral
"jumat 280122 tes ag hasilnya negatif. santai aja. seninnya sidang offline. ketemu banyak org sampe malem. selasa ngurung diri di kamar. rabu sore akhirnya pergi ke rumah temen krn mo ambil brg, banyak bgt. pulang malem juga. hehe..",netral
"siapa saja yang allah kehendaki kebaikan padanya, allah akan menimpakan musibah (ujian/cobaan) padanya (hr. bukhari) perjuangan penerapan syariah ..",netral
"aku kurang tau kalo pesan yang kedua karena jujur ngebingungin, tapi kalo yang kucing kayaknya maksudnya jangan biarin masa lalu kamu menahan kamu untuk kemana mana. bisa dilihat kan si kucingnya gamau ninggalin rumahnya, dia kekeuh mau benerin rumahnya segala macem +",netral
biasa kan dari dubai jadi istimewa,netral
baru saja mengirim video nagari durian tinggi - kapur ix,netral
"hah iyakah masya allah, ya udh klau emng sibuk bgt gpp fokus dlu aja, wajib balik pas hari h yah ayang ditunggu kabar bahagianya",netral
baru lihat kabar denise astagaa andwee,netral
sebaiknya d kasi penghargaan saja,netral
"sampai 2024 selama rezim berkuasa baju merah super kebal hukum, apa kabar koruptor berbaju merah bansos",netral
yanng begini biasa laki mokondo,netral
: kurasa kita akan sering bertemu secara langsung~~? : tunggu saja : aku sudah menonton video sorotannya : tunggu sampai jam 5 sore : ini adalah harinya : ini hari jumat dengan 2 konten sekaligus!,netral
masuk sekolah kyk biasa,netral
"pasti kamu punyanya adik ketemu gede ya nder, makannya kamu ga biasa manggil adik. kamu bisanya manggil nama",netral
haii po di mirfa yuk dp 100k bookslot 50k aja dicicil santai dom tangerang bisa shopee all payment,netral
"ada kak biasa bikin cerpen, no copas copas, berpengalaman sebagai penulis juga dan bisa cek testinya yup",netral
"pagii, cesi apa kabar?",netral
"syiap deh, kalau kya nanya. langsung ke intinya saja",netral
aku selama dapet nilai nggak remidi disyukuri saja,netral
"oke karena salah ukuran pas beli, kita jual saja ato tuker size xl or l ya sabii jersey home timnas indonesia 2020 sz 2xl lok cibinong pakansari harga 320k bnwt sudah freeong se pulau jawa *foto hanya pemanis, yg asli masih rapih terbungkus plastik*",netral
"belum, bahkan udah bertahun tahun belum pernah lihat shanks bertarung. gue udah ikut dari sma. boleh dm aja sini, gue masih sering banget nonton ulang. banget banget daripada gabut juga kan ya, mendingan nonton op gak sih.. episodenya banyak jadi santai nontonnya",netral
"baru sadar, bentar lagi ramadhan. kalau grafik naik bukannya sudah biasa? korban agen-agen konspirasi global dunia kuwalik",netral
"aku udah open seperti biasa ya! hehe yuk yang mau order bisa banget nih langsung dm atau wa aku, have a nice day guys!",netral
"kaka jangan di baca anggap aja blur , nyata nya emang pwettyy koo , biasa nya yg gitu kalah pwetty",netral
kaka ica apa kabar??,netral
yg bikin unik tuh angle pengambilan gambarnya nor.. itu batu biasa..,netral
"the only thing i like about this 11t pro is charge cepat. less than 20 minutes dah full. tapi kadang tu selalu jugak la overcharge sebab tinggal2 je time charge pastu terus lupa. masa charge, phone panas gila. taktau la kenapa. benda nie aku tak suka ye. tapi time normal use ok",netral
perghh santai betul fav breakfast food kau :d,netral
"ayah ku berkata, lelaki itu tidak boleh di paksa dalam hal apapun. dimakan saja dan bersabarlah. jika ia jodohmu, ia akan kembali dan menjemput mu tanpa kamu mintai..",netral
"365. kalau mau gestun limit kamu di spaylater, gopay coin, gopaylater, akulaku, kr3divo, indodana dll langsung saja ke cair cepat gak sampai ber jam-jam!",netral
"n: tbh, lama banget kita nggak ngobrol karena sayanya kelamaan nggak muncul di grup kuil. semoga nanti saya bisa ngobrol banyak dengan kamu dan teman-teman yang lain. apa kabar, rai? v: genius",netral
trkadang yg sdah jelas jelas d larang oleh agama dan pemerintah saja banyak yg melanggarnya..,netral
"kalo contoh di sini berarti kaya melebih-lebihkan kalimat gitu, ""this is a good reminder"" kan artinya bagus aja, kalo ""this is such a good reminder"" artinya bagus banget sampe yang melampaui batas normal gitu, kaya dihiperbola",netral
biasa didamel teh demi menafkahi diri sendiri,netral
"oh, jangan. kantor polisi punya banyak orang yang asing akan wajahnya. hubungi orang dalam saja.",netral
"pesan delivery aja, kasian perutnya..",netral
"flu biasa jg gampang menular, knp tidak dikarantina? kematian rendah knp omicron dibedakan dg flu biasa? bbrp negara sdh declare omicron = flu. yg harus tegas skrg adalah penggunaan masker (wajib) dan prokes lainya. razia prokes tanpa henti jangan pernah kendor!",netral
"jangan biarkan mimpimu terkubur perlahan oleh waktu, lakukan yg kamu impikan, hidup terlalu berharga melakukan sesuatu yang biasa gigitch",netral
"halo bpk/ibu, mohon maaf atas ketidaknyaman yg dialami. utk perihal tsb dapat dilakukan pasa menu ""pesan"" ya. bpk/ibu dpt juga melakukan tracking melalui link yang dikirim ke nomor ponsel melalui whatsapp atau smsnya",netral
"hanya saja dalam madzhab syafi'i, demi kehati-hatian, kalo nyentuh anjing perlu dibasuh 7 kali yg salasatunya dengan debu. alasannya jelas, karena anjing biasa menjilata"" tubuhnya, jadi dikhawatirkan terkena liurnya. lah kalo babi, ga ada ayat atau hadits tntg itu.",netral
ga usah mewek biasa aja.. ibarat pepatah sekali merengkuh dayung berenang-renang kemudian..,netral
kirim foto yg biasa ada tulisan topup berhasil sih,netral
pengen banget punya kerjaan yang santai bisa sambil jalan jalan tapi gaji tetep oke,netral
baru saja mengirim foto bonn cafe,netral
"semoga lekas sembuh total, lepaskan jilatan, komenlah yg perlu saja, untuk hindari olokan.",netral
"hahaha itu sbnrnya ralat, ada yg kurang satu huruf. tp mau hapus yg awal, koq sdh bny yg like reply. kan nggak enak, jd biarkan saja ya",netral
"wes biasa,,",netral
setahu gue founder partai ummat amien rais dulunya juga lulusan chicago university dan dia sih sah saja ngutip dari manapun,netral
"marv! tiba2 kepikiran, kan hank pym bilang kalo ant man ini walaupun berubah jd ukuran semut, kekuatan nya tetep kayak manusia biasa yaa, berarti pas si scott ini berubah jd raksasa itu kekuatannya seharusnya tetep seukuran manusia dong? tolong jelasin ke aku",netral
ada kabar kalau smt ini masih tuweb nder dr upbjj ku (belum pasti),netral
papa kalian pikir 3 taun ga orgasme itu pencapaian yg luar biasa.. dia lupa kali nabi adam 300 taun kepisah ma bini nya.. lah ini br 3 taun nahan aja sombong,netral
"yg dibahas cuma masalah ekuivokasi, bib. ceramah orang kita pahami dengan positif lah. kalau yg dipermasalahkan adalah frasa ""pukulan"" tentu maknanya akan bervariasi. secara konteks fikih pun pukulan dibolehkan, tapi yg mendidik bkn mencederai. koreksi saja, bib.",netral
"ga semua bule sih, selama mereka kenal sm lokal indonesian, pasti sama sama langit di pijak bumi di junjung, jdinget si boting am iyev.. apa kabar ya",netral
hawo mowning dynda.. kabar baik ni km gmn,netral
"selain sharing dan belajar bersama, tentu saja kamu bisa berkenalan dengan rekan lain : kamu berjejaring :)",netral
"sederhana saja kami sadar bagi rakyat biasa, ""yang berjuang kalah dengan yang beruang""",netral
"krn mmg momen nya belum terjadi, jadi tunggu saja sampai gelaran formula e benar2 gagal, maka kpk punya alasan kuat utk menyelidiki. kalau sekarang kpk masuk, nanti malah akan dituduh ikut menggagalkan gelaran f-e oleh kroni balaikota.",netral
menfess adalah pesan/kata-kata yg dikirim dari seseorang yang rahasia,netral
"energi sebaiknya digunakan untuk latihan mikir kritis n mandiri drpd mlintira"" cari pembenaran beri asupan gizi wawasan dengan pengetahuan nasihat baik itu banyak n bisa datang dari mana saja, jangan batasi, rugi *siapapun kadang benar tapi juga sangat bisa salah (termasuk saya)",netral
"baru saja mengirim foto jayapura, indonesia",netral
"yep. ini satu2nya pesan mama sm bapak sehari sblm nikah ""jangan pernah mukul istri atau anak kamu nanti""",netral
rencana imbas imbis tok. akhirnya yo bubar lah. wes biasa dikei janji2 palsu ki,netral
"ralf rangnick: ""di babak pertama kami seharusnya dengan mudah dapat unggul 3 gol, dan babak kedua kami juga memiliki peluang. kami seharusnya memenangkan pertandingan di waktu normal. melalui adu penalti, kami tahu apa pun dapat terjadi.""",netral
"ahaha~ kau ini bisa saja. karena tak ada kegiatan, akhirnya aku berkebun saja. jujur, katarina malu.",netral
"btw hai all, apa kabar",netral
muda sih tp tao cocok saja,netral
"karena sehat itu kenikmatan yang luar biasa, yuk bergerak biar sehat",netral
it's ok gak semuanya hrs lancar sekarang you're undergoing changes and it's normal to have everything agak kelabakan at first,netral
kalau pap normal mau,netral
biasa lg ditambang nih ngawas. tidak ada hari libur wkwke,netral
ini gw dulu. kaget pas pertama kali ada staff resign. sampe baper. lama lama biasa.,netral
siapa saja yang melakukan pengelolaan pertambangan di indonesia,netral
"ut! katanya ut kuliah setiap sabtu minggu ya? (kalo ut jogja gimana?) aku sudah milih layanan ttm wajib 3 matkul, apa aku mundur saja ya trus daftar semester depan? aku sudah registrasi tapi belum bayar, aku khawatir nanti tabrakan sama jadwal kerjaku yang juga setiap hari (cont)",netral
"gimana klo beautiful goodbye jadi lagu debut chen gara"" dia tau klo fansnya tau dia udah nikah, bahkan udh punya anak, dia bakal ditinggalin sma fans"" fake, jadi dia say goodbye sma kita lewat lagunya, gimana klo dia cuma pgn hidup normal aja kya org"" biasa? shit idk aku kangen rindu berat ama dia",netral
kalau weekend gini mah udah biasa ganti dn alias budak event.,netral
disegerakan saja,netral
katapat 14 4/6 sekali lagi melakukan kesilapan yang sama. hampir saja terciduk! tak tahu mengapakah ini terjadi buat diriku!,netral
"kan udh biasa juga kita kayak gini, gak usah serius kali",netral
sadar ga kadang suatu yg kita genggam bisa hilang begitu saja. -bunda.,netral
banyak hal yg ingin ku ceritakan tp aku tersadar kita tidak sedekat itu bertemu saja hanya kebetulan dan berbincang saja enggan kau lakukan sekali lagi ku ingatkan pada diri ini he just your friend not more,netral
hashida wanginya sayang ga normal,netral
"ngga, aku biasa sendiri nder",netral
numpang nanya ; kira2 bakso beranak itu lahirannya cesar apa normal sih??,netral
"dibalik perkataan aku baik-baik sajaa, selalu ada airmata yang meredakan segalanya. dibalik tulisan indah, selalu ada hati yang terlalu berantakan menuliskannya. ada masa lalu yang setengah mati dikuburkannya.",netral
"hi, pasti lagi nyari jasa un-sus un-lock ya? bisa ke yap | unlock all case 5k / acc | unlock umur 7k / acc | unsus biasa 10k / acc payment dilakukan di akhir a¼ close uns permanen semi perm",netral
"dengan beredarnya vidio ini, semoga media2 online tv atau cetak, pada stop gausah beritain koronal koronol omrica omricon mercon lagi. biar semua kembali normal. karena kuncinya tuh ada di berita!",netral
kalau begitu mendingan golput aja ngapain pilih wakil2 rakyat percuma saja,netral
"tentu saja kalo jual cash, ga dapet r",netral
pada seneng banget menghukum orang sih? setiap hari ada saja yang dihujat. pentingnya ngajarin kolaborasi sebelum kompetisi.,netral
"ia baru saja menapakkan kaki di ujung terminal b pada pukul enam pagi. taksi telah dipesan, namun dirinya masih menimbang-nimbang arah tujuan. kedua kakinya bergerak dari ujung ke tumit, berulang kali.",netral
berani untuk tidak nyuru jokowi turun dari mobil atau datang kesuatu tempat agar tidak terjadi kerumunan saja mereka tidak mampu. padahal lebih mudah cuma satu orng yg dilarang.,netral
stretching biasa yg gw lakuin tuh child pose dan cobra pose dan biasa in 8 detik.,netral
"karena mau tidak mau seleksi alam pun akan berbicara. tentang siapa siapa saja yang benar benar menganggapmu teman, dan siapa siapa saja yang menganggapmu lawan. be wise",netral
"alhamdulillah baek2 saja, pagi el..moga sehat selalu ya? sungkem buat bapak ibu",netral
berasa punya 3 ibu. yg dua lagi nyokapnya temen-temen gue. checking in kabar masing-masing. semogaa keadaan suram gini cepet berlalu.,netral
"ml! tadi main brawl bingung, kok valentina dari awal sampai akhir nggak copy hero musuh yah, ternyata buildnya ngaco. ini pasti gara-gara liat video toktok yang ngide pake hero mage tapi build mm. udah berkali-kali ketemu di ingame yang kek gini, pantes saja di loading",netral
"ya, sdikit tp biasa sih",netral
"subsidi murah kak, 300k tempatku biasa steril",netral
untuk angkasa sendiri ga keberatan kalau mau diajak ngobrol santai atau nanti nanti mau deep talk juga oke banget ditemenin sama angkasa aku titip carrdnya di sini yaa! nanti kalau mau date sama angkasa boleh langsung dm aku,netral
ngulang dr 1-3 tapi kamu tryhard yg chamber 1 aja.. 2-3 nya santai tapi harus clear aja yg penting,netral
"dulu pas sakit tipes tiap malem aku kaya gitu kak. malem nya demam smp menggigil, pagi nya normal lg",netral
"spotify a”indplan [anti bf] 1 bulan 20k [biasa, rawan bf] 1 bulan 12k garansi 14 hari a” famplan 1 bulan 13k",netral
semoga hari ini ada kabar baik ya,netral
"1. tikung dia di sepertiga malam 2. sebut nama dia waktu solat hajad 3. chat an, bahas apa aja (terutama tugas) 4. (gue pribadi) ga suka terlalu clingy, biasa aja ges. tp klo dia udh mulai excited bahas sesuatu nah disitu lu boleh berlebihan",netral
"09.15 simpang air putih : antrian kendaran normal dikeempat kaki simpang, situasi arus lalulintas lancar",netral
dia minx gmbr ic semua tu. normal ke??,netral
"jalanin saja dahulu, menyerah kemudian.",netral
"pernikahan yang biasa saja, sudah tidak mudah, apalagi kalau anda masukkan orang ketiga",netral
cuddle saja,netral
faq : apakah artinya selfpublishing - print on demand? print on demand adalah sistem yang digunakan oleh artinya kami mencetak buku hanya berdasarkan pesanan saja,netral
apa kabar dengan si kita ?,netral
coklat request: lyodra - pesan terakhir (auto-rj),netral
"kalau kebalik gmn?jangan jangan semua dari nusantara skrg jg udah biasa kita kirim barang baku, balik balik barang jadi yg kita anggap ""asli luar"" catatan sejarah adalah potret waktu peristiwa, bukan sejarah itu sendiri",netral
sadarlah bahwa semua bisa tidak seperti biasa dan berubah 360 derajat,netral
ya allah udah ada kabar euphoria bakal ada season 3,netral
"yang dilihat itu progress nya bukan stuck pada cerita silam, bagaimana kamu bisa menilai orang lain berubah jika pandangan mu saja masih pada cerita lama",netral
"lima menit pun, setidak deras apapun hujan, tatap saja basah; yang kemudian bisa hadirkan sakit apabila kondisi badan tidak fit. tak jauh, mari.a tapak kaki injakan permukaan tanah yang mulai basah akibat rintik, pun tenn masukan tangan ke dalam saku jaketnya,",netral
good morning prendd lagi mau keluar goa bentar pa kabar??,netral
"09.13 simpang air hitam : antrian kendaran normal dikeempat kaki simpang, situasi arus lalulintas lancar",netral
"ibuku sering bilang, kalau kita menyisakan 1 butir nasi saja, tuhan akan menghukum kita! - genta kojima",netral
ada saja kelakuan bocil,netral
baru saja mengirim foto tropical beach cafe coffee house,netral
masih telkomsel saja,netral
daftarkan diri kaka buat raih kesempatan menang puluhan juta cukup modal 10.00 saja !! daftarnya bisa pakai rekening apapun tanpa dipungut biaya admin!! untuk daftar klik link disini ya,netral
"saja nak kongsi dekat korang yang kami juga ada buka booth jualan merch, boleh singgah cuci mata tengok tengok fizikal dan zine lokal yang dijual rantai art event week 4 myground, mytown shopping centre 04 - 06 february 2022 10am - 10pm",netral
10k saja kak. full garansi dan fast proses ya boleh dm atau wa :,netral
santai pelan-pelan belajar pasti bisa,netral
"bertahanku bisa saja pasti, tp kalo d siasiakan mending di evaluasi ayo jalan",netral
temtu saja akan hadir,netral
"hentikan, kukira kalopun mau pindah saran saya pilih kota madya saja saya kira mampu di permak buat ibukota,ngak memulai dari nol,inget biaya inves mahal+ kesuksesan masih ngambang+ kerusakan lingkungan akan lebih besar tolong pemerintah memikirkan itu, saya setuju pindah ibukota",netral
sayah baru menang kemaren.. jd kali ini hanya meramaikan saja (masih nunggu sambalnya tiba)..,netral
"awal2 khwin dlu gi hnymoon kemain berani chck in hotel biasa. tp biasa pun satu mlm tak smpai rm100. selalu oyo lah yg jd pilihan. aku dgn suami mana apply kad nikah. nak apply dkat pjbat agama kulim, depa sruh apply dkat pjbat agama pendang. renyah sngat aihh",netral
baru saja dilihat,netral
aww biasa ajh .g,netral
baca saja tulisanku jangan baca hati dan perasaanku itu tak penting,netral
"disini baru mulai tatap muka, eh udh ada kabar kasusnya naik lagi",netral
kan apa kabar ya yang lain ilang ilang,netral
"semuanya udah diatur kan pasti, tinggal nunggu kabar baiknya",netral
belajar islam yg utuhlah jangan hanya hukumnya islam saja biar jadi orang itu bijaksana dan beradab,netral
kalo ke upgrade sendiri kayanya nanti bisa balik kaya biasa lagi. coba clear data?,netral
halahh cuma bisa memenangkan pilkada lewat isu sara saja kok bangga.trus kerja nyatanya yang pling kelihatan adalah klewar klewer berkata kata.tapi buktinya 0% seperti rumah dp0%,netral
apa kabar?,netral
"gimana ngga makin sayang. ya dia brti pgen orang"" mengapresiasi karya dia bukan lewat penjualan album. dia jg tau klo album fisik ""nct"" emang paling bikin melarat wqwq. setaun normal album 2 jenis per unit, ada 3 unit. belom yg project besar nya. wqwq",netral
tidak membahayakan gimana bagaimana dgn foto udaranya jgn dinilai dari satu segi saja.. ini pendapat saya yg bodoh,netral
weekend saatnya istirahat? oh tentu saja tidak.,netral
"jangan dah wkwk, minimal. mood lo normal aka stabil aja. soalnya mental lo akan terguncang",netral
haah.. tidak banyak yang bisa didapatkan dari grup obrolan itu. sudah berkali-kali hela napasnya mengudara. sudah berpuluh berita ia baca untuk mengetahui lebih dalam soal kasusnya. bahkan sistem database-nya pun berulang kali mengirimkan pesan terkait kasus itu.,netral
kabar baik untuk hari yang biasa,netral
"ga, gw biasa gitu anggep aja kek me time, kan sendirian jg",netral
minimal 6 bln stlh vaksin kedua baru bisa ke 3..gk papa kok..demamnya biasa koj,netral
sini kak 3k saja,netral
"wkwk sama, aku juga keliling liyue dulu ternyata nyaru kaya npc biasa. tar besok di wanwen book store, met ngobrol sm abah",netral
"bisa langsung dm aku yaa. fee 5k saja bayar akhir, testi on pinned!",netral
"á…  á… á…  á…  setiap orang memang punya cara masing-masing menikmati satu hal, tapi terkadang sesuatu yang memang tengah dicari tidak akan bisa ditemukan di satu tempat yang sama. tentu saja, saya tidak keberatan dengan kedua panggilan tersebut. á…  á…  á… ",netral
lama gada kabar,netral
"mungkin lain kali dia bisa menyatakannya secara jelas. walau begini, dia cukup senang. semuanya tenang sampai matanya bertemu dengan mata inupi yang baru saja datang. inupi terlihat marah dan kesal, dari tatapannya saja draken sudah tahu. ia berdehem kecil namun draken-",netral
"akun yg 1 pasti masih kek biasa, balikin",netral
"itu normal attack set is for hima maksudnya dia bisa make arte yg bonusnya na buat dps kayaknya, macam 4 gladi 4 hod gt",netral
"keluarga gregory diberkati dengan anak yang luar biasa. samidare, adalah anak yang cepat tanggap dalam pelajaran sihir. membuat kedua orang tuanya berharap terlalu besar agar anaknya kelak akan menjadi penyihir hebat.",netral
atau bole jadi diorang defend kalam mufti. sebab bukan ulama muamalat saja yang haruskan,netral
"saya mau alih profesi, narik (taksi) online jadi sampingan saja,"" jelasnya.",netral
me. di padang udah biasa gempa soalnya wqwq,netral
santai je orang kaya gitu mending rnb ana,netral
luar biasa rusia,netral
belum lagi jam 9 nanti soundtrack rilis semoga banyak kabar baik ya hari ini,netral
kalau di sini ma biasa ajaa masih banyak kali yg lbh gde dari ini,netral
dia makan mie di tempat biasa ibunya belanja,netral
"eh tak, biasa biasa ja",netral
"dia ngingetin soalnya khawatirin kamu nder.. itu jam satu pagi. ((kenapa dia harus semarah itu)) gak, itu biasa aja nder. typingnya gak ngeliatin semarah itu. typing saya kalau udah khawatir kayak gitu kayaknya lebih keliatan marahnya daripada itu, dia masih wajar itungannya.",netral
"baru saja mengirim foto klaten, jawa tengah, indonesia",netral
biasa di modusin kan,netral
tentu saja tidaak wkwk,netral
jimin sudah sembuhjimin sudah bisa melakukan aktivitas sehari-hari seperti biasa,netral
"nunaa ""nuna keyyen anenn"" ""apa kabar nun?"" ""huee kangen banget juga "" ""sedih nunn"" mostly kangen kangenan doang t__t",netral
ayang membuat semuanya baik2 saja,netral
upcoming stream tes stream bikin itasha sambil ngobrol santai~ via,netral
ds biasa sultan je kan boleh bagi? sebab macam datuk sri vida dapat dari pahang. kesian dia tak dapat jodoh lagi,netral
ni semua normal bohh,netral
semoga saja orang yg dzolim ke gw dapat balasan yg stimpal oleh allah swt amin..,netral
"baru saja mengirim foto brebes, jawa tengah, indonesia",netral
apa kabar gaaiss? udah mam pagi?,netral
tenang saja itu cuma foto tanganku aja,netral
aku dah biasa jadi kaunter pertanyaan,netral
"ketika dia enggak ada kabar, belum balas chat. itu sudah lebih dari cukup untuk bikin was-was dan ngebatin, ""ada apa lagi nih?""",netral
udah 3 tahun. kerja di bri dan gak bisa santai karna aturan baru setelah 5thn gak bisa ikut job opening lansung di cut,netral
minum air panas tapi yang kadar panasnya kira kira 65% jadi bener bener ngeredain gatal untuk obat aku kl batuk seminggu lebih baru biasa ke dokter jadi ga berani saranin obat..,netral
bukan siapa2 tapi merasa prihatin saja sebagai sesama anak bangsa,netral
"engga, masih kaya biasa",netral
emyu sedang tidak baik2 saja..melu bersyukur+prihatin ngab,netral
"perkokoh kesabaran mengapa kesabaran perlu diperkokoh bagi setiap pengusung gerakan ishlah? karena ujian di jalan perjuangan adalah keniscayaan. orang-orang beriman saja pasti diuji, apalagi orang beriman yang berjuang.",netral
klik pesan ayam bakar lewat,netral
sarapan bubur ngga pake kacang dan tentu saja diaduk,netral
ga tau gw ga ngetes asjckskdkgjahajdjfa (tapi tbh kalo beneran pun ga kaget soalnya emang lebih parah dari biasa ),netral
"mari thn 2024 semua bangsa ini pilih pks, agar negara indonesia bisa seperti syiria, irak, yaman, iran, afganisthan, krn sbg bgs indonesia bosan kan..?? klau adem ayem saja. khan bahagia klau lagi bercinta sebelah kita bom meledak, truss ada yg jual anak gadis kita bisa beli..?",netral
"di negara taiwan tu lo joss kedelai jadi minyak goreng, biji matahari bisa jadi minyak goreng, bunga2 warnanya kuning ke emasan jadi minyak goreng, luar biasa di indonesia lo kaya raya bahan baku kok masih langka minyak goreng. stop goreng menggoreng dehh di rebus aja masaknya",netral
yaa berprasangka baik saja.. habis korupsi berjamaah.. anggap aja mereka kura-kura pikun..,netral
"terus ketemu al baqarah ayat 62 ""sesungguhnya orang-orang yang beriman, orang-orang yahudi, orang-orang nasrani dan orang-orang sabiin, siapa saja (diantara mereka) yang beriman kepada allah dan hari akhir dan melakukan kebajikan, mereka mendapatkan pahala dari tuhan-nya,",netral
"fh aku open nih no fee no target, kalau mau nanti dm saja",netral
"46. hi, pasti lagi nyari jasa un-sus un-lock ya? bisa ke yap | unlock all case 5k / acc | unlock umur 7k / acc | unsus biasa 10k / acc payment dilakukan di akhir a¼ close uns permanen semi perm",netral
semalam saja pi sunway pyramid saja sggh kedai sony tanya ps5. takdak stok katanya. pastu lalu kedai game sebelah sony tu..,netral
udah biasa ini mah,netral
apa kabar gw yang pecinta yang notabenenya pecinta buku non fiksi ..,netral
biasa sj. biar bunuh org pun nm y cebong pasti bnr.. coz cebong sdh jd tuhan y rezim. sabar sj yg waras,netral
bukan player biasa biasa ja guna. yang pro player pon ada guna. halahh halahh,netral
pandemi covid-19 telah menghambat investasi untuk membangun infrastruktur yang berdaya tahan tinggi.a  aspek-aspek apa saja yang dapat mendorong terwujudnya infrastruktur berkualitas di asia?a  baca :,netral
"kenapa belum? sarapan dong, apa ngga biasa sarapan?",netral
gpp bro santai saja,netral
"bukan ranah bin. kecuali mau ditertawakan, silakan saja.",netral
"jasa! hai yang butuh joki mandarin berupa tugas, realtime, tulis hanzi dll bisa ke ya! joki tulis biasa, joki ketik juga bisa kuliah di salah 1 universitas di beijing hsk 4 dengan score 289 pengerjaan cepat fee bersahabat",netral
ini bener..jam 9 malem..abis praktek.. bini wa di rs ada lem kertas ga? yang biasa gitu. besok ** ada tugas suruh bawa lem buat nempel2.a,netral
"kaga, biasa aja. banyak yg lebih tua dr gw manggil gw ade, selow aja. klopun orang lain bilang punya adek ya berarti saudara kandung yg lebih muda dr dia. mau umur berapa kek.",netral
"nanggepin serius omongan dia. lagian aneh bgt sih menurut gue, nyuruh gue jgn deketan sama cowok lain eh dia nya aja gampang bgt gonta ganti cewek tp temen"" kelas yg lain udh biasa liat dia kek gitu bahkan dia dpt julukan player (ykwim)",netral
kabar atashi juga baik~,netral
"kahar muzakar lahir 1921,jusuf kalla 1942 selisih 21 tahun, di nalar jg ga masuk akal pemuda umur 21 dah punya cicit . tp kalau dasarnya character assassination sih sah2 saja, dh biasa orang ngeritik di serang pribadinya di negara ini.",netral
nahkan..baru ini sepanjang sejarah satpol pp geser pesawat. sop nggak punya masih nurut saja perintah.,netral
"ajarkan kepada anak lelaki anda: 1. menundukkan pandangan terhadap lawan jenis (terlebih lagi saat sudah memiliki istri) 2. cukup lah 1 istri saja, karena poligami bukanlah hal yg mudah 3. tidak boleh kdrt baik scr fisik/verbal 4. jangan memiliki pola pikir seperti orang di atas",netral
pemesanan dgn sistem delivery disarankan dilakukan maks. 1 hari sebelum waktu pengiriman mengingat banyaknya permintaan pesan antar.,netral
semoga hari ini ada kabar baik,netral
mau request? langsung saja tulis di kolom komentar,netral
"pasti bingung kaget wakilnya, seperti biasa, sedangkan gabenernya sedang kampanye mimpi nyapres",netral
"restu apa kabar, sarah?",netral
sudah ketebak kelanjutannya hohoho tentu saja aku tidak akan tertypu lagi dasar yajuj dan makjuj,netral
"niatnya mau bersihin tp malah lepas bagian yg ada di keycapsnya.. utk lubang d keyboardnya normal..coba ganti pakai huruf yang lain tetap connect sih, masalahnya cm yg di huruf d itu ajaa.. kira2 ini bs di solve ga ya? thanks min",netral
menjadi biasa itu terlalu biasa.,netral
wanita mau saja dimadu asalkan sang pria mau untuk di racun.a,netral
"tadinya mau bilang ""jang naeoun?"" but then hmm ternyata untuk makan saja interesting",netral
"kucing hilang lps si chi ni hilang, cha dh xselera nk mkn.. wife bgtw yg cha dh kurus, mknn fav dia pun lgsg dh x mkn. rindu sgt kt chi, sbb dlu dia lh yg slalu jilat2 si chi ni sbb chi ni ade mslh cket. dia xblh jln dgn normal, ade mslh saraf kaki blka¦",netral
"baru kali ini merasa jadi hrd. ada orang ngelamar lewat wa cuma ngirim cv berupa foto, ada orang ngirim cv tapi surat lamarannya gak pake font normal, ada orang ngirim cv tapi seadanya banget. tapi ya mayan banyak juga sih yang benernya. heran aja gitu",netral
laki2 kl yg ga biasa nyanyi itu mmg selalu ngeduluin atau ga pas nada kek paksuku,netral
"monster hunter mungkin menang telak, ketika berbicara tentang sensasi berburu dan kepuasan meramu (equipment). tapi keberadaan cerita dan tentu saja emotional build-up, membuat god eater punya nilai lebih. simpelnya, bertarung dengan alasan. sembari memahami alasan itu sendiri.",netral
ada dan pernah mengalami. lebih baik memang diakhiri saja wkwq,netral
"zenwalk gnu linux 15.0-220204 diumumkan, apa saja yanga baru?",netral
"wkwkwk biarkan saja, yg penting dia bisa bahagia",netral
"jadi keinget,, dulu suka bgt ma ini lagu ampe ngapain aja tuh nyanyi lagu ini, mandi,makan,kerja,santai aja nyanyiin nih lagu tanpa tau videoclip aslinya.. pas buka ytb and nonton vclip nya,, auto kicep saya tapi jujur lagunya emng bagus nagih lagi",netral
pagi pagi di keadaan gue yg ga enak badan bisa makan bubur itu sesuatu,netral
iya p santai,netral
jangan menoleh kebelakang dan lihatlah kedepan saja. cobalah yang terbaik dan kau dapat mengubah nasibmu,netral
kalau gitu nol kan saja mereka di jabar.,netral
sudah biasa,netral
tolong terimalah cintaku ku tak bisa hidup tanpamu lebih baik ku mati saja bila harus hidup tanpamu,netral
air cukup deras membawa material potongan-potongan kayu,netral
"imunitas seperti apa yg mrk maksud prof? kekebalan terhadap segala yg berkaitan dgn hukum positif kah, sehingga anggota dpr bebas berbuat apa saja menghina, menyakiti hati rakyat? semoga rakyat bisa mengambil pelajaran kedepan agar lebih berhatia"" dan cerdas memilih wakila""nya",netral
rommy dibui selama satu tahun dan denda rp100 jutaa ,netral
tentu muhaimin iskandar senyum-senyum dikulum. ia baru saja mendapat peringatan dari pbnu. gara-gara..,netral
tetaplah santai meski hari ini ada olimp,netral
sensi pake yg biasa atau yg kf94 kak? btw makasih yaa,netral
"baiik, fiel sendiri apa kabar??",netral
what a shame bro santai santai ye jangan marah marah jangan cari pulakaku sayang hg,netral
selain itu meskipun banyak aktifitas beneran santai dan sama sekali tidak menekan! bisa skip aktivitas kalau lagi sibuk. bisa di cek nih kalender februari! gimana seru dan menarik kan? tunggu apalagi. rumah? ya natcy aja!,netral
"good morning! saya masih avail, tapi regular only if you don't mind. kebetulan side faceclaim saya mark lee. saya orangnya easy going dan flexible, suka banget diajak ngobrol santai. saya juga perhatian dan bucin banget sama pacar. titip carrd saya ya, boleh dibaca-baca dulu.",netral
"biasa aja si gw sama ale jg ga awkward skrg, awal awal putus doang awkwardnya tp yaudah lama lama juga kebiasa balik lg kayak semula",netral
"inti twit yg saya tangkap: 1. kl indikasi covid gak usah tes di bali. ignore aja 2. kl tes positif jgn koar2 nanti kl orang tau banyak covid di bali, wisata tutup lagi 3. yg biasa cepu ini orang2 jakarta 4. penulis tdk suka kebiasaan cepu orang jakarta",netral
apa kabar juniordanyw,netral
"hm, tp jawabannya bukan versi 1 detika sih ini, tp tetep menarik dibaca",netral
"sakit tenggorokan, bersin2, mual sampe muntah, badan kek gaenak tapi ga demam. pas iseng baca gejala omicron langsung ovt. doain aku sehat2 yaa, semoga ini cuma masuk angin sama radang biasa sedih rasanya kena penyakit ini",netral
edisi spesial valentine samsung galaxy s22,netral
boom pernah meng-sms hyoyeon sekedar menyapa setalah berakhirnya iy2 tapi ia mendapat kecewa karena hyoyeon melupakannya begitu saja,netral
aneh bat sodara wa. klo orang kena covid kan biasanya emang d-dimmer nya ga normal aka terjadi pengentalan darah. eh malah gw disalahin karena pola hidup nya ga bener makanya darahnya kentel,netral
"seperti biasa, bingung mau makan apaana¦",netral
"jangan selalu katakan ""masih ada waktu"" atau ""nanti saja"". lakukan segera, gunakan waktumu dengan bijak.",netral
"dan pernyataan cinta itu dibalas oleh muyi, mrk lalu saling mengirim pesan manis di akun sina weibo masing""",netral
eh ist ini udah 12 hari memang gak ada kabar apapun atau elu yang kagak mau berkabar,netral
gpp dek. santai aja. gw pernah kok tahun 2008. tapi bedanya ga jadi kalah. kalau ini ga jadi menang awikwok siiuu,netral
"hidup terlalu singkat jika hanya menyesal. hidup hanya sekali, namun jika digunakan dengan baik, sekali saja cukup!",netral
bapak itu biasa yang membawa gerobak sekarang hilang,netral
berarti biasa aja yaa,netral
aku hanya manusia biasa yang tak sempurna adn kadang salah..,netral
baru saja mengirim foto agropolis wonosalam,netral
"ngalir aja, dftr snm aja asal daftar eh tau tau lolos. tentu saja dibarengi doa dan ibadah",netral
"agama harusnya bebas dari urusan2 yg buka. urusan agama, tp para pemain ""barisan sakit hati"" ini tetap memaksakan segala cara termasuk melibatkan seolah-olah urusan agama saja.. pantas saja dulu dipecat jokowi karena nggak ada yg beres rupanya, karena cuma bisa nyinyir tp kerja 0",netral
"sudah di tampar keras oleh ketidakpastian, masih saja memeluk erat sebuah harapan.",netral
mbesuk yen kowe uwis ora krungu kabarku ngapuranen aku wis tau ngarepke kowe,netral
"ahaha!! tentu saja aku sangat rajin dalam berkebun, karena sudah biasa.",netral
: aku mengganti handukku : kalian ingin tahu merek handukku? nanti saja ^_^!! hahaha : ini bisa dijadikan konten haha : baiklah selamat malam untuk hari ini!,netral
"jimin tetap banyak istirahat, minum obat, makan sehat 3x sehari ya sayang tetap i miss u so bad but aku juga berharap kamu lekas pulih supaya bisa ngejalanin aktivitas spt biasa ya",netral
masa pemulihan biasanya akan sangat membosankan tapi bisa juga menjadi titik utk berppikir jernih,netral
"hahaha, santai. dia bestie gw dari smp, orangnya emang gitu tapi sebenernya dia baik kok",netral
"andaikan saja aku tahu, kau tak hadirkan cintamu. inginku melepasamau dengan pelukan",netral
"jika mau adil ingat juga kebaikannya, jangan melulu kesalahannya saja gitu yaa cantik",netral
yg buat cewek nyaman tuh; 1. perhatian 2. pengertian 3. gak egois 4. gak ilang2an 5. gak over 6. menjaga ceweknya. 7. selalu ada kabar,netral
"oke, kak wulan. sama-sama ya. beyar senang mendengar kabar baiknya. selamat menikmati layanan indihome-nya kembali dan selamat berakhir pekan :) -beyar",netral
"ini antara dia yg g paham, dia yg pake joki skripsi ato dia biasa kdrt nih aslii",netral
halo ryuu~ apa kabar?,netral
apa kabar hari ini?,netral
kayaknya emang wajar si. aku dulu gitu. aku bersihin biasa. skrg udah gede kucingnya,netral
"i remember having over 20k air asia points tapi banyak dh expired, tinggal 12k saja",netral
": aku menemukan kentang goreng yang sangat enak : aku akan memberitahu kalian nanti : tunggu saja : tidak sekarang, karena apa saja bisa dijadikan konten : aku akan melakukan apapun dengan diriku sendiri : jadi ini memakan waktu yang lama ^_^",netral
": tentu saja, jika aku mengatakan aku 18 tahun, orang-orang akan percaya aku masih 18 tahun : orang yang bilang ""maaf?"" ayo muncul.. : hahaha : orang yang bilang ""itu berlebihan"" ayo muncul.. : eonni, oppa, paman, adik (dengan gaya imut)",netral
"banguna"" bukak livescore manu kalah.. biasa",netral
milet kayak biasa suara nya outstanding banget + ditambah alunan piano nya hayato sumino,netral
tentuu saja,netral
lihat endingnya saja..,netral
"kita bisa saja menuntut sesuatu agar terjadi. namun kehendak tuhan kan (?) dan pada intinya sesuatu yg kita inginkn tidak akan terjadi adalah suatu proses yg terbaik buat kita, tetplah tenang mengalir..",netral
treasure comeback yang sudah ada yang mau jadi apa saja kerugian p mksoed,netral
mood ku bagus sejak masuk sma,netral
"pedri : ""publik sangat penting bagi kami. mendengarkan kehangatan dan kasih sayang mereka luar biasa dan memberi anda banyak kekuatan.",netral
inii!! ini totebagnya hand painted dan dijahit sama anak-anak luar biasa loh!! mungkin temen-temen yg mau beli totebag sekalian dukung anak-anak disabilitas bisa cek di ignya yaa!,netral
ke jurang saja,netral
musim hujan kan biasa dr tahun ke tahun begitu?!,netral
harusnya cara nya bisa biasa aja. bener bener bikin speechless. gilaa,netral
"lama tidak mengobrol juga. kabar gak baik, hbu?",netral
"mager, seperti biasa",netral
biasanya makan nasduk sekarang makan bubur,netral
gicafe kopi ginseng stamina pesan : pin bb : d68681f0 wa : 085252552807,netral
say! biasa bioskop tuh buka jam berapa si?,netral
meski sudah tiada jasa glenn fredly dalam industri musik tanah air sangat luar biasa. karya-karya glenn fredly yang diciptakan glenn fredly sampai saat ini terus mendapatkan hati di masyarakat indonesia.,netral
"bingung cari souvenir untuk acara kantor anda?? pakai saja tas ransel batik dari kami, only rp. 30.00,- / pcs..hemat, murah, bernilai, dan 100% indonesia..call me 085643325959",netral
gapapa udh biasa mandiri dari kecill,netral
solusi gemuk sehat ya mr pro pesan pin bb d3ab1394 wa 089523185997,netral
"tempel stiker di kaca belakang mobil boleh saja, asal jangan penuh",netral
"imam al-barbahari rahimahullah: jika engkau melihat seseorang duduk bersama ahli bidaah, ingatkan dan beri tahu dia. jika ia masih saja duduk bersama ahli bidaah setelah mengetahuinya, jauhilah dia karena sesungguhnya dia adalah pengikut hawa nafsu syarhus sunnah 144/121",netral
"ketika kamu berharap yang terbaik tapi kamu hanya mendapat yg biasa, bersyukurlah kamu bukan yg terburuk.",netral
okok. w gatau kabar covid begimana si skrg,netral
"awalnya pengen nonton, tapi reviewnya gitu. ada yg bilang beberapa scene ga bisa nyampe klimaks jadi ga kerasa problemnya. apa bisa jadi juga karena udh kebal (mati rasa) jadi biasa aja wkwkw",netral
tidak biasa sekali sikapmu bre,netral
"enggak begitu suka susu. kamu saja mungkin yg minum susu, biar makin bongsor.",netral
"semoga lancar lancar saja,lanjut pekerjaan yg kemarin.",netral
begitu pindah ke dokter cowo yg seusia dia (sampe skrg ama ni dokter) yaa ga ada tuh judge ini itu. di support abis abisan apapun keputusan ibunya.. soal perkembangan solutif. soal makan solutifnya luar biasa.. emaknya keluar ruang dokter dengan muka happy krn dpt solusi.,netral
kemarin kaya biasa aja jaa,netral
pagi ce.. udah normal kah tweetnya ?,netral
sabar yah orang kecil kyk kita mah dah biasa ditinggal,netral
"emang kagak biasa nih pelet, sakti amat dah",netral
"pakai akal sehat saja sebenarnya surah cukup kok dalam persoalan ini, tidak peelu selalu merujuk ke dalil agama yang tidak setiap orang mampu melakukannya..",netral
semoga bisa cepat pulih,netral
"mereka yang ingin berkerumun, kami tetap menghimbau untuk tetap dirumah saja. mungkin itu adalah wujud kerinduan mereka kepada kami. semoga kita selalu diberi kesehatan aku meh gawe kaos tak sablon tulisan ngonokui, wangun mboten?",netral
"gapapa fisik ku memang biasa saja tidak ada yang mebuat menarik dan banyak kekurangan dalam segala bidang, setidaknya tidak gagal dalam mencari materi. ga semua yang diinginkan terwujud fokus saja mencari sebanyak2nya. bukannya aku dulu ingin independen ?",netral
dan apa bila 1 trilyun saja uang di sumbangkan utk pendidikan membantu siswa siswa yg blm bisa bayar sekolah tentunya bermanfaat sekali.. meringan kan pungli di sekolah negri ..agar tak terbeban kan kpd siswa tak mampu.. biaya pembangunan ruang kls biaya guru honorer dll dll,netral
ga nikah aj aku klo nurutin ini maaf saya cuma wanita biasa yang kurang ilmu agama,netral
hotel2 di ring 1 malioboro akan teriak. dan saya jd penonton saja.,netral
"mohon izin memastikan kembali, kurikulum yang diisi hanya sampai semester 5 saja kan min?",netral
"kasusnya akan muter2 begitu saja, karena merekalah yang megang kendali saat ini.",netral
"kalo udh malem harusnya tidur saja fin, gue nulis apa sih gk jelas wkwkwk",netral
dimaklum saja.. mmg brutal,netral
"sebenarnya saksi itu adalah orang yg mengetahui atau orang yg ber angan angan saja dgn berbagai narasi kemungkinan? kok, radak terkoyak nalar ini.",netral
"hai kak, maaf untuk pengalamannya ya. terkait muncul pop up pada layar hp kami sarankan untuk dapat cek setting kemudian cek pesan siaran lalu di off kan, jika masih berkendala kami sarankan lepas pasang kartu kemudian coba kembali ya. salam.^nay",netral
"kabar gembira untuk kita semua, kulit manggis kini ada ekstraknya, mastin hadir dan rawat tubuh kita jadikan hari ini hari mastin, tampil bersinar membuatku bahagia badan sehat rahasia mastin herbal, rahasia alam dari indonesia penuh pesona pesona mastin.. mastiinn good~~",netral
tapi sumpah gua kalo galau jg malah dengerin lagu hiphop/rock klo lagu galau malah lg biasa aja,netral
nasi biasa di canpur sambal cikur sangrai,netral
ketauan deh biasa searching di search barnya,netral
kita ikuti saja wan abud mentok sampai dimana ..,netral
mencoba santai meskipun hectic parah,netral
"wkwk sama nderr tapi aku santai aja sih soalnya ada jaehyun, tmn rl ku yg ngatain q galakun pun cowonya modelan .. ah sudahlah",netral
jangan pernah merendahkan diri sendiri karena kita itu luar biasaa,netral
gue baru bangun tidur dan semalem tidur cepat krn g enak badan batuk pilek tau2 bangun denger denis bikin pengumuman kontrak sdh habis makin nambah sakit vine masih diem ampe skrng g keluarin pengumuman juga kah? agensi anehsemoga baik2 saja,netral
"benda normal, nk malu apa",netral
sakit perutnya luar biasa bikin meringis,netral
"3. sementara utk 6 sampel, diambil 2 relatif dekat transportasi massal (dibawah 1 km - tergantung posisi rumah) smtr 4 lokasi jauh (2 km) atau tanpa opsi transportasi massal (kecuali citra raya cikupa ada bis feeder swasta). dari lokasi saja, tentu sdh condong ke non transit",netral
"kemarin malam sehat saja dan tidurpun pulas. kok tadi malam timbul sakit sekali rasa badan sampai susah tidur. baru bisa tidur pas subuh, ehh jam 6 malah ada yang nelpon.",netral
berita pagi ini cukup membosankan tapi gpp dapat informasi terupdate jadinya,netral
biasa terjadi di ekon ekon tidak berpolowers,netral
amanah yg bagus. bismillah ..,netral
"bagaimana bisa memahami kalau hanya hapal saja, sedang yg menterjemahkan org lain yg belum tentu benar 100%",netral
open santai ya,netral
"ga tau, ga ada kabar",netral
ya sprti biasa.kerja kerja dan kerja..,netral
hyper itu masalah bawaan diri dia karena manusia itu ada yg nafsunya hyper ada yg biasa aja sedang menggauli istri dgn penuh kasih sayang itu perlakuan kewajiban semua suami jadi gak masuk pertanyaannya hyper sama menggauli dengan kasih sayang itu gak masuk,netral
manusia normal = ingin menjadi anime,netral
"summit adalah konferensi untuk pengembang, peneliti, dan pembuat yang membangun summit akan menjadi kesempatan luar biasa untuk belajar dan terhubung dengan para pemimpin puncak di space",netral
dapatkan buku pesan di chat dan temukan kesayanganmu di toko daring kami di: shopee tokopedia,netral
apa kabar ya pak raimu din a¿?,netral
ready dadakan yah main santai open bo buat bayar kamar hotel,netral
"percayalah tidak ada wanita yang baik-baik saja, ketika mengetahui pasangannya berkomunikasi dengan mantannya",netral
"rumit, kata pertama yg terlintas di kepala tiap ada karya oriol paulo yg keluar. krn kali ini series, kegilaannya lebih parah dari biasa dgn durasi yg lebih panjang dari kebanyakan film yg dia buat sebelumnya.",netral
"sedikit kepikiran, kereta saja bisa begitu; apalagi hidup manusia. jika ada yang ""menghambat"" hidup seseorang, secara sadar atau tidak sadar maupun langsung tidak langsung mereka juga menghambat hidup orang lain.",netral
ibu gurunya menjelaskan siswanya biasa saja tidur ngumpet,netral
gak sedih. biasa aja. kesel juga engga. tapi air mata tiba-tiba keluar padahal feeling lagi kosong haha. gilss.,netral
banguna dapet kabar baik,netral
"biasa dia yang beliin makanan, sekarang… tidak ada siapapun",netral
"alhamdulillah dia sehat baik-baik saja.. mau titip salam? nnti saya sampaikan..,,",netral
"bukan karena agamamu tp mungkin komunikasimu yg jelek , materi yg kamu sampaikan cenderung meng- aduk2 persatuan dn kesatuan umat, kebersamaan dan dan tenggang rasa umat , toleransi dan persaudaraan umat bahkan bukan saja umat islam tp jg non islam mawas diri dan bermuhasabahlan",netral
luar biasa.. parah,netral
"sebenernya udah ga cenggeng ko ndii.. cuma aku sebel kalo lagi ngerasain perasaan kaya gini ndi daann biasa nya kalo aku lagi kaya gini kamu yg nenangin, tapi nyata ndiisekarang pun kamu masih suka nenangin yakan ndi ? tapi dari atas sana",netral
"ia..namun kita juga tau dua label itu bukan sekedar permainan politik saja. namun ad fakta2 yg kit harus sadari ""rasa"" politik saat ini arahnya kmn.",netral
emang biasa aja sih makan steak tapi kan itu sesuatu yang mahal buat kami yang berpenghasilan umr,netral
biasa dirapel ya makannya?,netral
"siap, kak ubi! nanti aku teriakin nama kak ubi kalau papasan, hihi. enggak seimut itu padahala” sudah, kak! tinggal pesan id card aja.",netral
"pedri : ""atletico? merekaa akan keluar untuk menekan seperti biasa dan mencuri bola dari lapangan lawan. mereka memberikan banyak intensitas dalam permainan. kami berharap untuk menguasai bola dan memainkan permainan kami.",netral
"apa saja sih masalah kota ini, kok suram banget kayaknya",netral
tidak mengapa untuk mengaku sedang tak baik2 saja,netral
halo pahari samandiai ada kabar gembira nih bagi para jagoan badminton di kalimantan gass skuy !! ramaikan perebutan piala kepala bnnp kalteng pada turnamen badminton se-kalimantan tahun 2022 dalam rangka hut bnn ri ke-20.,netral
120-150 nder biasa nya aku liat,netral
sibuk santai hehe,netral
akuu mau beresin tugass biar sisa harinya bisa dipake rebahan santai. hbu?? kamu mau ngapain aja??,netral
hihi ada ada saja,netral
nesv - solusi penghilang keputihan perapat miss v pesan : pin:5d54c01d wa : 089614822337,netral
siapa pun yg jd presidennya gak akan bisa mensejahterakan semua rakyat indonesia dalam waktu singkat. sebutin saja presiden terdahulu yg bisa kalau ada.,netral
shashin wa zenbu oite kita semua foto kutinggalkan saja,netral
"ono loro sik luar biasa wekyu koe berlinang air mata, terus ngucapne selamat tinggal selamanya.",netral
"wajar darimana warnet 3rebuan lu ga ngerti skill basic komputer kaya office emang kelewatan gublugnya di sma masih biasa aja, kuliah awto terseleksi alam",netral
"10.memandang ke tempat sujud ""apabila shalat,rasulullah biasa menundukkan kepala mengarahkan pandangannya ke tanah.""(hakim)",netral
"pasti atuh apalagi lg musim begini.. engga itu radang biasa gpp, makan buah2an yg banyak.. aku baru sembuh, kmrn begitu juga huhu",netral
"all of us are dead puncaki netflix di 25 negara, apa yang bikin menarik?",netral
"pengadilan akhirat adalah pengadilan yg maha adil,,tunggu saja",netral
apa kabar??,netral
"foto ootd yang aesthetic bisa dimana saja, tantri namirah tampil kece di depan warung dan bengkel",netral
keadaannya cukup baik,netral
treasure island cup bonek tak terima dengan baik dan benar saja tak cukup untuk membuat kulit wajah yang cantik dan seksi pada saat itu juga ya gan ga ada yang bisa bisanya cuma bisa dinikmatin sama jomblo,netral
itu perkara biasa dah,netral
"itu yg dimaksud itu oknum habib.. walaupun dia sbg oknum ulama / habaib toh tetap manusia biasa, punya kekeliruan.. gt aja kok repot belajar nya",netral
"alias udh pada cape bgt sm kelas gue ""ini kelas unik ya"" wkwk. bedanya kerasa bgt pas gue kelas ipa 1 waktu kelas 11 walaupun pandemi. ipa 1 sepi bgt anjir, dan walkelnya killer ribet gt lah. ipa 3 selalu begitu diangkatan gue dan selalu dapet walkel yg asik santai",netral
"pengelola mall kena denda 500 ribu. tukang bubur 5 juta. apa karena pengelola mall itu orang miskin ya, jadi dpt dispensasi? dimanapun oligarki berkuasa. sadarlah negeri ini sedang tdk baik2 saja (iwan januar)",netral
"bener, apalin nomor kendaraannya, biasa parkir dimana yang ngga ada cctv, potong karet rem nya biar blong. ngarep doang, usaha dong",netral
"biasa nanya atau kayak memantau dia butuhnya apa dulu, kak. kalau beli barang juga biasa saya lihat dulu gayanya gimana, tapi kalau mentok ya dompet atau sepatu. 2007.",netral
"aku biasa sarapannya setelah wo, nunggu 15-30 menit pas beres bgt wo nya atau sampe ngga terlalu keringetan",netral
"dari sebuah rumah pinggir jalan, seorang pria tua keluar membawa sepiring makanan. aku tidak memperhatikan isinya, lalu ia meletakkannya begitu saja di gang sempit samping rumahnya. tiba-tiba ada yang menghampiri, kira-kira 5-6 ekor. aduh, kalian, apa tidak pakai jaket?",netral
ternyata manfaat marine collagen itu biasa aja dengan penjelasan collagen klik,netral
"terakhir, semoga sukses buat series terbaru ini. yang mau nonton silahkan nonton, yang gamau juga gausah dipaksain walaupun mereka idola kita. fangirling bukan agama kok, pake segala ada wajib halal haramnya. santai aja. yang penting happy.",netral
kalian kadang bingung ga sih kalau diajak keluar outfitnya pake apa? padahal ya yang ngajak teman biasa,netral
"consent juga, haha. aku pikir consent akan muncul setelah ada trust. hanya trust saja belum tentu diiringi consent. tapi kalo consent, biasanya udah trust dulu. udah, sesimpel itu aja wkwk.",netral
bisa kak start 15k/hal. aku mhs smt akhir bahasa sastra indonesia murni udh biasa nyunting teks dan analisis kebahasaan penjurusanku linguistik juga. langsung chat,netral
"mvs a¼ the house a¼ tolong dong, ada yg jelasin pesan dibalik ketiga ceritanya, aku agak paham buat cerita pertama pesannya gmn, cmn utk cerita kedua dan ketiga aku msh bingung. makasih ya",netral
"gak kok.. biasa aja, kalah menang tuh biasa.. yg penting udah pernah menang 4-1",netral
"berpura"" lah bodoh meskipun itu mnyakitkan,,jgan mndeskripsikn dirimu itu sbagai org yg pandai tpi ahlak mu tk pandai",netral
embun pagi . selamat pagi mentari . jangan kau kotori dengan emosi . jangan kau nodai dengan iri dengki .,netral
bisa gua jelasin hyung.. jangan.. jangan marah..,netral
"kemarahan bisa begitu memuncak hanya karena awal yang remeh. marah pada orang lain adalah kelemahan, begitu juga dengan menghindari mereka. kita digambarkan bagaikan prajurit yang desersi, lari meninggalkan tugas, dan di dalam dunia militer, perilaku desersi sangat terhina.",netral
yang paling babi dalam pergolakan politik & pentadbiran di malaysia ni adalah geng mahiaddin & azmin. babi segala punca. marah betul bila ingat balik.,netral
"gue selalu berlemah lembut gini di bilang suka marah marah, ga ngerti lagi deh gue sama lo",netral
"bs jd hal tsb adalah dendam kesumat dri klompok org yg terjungkal di 2017 (krn ambisi ingin mguasai +62), dan kbencian itu jg mrembet ke ormas/alim-ulama yg saat itu unjuk-rasa agr org tsb sgra diadili.",netral
"kadang pingin bilang ke sesama perempuan .. jangan lah bego-bego kali karena satu laki-laki doang. ga worth it gitu loh :"") kalian tuh cantik, pinter, sifatnya menyenangkan. di luar sana pasti ada cowok baik yang mau sama kalian. stop nyakitin diri sendiri gitu :"")",netral
bo** tuh apa ya?? boring? bodoh?,netral
"gue baru sadar 1 minggu lalu dgn emosi ga stabil. mulai dari ngerasain marah, sedih, nangis, dan sampai kayak orang depresi karena secapek itu tapi pas gue tau oh paham ternyata penyebab nya pra-menstruasi which is sometimes it's killing me",netral
"haha 2 may change be 5 feb memang kaw-kaw si suami kena marah sebab tak ingat birthday si isteri. aku ingat ayah aku kahwin lain tadi.. dalam rumah ini tiada yang birthday harini, esok adalah.. birthday my 2nd sis",netral
sesungguhnya allah murka terhadap orang yang mahir terhadap ilmu dunia namun bodoh terhadap ilmu akhirat (hr. abu daud),netral
"draken tersenyum lembut sambil mengelus ujung bibir ranum milik takemichi lembut, ia menatap bagian itu lama. draken : aku memang marah emma telah mati tapi aku bisa bertahan hidup untuk beberapa alasan. matanya bertemu mata takemichi yang menatapnya penuh tanda tanya.",netral
"membenci hanya merugikan dirimu sendiri, karena sebagian besar orang yg kamu benci tak akan peduli dengan kebencianmu.",netral
"menurut penelitian, wanita berusia relatif lebih panjang, karena lebih expresif mengutarakan emosi.",netral
kok marah,netral
kalau itu artinya cerdas.. bodoh selamanya pun aku tak keberatan (uzumaki naruto),netral
nanti pawang nya marah loh pak lurah,netral
"cwox yng klo ad ap2 d selesein br2,,yng klo lagi berantem bisa ngredam ego,,klo marah bnget cumn diem,,yng punya love languange physical touch nd acts of service kyak aq..",netral
"ketika berbuat salah, jngan mengeluh, jangan marah. tetapi pelajari kesalahan, kemudian coba kembali dgn cara yg berbeda",netral
"mau bertapa, mau balas dendam (keknya gabisa sie tp lets give it a try hshsjsksk) .fevereverie see you soon i guess?",netral
"jika sahabat pernah membuatmu terluka, berpikirlah bahwa dia hanya manusia biasa yang tak sempurna, jika sahabat pernah membuatmu marah, berpikirlah bahwa bukan hanya dia yang pernah berbuat salah.",netral
"jd yg berhak marah disini ya kamu. dia berhak khawatir karena temen, tapi ga berhak buat bertindak ampe jemput kamu begitu, karena udh terlalu ngatur. mungkin sebelum maksa jemput harusnya bisa bujuk lewat chat baik2 biar kamu luluh dan akhirnya mau pulang. but idk",netral
"kukira kau rumah itu yg bipolarnya cewe. gak tau juga tingkat berapa. cewe itu depresinya lebih tinggi, makanya lebih susah ngontrol emosi",netral
"ngga pernah, aku juga sering di sangka line 91/92 ngga marah :(( kan dia ngga tau nder, maklum aja",netral
knp pembahasan dari semuanya berada di titik yang sama? apa aku yang bodoh? seakan dimanfaatkan untuk kepuasan yang tak tersurat?,netral
"aslinya sih mbak dita ya nyesek, apalagi sampai dibaca mbak dita, dia jawabannya profesional, ya kali mau marah-marah dan ngemis-ngemis ""..jangan out dong, nanti kan kita sedih.. blah blah blah.."" kan ga etis.. kita yang sebagai lockey harusnya yang bisa jaga perasaan.",netral
"hanya orang bodoh yang mati demi cinta, aku akan bertahan hidup untuk cinta. -ryo saeba (city hunter)",netral
misuhku caraku mengekspreksikan emosi,netral
"berteman sama orang bodoh bakal ikut bodoh, bahkan jadi bebal, itu sangat tepat. tks.",netral
spill cara biar ayang ga marah ges,netral
cara terbaik membalas dendam adalah dengan 'memaafkan nya',netral
"yang bisa kontrol emosi, tepat waktu, pekerja keras",netral
tali iman yang paling kuat adalah cinta karena allah dan benci karena allah.  (hr. at tirmidzi),netral
"dijelasin knp tubuh inang bisa kalah krn keinginan hidup virus jauh lbh kuat. nah untuk kasusnya gwinam, keinginan hidupnya lbh kuat krn dia punya dendam ke cheongsan, makannya dia ga kalah dn masih bisa sadar dr virusnya",netral
bodoh. mana bisa tahu nilainya kalau tdk dilihat oleh ahlinya? - conan edogawa,netral
"hanya orang bodoh yang mati demi cinta, aku akan bertahan hidup untuk cinta. (ryo saeba ~ city hunter)",netral
dia punya keinginan besar buat hidup dan bales dendam makanya dia tetep hidup meskipun setengah zombi,netral
"anf saran anime yang bikin emosi campur campur aduk bikin nangis, ketawa tapi yang happy ending",netral
"lebih baik diam, dan biarkan saja orang lain menganggapmu bodoh, daripada banyak bicara, dan malah terbukti benar anggapan mereka.",netral
"karena di otaknya dia pen balas dendam, akhirnya sarafnya masih berfungsi buat jadi half zombie",netral
"ntah lah.., kata ustad, gk boleh dendam, cuma teringat trus. sbb ulama kami yg mendukung total msh dipenjara smpe hari ini",netral
"untuk merasa bahagia, bingung, kecewa, sedih, atau marah adalah masalah keputusan. bila anda memutuskan untuk merasa berbahagia maka bahagialah anda. dengannya, kebahagiaan anda adalah sebetulnya hasil dari ketepatan keputusan-keputusan anda",netral
karena daya tahan tubuh sama tekad yg kuat. dia saking dendam sama cheongsan sampe bertekad mau bunuh cheongsan makanya jadi sembi,netral
"disini taehyung gak salah sih menurut aing,masalah marah?wajar refleks krna ngelihat jisoo begitu. taehyung juga wajar kan ya lebih fokus ke hanna sementara krna keluarga nya di sna dan kurang fokus ke jisoo,krna kalau kebalik bisa2 ketahuan dong taehyung juga berusaha nanya2kn",netral
karena dia punya keinginan/niatan kuat. iya kan? dia pengen bales dendam ke cheong san:(,netral
beberapa menit keadaan menjadi canggung. takemichi bingung ingin mengobrol tentang apa dan benci dalam situasi ini. sampai dengan berani dia mengatakan apa yang ada di kepalanya. takemichi : dra-draken-kun.. draken : hmm?,netral
"hargai orang lain, siapapun itu, dan jangan pernah menaruh dendam kepada siapapun.",netral
remember the day aku pura2 bego nan polos pas di ajak ngobrol soal ao3 sama temen. padahal tab ku begini,netral
"dah dibales lwt dm ""aku repost di cf ya, ayang jangan marah"" jiakkhh",netral
"ada sebuah kisah nyata di jeddah. suami istri lagi bertengkar, suaminya marah luar biasa pada sang istri dipukul lah wajah istri. kemudian istrinya menangis, tiba-tiba terdengar bel pintu rumah berbunyi. ""begitu pintu akan dibuka, ternyata sudah di gembok""",netral
"tapi tetep ga membenarkan kalo sampe harus kasarin pasangan. se marah apapun mentok banting barang aja, ga sampe nyentuh fisik",netral
"pekan 23 telah tiba! tim arema fc akan bertemu dengan tim asal ibukota persija jakarta. duel seru kali ini tentu tidak mudah untuk kedua tim, karena arema fc harus melawan persija yang membawa misi balas dendam kekalahan di putaran pertama.",netral
"wkwk kasian yg pendek selalu jd korban btw aku open jasa hapus akun tanpa email dan pass, bayar setelah acc terhapus",netral
"benalu negeri bebas mencaci, krn ke adilan sdh mati.. ujar benci dan mencaci itu lah alat pekerjaan mereka, fitnah ulama, dan provokasi adalah pekerjaan sehari hari, memecah belah anak negeri.. demi uang utk nafkah haram anak2 nya dan istri..",netral
"ini juga wajib baca, yang suka genre angst baca deh harus bgt. au 7 dream as family, minim romance kok. happy ending, ati ati emosi pas baca, rate 2002939273928397/10. kalo beli bukunya ada unpublished part yg discan & dibuka di drive",netral
"kesalahan adalah kata yg paling di benci orang,tapi orang akan lebih baik jika dia sudah melakukan kesalahan.",netral
"yah kok marah, padahal cuma ngasi tau yg bener..",netral
saya terlaku bodoh untuk awak. saya gembira melihat awak berjaya bodohkan saya tapi sejujurnya saya tak sebodoh itu awaki know the truth before you did,netral
"oh, sayang. kenapa tidak beritahu aku kalau kau kesini? sapaan ramah untuk menyembunyikan rasa kagetnya itu mungkin tidak akan mempan untuk membuat lee dan tidak marah. bila dilihat dari raut wajahnya itu, jelas lee dan siap menyemprot sejoon dalam berbagai cara.",netral
"si anak tunggal yg apa2 semua keinginannya harus diturutin dan terpenuhi, klo gak diturutin dan terpenuhi auto marah dan nggondok = aku.",netral
orang bodoh bisa berbahagia dengan kebodohnya,netral
masih pagi kaga boleh emosi,netral
kalau ada yang dm ad yang marah ga?,netral
pasti rasanya kek pengen marah sama pacarnya ya nder,netral
kenapa aku marah dengan mahadir selepas batalkan projek hsr ? dengar sini,netral
"pelatih sepak bola ini harus berurusan dengan polisi setelah aksi sodomi terhadap tujuh bocah di brebes, dibongkar.",netral
"ghost doctor, all of us are dead, our beloved summer. seru cuma yg aouad lbh bikin emosi dr pd serunya",netral
kalau itu artinya cerdas.. bodoh selamanya pun aku tak keberatan (uzumaki naruto),netral
bukan benci tapi lebih ke males aja si sama sejarah,netral
"nyokap marah grgr gue sarapan sambil nonton aouad, katanya apa gak jijik ngeliat yg begituan?",netral
"lah itu mah kesntuh semua sarafnya, stres sedih marah frustasi cemas mual tegang langsung bablas ilang mana cantik banget genggamannya",netral
"sabar je, debat sama orang tolol minim edukasi emang ya gitu gabakal ada abisnya",netral
memang bagusnya denise sendiri yg klarifikasi biar lockey ga fitnah sana sini kalo dari agensi nanti dikira denise yg dikeluarin padahal ga mungkin vine melakukan hal bodoh,netral
gapapa reyon marah lucu//lha siap *lary ke dapur,netral
dia ngajak balikan cuma buat bales dendam kek nya wkwk gara-gara aku putusin sepihak tanpa kejelasan. padahal aku gak bilang kalau mau balikan dan dia anggap aku pacarnya. teakhir kali diselingkuhin dan aku biasa aja wkwk,netral
kamu jangan marah-marah nanti kamu lekas tua .,netral
"iya emang episode awal aja, mulai pertengahan emosi kita dipermainkam pdnim. apalagi 3 episde terakhir",netral
"mark tipe org yg kalo ngetik huruf akhirnya dibanyakin biar nggak dikira marah, ya?",netral
"bener ya ilmu padi, semakin berisi semakin merunduk. makin kesini, makin dewasa, makin tau banyak hal, sekalinya emosi yang dulunya diluapin sekarang pilih buat diem. ngga suka sama orang, diem. kesel, diem. diem mulu idup gue",netral
"enemies to lovers tapi ga menye menye, bukan ""aku benci sama kamu"" tapi tautau dicium mau. enemies to lovers yg slowburn, yg kissing aja butuh berchapter chapter.",netral
"klo aldebaran yg drama,andin yg kena marah warga ponpel ,klo andin yg drama,aldebaran yg kena marah warga ponpel ,botol ketemu tutup,yg kuat ya aladinku",netral
"ini kan acc u, knp pulak nk takut org lain marah",netral
"bahan bakar marah & benci, juga kekerasan adalah rasa takut. kalau mudah marah & benci, bisa jadi di dalam diri penuh ketakutan. tanpa takut, seseorang enggak akan bisa marah & benci. tidak adanya takut barangkali di situlah sebenar-benarnya cinta",netral
"taun berganti bukan berarti orang gagal akan hidupnya tidak ada, ini bukti nyata kegagalan pria tapi seolah berbicara mewakili semua pria. jangan diambil hati, orang bodoh tiap tahun memang selalu ada.",netral
"jika temen kalian hari ini marah marah, mungkin dia fans mu",netral
aku si anak bodoh,netral
"kita selalu bisa memilih, bersabar atau marah. bersyukur atau ingkar. bahkan saat situasi itu memang menyakitkan, boleh jadi tetap ada kebaikan disana. dan orang-orang yg sabar dan bersyukur akan mengingat hal-hal yg baik dibandingkan yg menyakitkan.",netral
"jadi inget kata pak bj habibie, percuma kasih fakta apapun dia tetep bodoh",netral
"i think,, dari pertama kali announcement itu series n until now, kita udah bisa liat kan how the series works? this is so easly, remember, there is still a long way to go. sorry, gua cuma pengin kalian gak terbawa emosi or semacamnya lah-",netral
"marah marah mlu, hamil y",netral
"lebih baik di benci tapi menjadi diri sendiri, daripada di suka tapi menjadi orang lain",netral
"iyh andin ajah smpe skrng dia blm ngomng dia mak kandung nya, dia pikir reyna kalau tau dia bapak kandung nya bakal sneng kli yah wkwkkw kagak inget dia dah buang tuh anak bukannya hrusnya tkut reyna marah kok ini malah sebaliknya aneh kan magadir kak",netral
kok dia mau ngedads bodoh sih pake kasih uname akun itu? agak bodoh ya wkwk trus abis itu lu apain anaknya wack? kaga lu sidah isbat anaknya?,netral
"genggamlah dunia dan jangan biarkan dunia mengenggam dirimu. kawallah nafsumu dan jangan biarkan nafsu mengawal dirimu. marah orang mulia boleh dilihat melalui sikapnya. tapi marah seseorang yang bodoh itu, boleh dilihat melalui percakapannya"" - imam as syafie -",netral
aku sering pake baju bodoh,netral
start your day with marah scammer ingat aku ada masa nak layan hutang kau tu. duit pun takde nak hutang apa,netral
"hanya orang bodoh yang mati demi cinta, aku akan bertahan hidup untuk cinta. - ryo saeba",netral
orang bijak belajar dari orang bodoh. orang bodoh tidak mau belajar dari orang bijak.,netral
"pria, jika wanita marah, ajaklah dia berbelanja atau ke salon. niscaya amarahnya langsung hilang.",netral
selamatkan bangsa dari kumpulan bangsat berantas tuntas tppu - pt selamat pagi bang..,netral
cinta adalah aksi bukan emosi,netral
"itu kalau marah sama orang ngga bisa lama- lama, abis bangun tidur juga marahnya hilang.^^",netral
"ada 1 orang cewek.. ngomongnya halus banget, gapernah ngomong kasar, gapernah marah, sekarang dia jadi sister di gereja katolik",netral
"2 kemungkinan: 1. elu tolol 2. temen lu jd sepuh di sma, smntr adek nya udah kuliah",netral
mantan yang masih bisa marah itu dipastikan masih ada cinta.,netral
"kebanyakan orang menilai ku adalah seorang ""kata bodoh"" demikian malah sebaliknya selamat pagi dunia",netral
"betoii ustaz!! sy setuju!! kalau dan dgn sy memang takdak lah sy layan baik2 dulu, kan org tua2 kata uji kesabaran lelaki buat dia marah, buat kasar2, pastu tengok dia bersabar ka dak, kalau bersabar dan setia tunggu kita, jgn lepaskan dia, lulus kahwin  sy ikut",netral
ikr diorang smpai mcm tu sekali benci dekat lucas tnpa buat sebarang usul priksa dulu..knapa dia dh debut dkt 2 tahun lebih baru nk buka mulut pasal ni kan.. siap ada lumis upah private investigator utk siasat issue ni.. mmg kerje sasaeng ahh sbb dia haters lucas,netral
seriusan? mie gelas masih lercaya aku.. itu didalem perut ada kuli galian? aku makan 2 bungkus auto bego karena kekenyangan..,netral
c hasya comel ba kan lexi kecil2 macam mira filzah dia konon marah aku disperate sama c merald yang sudah berlalu sudah la kan lexi hasya abang fazlee sudah kerja di jkr kota marudu mungkin jumpa jodoh lagi terbaik dari merald doakan lexi hasya,netral
"06. kesal istirahat telah tiba, setelah mengganti baju dan ke kelas, salsa fokus terhadap handphone nya sembari melahap bekalnya",netral
"one day. ""eh kenalin nih, dimas"" ""adek lu? "" ""dimas cuk"" ""ye dimas siapa anjer"" ""dimas goblok"" ""maksud gue, dimas siapa kenapa ada dirumahlu ikut poto keluarga tolol"" ""ye dia dimas budeg ye lu""",netral
"tengil, suka marah-marah, songong, tapi itu semua jarang sebenarnya. dia orangnya suka galau, sering sibuk sama kegiatan osisnya. kadang juga manja kayak anak kecil, tapi lucu kok. kadang nurut kadang ngeles 1001 alasan dulu untuk beberapa hal, contohnya kalau disuruh makan",netral
"tuhanmu tiada meninggalkan kamu dan tiada (pula) benci kepadamu, (qs adh dhuhaa:3) perjuangan penerapan syariah .. allaahu akbar.",netral
ini tuh berdasarkan pengalaman pribadi gw btw emng memalukan and bodoh,netral
hanya orang orang bodoh saja yg masih mengagungkan seseorang yg tak tau kerja,netral
janganlah ucapkan kalimat yang jelek waktu emosi. karena kalimat yang negatif tak lagi dapat terganti apabila sekali terucap.,netral
"mengapa allah menciptakan iblis bila tugas iblis hanya menjerumuskan umat manusia kepada perbuata nista? pertanyaan bodoh yg sering dilontarkan oleh kaum ateis, sekuler, liberal dan kaum munafik dan kafir lainnya kepada islam",netral
"umpama serasinya merah dan cinta, marah juga menjadi simboliknya. biru pula setia pada satu makna, laksana sebagai penyejuk mata. ada yang meraikan perbezaan, ada juga yang tegas pada satu pendirian. sekadar coretan tiada makna, merungkai cara fikir manusia.",netral
"apabila kita memiliki kebesaran hati maka kita tdk akan mudah marah, kecewa dan tersinggung.",netral
dih bego kok bangga,netral
kurasa miiko adalah..satu2nya orang yg tak bs bikin tappei marah - yukko,netral
"buat para pembenci, paling pak presiden jokowi cuma tersenyum dan tetap berprasangka baik kpd pembencinya. ngk terlintas rasa dendam sedikitpun, ikhlas dan beliau super sabar, ingat nabi muhammad saw saat dibenci oleh yahudi hindun? begitulah islam yg rahmatan lil alamin",netral
ngerjainnya bego-begoan,netral
yg hari ini selalu marah marah pasti dia pens emyu,netral
aku nak ni bodoh,netral
simpati itu teman dan dendam itu musuh ! - kogoro mouri,netral
"sebelum reply ada baiknya mengerti dengan arti homebase dll, mas. daripada terlihat bodoh. ambil contoh, persija dari jakarta, sleman dari yogjakarta, apakah keduanya pernah bermain di rumahnya sendiri?",netral
bangsat tu apa kak?,netral
"jangan terlalu merespon serius pernyataan orang yang sedang marah, sampai betul-betul ia rileks menjelaskan tanpa kepentingan dari kemarahannya. sebab mengambil sikap dalam keadaan marah, akan jadi kurang bijak sana.",netral
bos aku kalau bad mood suka marah-marah ga jelas. untung aku tidak baperan,netral
kalo aku peluk ada yang marah gak?,netral
"semua yang dimulai dengan rasa marah, akan berakhir dengan rasa malu. (benjamin franklin)",netral
. sabar itu keliatannya bodoh kalo dipikir pake logika :),netral
"dendam antara ppbm dan umno saja waktu pn, umno tarik sokongan untuk jadi pula kerajaan walaupun agak rapuh, janji jangan bagi anwar jadi pm itu dasar dan kebersamaan nya bila melaka dan sarawak result cantik, aim pula johor",netral
sabar jangan pake emosi,netral
"ga galak sama sekali, bahkan dia gapernah marah t_____t",netral
"buat para pembenci, paling pak presiden cuma tersenyum dan tetap berprasangka baik kpd pembencinya. ngk terlintas rasa dendam sedikitpun, ikhlas dan beliau super sabar, ingat nabi muhammad saw saat dibenci oleh yahudi hindun? begitulah islam yg rahmatan lil alamin",netral
"semakin sakti manusia mk semakin bodoh akalnya, semakin tdk punya apa2 (kesaktian) mk semakin kenceng sandaran pada al 'aziz allah swt.",netral
mau dendam biarkan saja emang mereka suka dendam politik akibat kalah pilpres,netral
"5/24 wansen gemes bgt beixing ga peka ah, tpi bukan salahnya juga sih, wansen nya begitu, ya wajar wkwk terus itu gao ge malah bikin tambah salah paham cuma buat bpk nya kesal",netral
mari kita lihat manusia tolol,netral
"jika dia marah padamu, cium dia.",netral
"orang yang menulis menggunakan emoticon adalah orang yang berusaha ""meletakkan"" emosi dalam tulisannya. hargailah.",netral
"walau tubuh lelah dan lisan tengah marah tetaplah berdoa. sebab tuhan melihat tengadah kita yang pasrah dan hati yang ikhlas dalam mengharap kepada-nya. walau aktivitas kita menggunung, indihome selalu menemani untuk urusan online-nya",netral
pakistanis hv the attitude of woh apni zidh nah choorein hum apni wahzah kyun badalein.imran khan insan hai.essa ka assah nahi joh zameen pai marah tou sub seedhay ho jahein gai.yahan har koi apna uloo seedha karta hai boss thts the reality.,netral
woww meniaga angin tuhan bagi free pon boleh kaya raya. kera bodoh tipu manusia bijak pandai. berjaya plak tu,netral
psi walau di benci tapi mengalami kenaikkan elektabilitas. mungkin krn progres nya terlihat jelas oleh publik.,netral
"percayalah, diam-diam pasti ada orang yang benci sama kita dan membicarakan hal-hal buruk tentang kita.",netral
"ada buat khidmat tapi orang tak tengok, baik buat video lain, boleh buat orang marah dan tengok serta sebarkan",netral
bengong bego,netral
"nih typing ganteng ""ngentod bangsat anjing kontol biadab brengsek hanceut bereum""",netral
"pepatah mengatakan bahwa : ""orang bodoh lebih berbahaya daripada penyakit menular"".",netral
level ketika pms lu bukan nahan marah lagi atau bt tapi nahan y,netral
"tapi tetap para pemuja vaksin akan menolak informasi itu, shg mereka tetap menunggu dengan penuh harap go itu disuntikkan kembali ke tubuh2 mereka. dan kita yg dianggap bego. dan kita yg dianggap sok nalar. dan kita yg dianggap hoax. padahal",netral
sedang bodoh saja.,netral
"aliah ni bukan tak tahu aku bodoh it lagi bagi idea tukar bidang ke it, system haywire nanti sis pegang",netral
keluarin malah di bilang palsu/fake/buatan agensi pelajaran deh. sebagai fans kita jg harusnya bs perlakuin idol selayaknya manusia biasa bisa salah bisa marah bisa mengumpat btw gue tbtb bilang gni gr2 abis denger lagu mark -child di tambah day6 zombie dan day6 stop talking,netral
"dari film kukira kau rumah misal kalo kalian ada gejala yg diantaranya: mood (suasana hati) berubah drastis/marah"" yg terlalu meledak""/nglempar barang pas emosi/sejenisnya, itu bisa jadi ada tanda"" yg harus di priksakan/konsultasikan sama ahlinya. so, be aware ya",netral
org bego jam segini makan geprek,netral
"..dilarang bodoh !! setujuuuuh.. selamat tinggal kebodohan, selamat datang kecerdasan siritual dalam ahlaq. aamiin..",netral
lg marah? wkwk,netral
"nah itu tau club kebanggaan antum tolol, tpi kok antum masih mau jadi fans nya?",netral
antara benci dan rindu - kotoha tanaka,netral
balas dendam terbaik adalah menjadikan dirimu lebih baik. - ali bin abi thalib,netral
bego sama cinta kadang beda tipis ya,netral
"kcg! muka kucingku gini banget abis mecahin gelas pagi-pagi, jadi gak bisa marah",netral
"salam , tolong tangkap gemuk tak pakai mask tu. menteri tak berani nak marah kawan-kawan dia.",netral
"kok marah, korban ya?",netral
itu namanya garang tapi tetap bego,netral
gubernur cumut diem aja. soale nanggepin keledai bodoh malah akan berakibat memalukan. diemin aja tar jg abis jabatannya,netral
"huuh pasti ada dari mereka yang mau menjatuhkan 1: sekian juta orang.. allah sayang sama kamu, allah mau kamu istirahat dulu skrg gpp nikmati aja rulesnya gak boleh marah ataupun sedih semua pasti ada yg lebih indah dari ini",netral
"jangan menasihati orang yang bodoh karena ia akan membencimu, nasihatilah orang yang berakal karena ia akan mencintaimu. ali bin abi thalib",netral
"cewek cuek sama cowok terkadang cowoknya itu malah marah & ngambek sama cewek, tapi cowok cuek sama cewek, si cewek tetap sabar tuh",netral
"biasala pagi-pagi aku merampus .mask pon boleh jadi punca aku marah dah tu ,nak merembat mask putih walhal tu untuk pegi kerja",netral
"marahku tak ku jual murah. aku marah padamu. lalu ditanyai siapa yang menyakitiku. entah makhluk langka apa yang berhasil menyakitiku, cinta.",netral
"sikap terbuka lb menyenangkan. hasil penelitian washington state university (wsu), pullmanas,menunjukkan sikap tbk dpt mencipta kan perasaan positif.mrk yg berperilaku tbk jg lb menyenangkan,teliti,& memiliki emosi stabil. sebabnya mrk tdk terbatasi oleh tekanan luar (media ind).",netral
"dendam menyebabkan imunitas tubuh kita mati. disitulah bermula awal segala penyakit, stress, kolesterol tinggi, darah tinggi, jantung dll.",netral
"ramalan zodiak sabtu 05 februari 2022, emosi positif - laman riau",netral
hanya orang bodoh melakukan kesalahan yg sama berulang2 kali ..,netral
aqis masih pagi ga boleh marah marah,netral
perubahan emosi dalam sehari,netral
mamah kamu udah marah marah belum pagi ini,netral
"its ok, lu bisa marah kok, manusia pantes buat marah atas perlakuan gak adil, tapi jgn sampe berpengaruh sama masa depan ya wkwk, cukup masa lalu, di masa lalu dia udh buang waktu mu jadi jgn sampe di masa depan dia buang waktu mu dengan cara yang berbeda.",netral
emosi nya sampe ke kita ya nder pas nonton,netral
"ika kamu benar, maka kamu tidak perlu marah. jika kamu salah, maka kamu wajib minta maaf.",netral
gue si udh di tahap pasrah yaa. mencoba buat jadi orang baik sebisa mungkin tanpa mandang bulu. selebihnya kalo ada yang benci dan gak suka itu hak mereka. aku si bodo amaat wkwk,netral
"membacanya lucu. pasti marah uang rakyat dikorupsibagaimana investor mau investasi ke kalau uangnya dimakan pejabat ""ace golkar 'ajari' ahy soal kuda hitam di 2024: terpenting strategi""",netral
"salah satu manfaat revenge kill them with kindessâ adalah gaperlu musuhan, ga perlu cape marah marah, ada saatnya mereka see your worth and come to you.",netral
aku benci menganggap enteng apapun tugas yang diberikan. -gildarts,netral
emosi tidak akan membimbingmu pada suatu pemikiran atau tindakan positif. oleh sebab itu kamu harus tenang :) teens_paulina,netral
masa bodoh sama virus maksudnya,netral
"_harusnya anda bijak dalam kasih data,awal mereka bisnis itu sejak jaman sby atau jokowi..? . . _"" kalau bodoh diam,kalau pinter ajari "".. . .",netral
ini adalah satu ide yang keluar saat aku lagi berpikir keras untuk ide part au mavenzer selanjutnya alias kenapa melenceng ke benci jadi cinta,netral
"di antara banyak sifat orang bertaqwa ialah sifat pandai menahan marah, dan mudah memaafkan sesama manusia",netral
heemm gua gamau emosi ya,netral
"syi'ah mesra sm pekai,..mk nya kenapa mrk bgtu benci sm islam dan ulama..",netral
lebih ke bego kalo ak,netral
2022 tetep bodoh..,netral
bila menyampah / jealous tapi tak benci camni lah,netral
"hal itu berjalan selama setahun, lancar tanpa halangan. tetapi suatu ketika, dana mengetahui semua apa yang dilakukan anak bungsunya selama setahun itu. dirinya benar-benar marah, tidak terima dengan perlakuan fauzan.",netral
"jika kau tidak bisa mengendalikan emosi dan pikiranmu,kau akan lemah ~minato",netral
"05.02.2022 tepat 1 tahun banyak penyesuaian, adaptasi, jengkel, nyebelin, walopun gw suka ngambekan kadang frontal tapi tetep harus faham dan cepet diselesaikan. ahh beli kue tart dulu dehh",netral
"gw gk sok pinter sih, mungkin lu aja yg terlalu bodoh sampe ngeliat gw kaya gitu",netral
"lagi milihin baju2 lama dilemari buat disumbangin, terus nemu baju ini baju yang paling di benci sama suami gw, because he knows exactly i got this shirt from my ex",netral
"saya aja suka sudu, kalau suka kamu, nanti garfu marah",netral
ada rasa kesal ketika orang lain berprasangka atas apa yang kita kerjakan. tapi seringkali kita tidak bisa mengkonfirmasi seluruh pekerjaan yang kita lakukan,netral
jd orang yg sulit mengontrol emosi. akhirnya smpe skrng ya tetep sulit,netral
cara muvon tercepat yang tidak direkomedasikan: buat dia ilfeel/benci sama kita begitu sebaliknya n im done yeahh fufuufu gimme high five,netral
"mau seburuk apapun lo, mau sebanyak apapun kesalahan lo jangan sampe lo benci diri lo sendiri karena yang harus lo lakuin cuman satu, belajar dari semua yang udah terjadi. lo bakal spesial bagi orang yang tepat.",netral
tumben ga marah-marah nih,netral
kadang disangka marah ya nes padahal biasa aja wkwk,netral
"saat si bodoh merasa ikhlas dengan kebodohannya, di saat itulah si alim tengah bersedih dengan ilmunya",netral
pamer adalah ide yang bodoh untuk sebuah kemenangan,netral
"menanamkan kesadaran ""allah itu tidak suka lho kalau kita marah."" -imam al-ghazali",netral
"kalo dia marah pacarnya di gandeng. tanya punya surat ijin pacaran gak. kalo mukul lapor polisi dong, 'penganiayaan'",netral
jangan marah-marah,netral
"di liat2 aparat seakan2 memancing emosi rakyat ya,,yg jadi pertanyaan supaya apa ?? apakah sbnernya aparat ingin bentrok dengan warganya sendri ?? hukum di tindak secara tdk adil, ulama di peresekusi, umat muslim di tuduh radikal, pedagang2 kecil di denda tidak wajar ,",netral
kok u bego,netral
"merasa pintar, bodoh saja tak punya",netral
padai nya .. yg bodoh sahaja masih percaya mereka berdua.. wakaka.. ph takkan jatuh sehingga pru 15.. tp sbb kebodohan sendiri maka hilang semua.. fakta tu..,netral
"atas nama ham ,guru dilarang marah pd muridnya , polisi dilarang membunuh penjahat, suami dilarang tegas pd istrinya , ortu dilarang ngekang anaknya, kebanykan yg dinilai dilihat cuma tindakan nya bukan penyebab nya, bisa jadi korban itu yg salah yg memancing kekerasan itu,",netral
"sama. wkwkw. tenang ellie, aku disini menemani kamu agak bodoh dikit.",netral
paling penting aku taknak jadi bodoh sebab orang,netral
udah dibikin malu lewat sosmed terus dengan gampangnya mau diajak balikankalo ga bodoh apalagi namanya?,netral
benci jadi cinta (?) jeongharu onetweet au,netral
dulu saat gus dur dijatuhkan bukan tdk sedikit yg mencintai dia. tapi dia pergi dari istana dgn kondisi serendah mgk agar yg mencintai dia tdk marah pada yg menjatuhkannya.,netral
pura-pura bego padahal tau semuanya seru banget ya,netral
kenapa dia marah marah.,netral
"antum makin tampak bodoh sih ? banyak sumber yg dpt digunakan sebagai bahan perbandingan utk memperoleh informasi yg benar, bukan hanya lewat nuonline, seperti yg saya jelaskan diatas. jangan malas mencari atau browsing utk mendptkan informasi yg benar.",netral
"cara terbaik untuk membalas dendam terhadap orang yang menghina anda, adalah menjadi lebih berhasil daripadanya.",netral
"karena bisanya cuma itu doang, aku bego soalnya.",netral
tinggi di depan,netral
kadrun pinter nyari pengikut dari kalangan publik figur yg bodoh,netral
karena motivator terbaik adalah dendam,netral
"engga dendam, cuma diotak mikir kok bisa kaya gini?",netral
"jangan kesal klo dia masih bisa bawel u/ ngingetin km, justru km harusnya sedih klo dia udh ga pernah bawel dan ga pernah ngingetin km lagi.",netral
gw benci selalu merasa bersalah tapi lo pantes ngerasain rasa ini skrg chel,netral
"jika istrimu membuatmu kesal sekali lagi, tahan sabarmu lagi. jangan pukul dia. kalo memang sudah di batas kesabaranmu, kembalikan dia pada saya. saya siap untuk menjadi satu-satunya lelaki yang mencintai dia sekali lagi.""",netral
"jadi inget waktu kakak menikah, ayah juga bilang hal yang sama. dia bilang, ""sebelum ada lelaki lain yang mencintai dia (kakak), ada seseorang yang mencintai dia terlebih dahulu. itu adalah ayah. jika memang istrimu membuatmu kesal, tahan kesabaranmu, jangan pukul dia.",netral
km semisal tak antem batu gt marah gk?,netral
"engga keduanya sih, cuma aku paling ngga bisa nahan nafsu buat ngga marah-marah",netral
"ga rugi ketiduran, match barusan sangat2 menguras emosi di pagi hari",netral
"dulu benci bgt sama picknava, eh malah dimanja terus tiap bulan.",netral
"tak perlu bersusah payah untuk membalas dendam, cukup maafkan setiap kesalahan. karena memaafkan adalah pembalasan yang terbaik.",netral
kamu ngga zendirian kak zcazca.. kadang kakak zama temennya zuka bilang gini karena zaya dewaza zekali dan tau zcara bikin ibu koz ga marah zama zaya,netral
"tararumben yeuh, pens emyu teu marah-marah ti temlen nggeus tiasa nyak?",netral
"masa kecik aku belajar puasa dari makan, minum, dan tak korek hidung (hahah). dah baligh sikit, baru rajin pergi tarawih. dewasa belajar kawal pertuturan, emosi, dan banyak buat refleksi diri. untuk selanjutnya, mungkin kena belajar sesuatu dari buku ni pula.",netral
seaweed costume vs hello kitty motif pertempuran paling asburd lagian kenapa denise marah bajunya dibilang motif hello kitty,netral
bekmya masih tolol tolol,netral
ya ga bego bego amat lah ya gw,netral
balas dendam terbaik adalah dengan cara menjadikan dirimu lebih baik,netral
"dua mode satu ekspresif satu diem. kalau ekspresif berarti masih biasa aja, kalau udah diem berarti udah marah bgt",netral
"negara juga ga bodoh. ga perlu sok""an mancing ats nama kebebasan informasi kalau tujuannya hanya bikin propaganda/framing.",netral
orang islam gk butuh orang bodoh.,netral
"sesungguhnya, ada dua hal pada dirimu yg dicintai oleh allah, yaitu sikap lemah lembut dan tidak mudah marah (hr.muslim) ..",netral
jgan bales dendam yaa,netral
pegiat persekongkolan bangsat indonesia?,netral
padahal fans secret number sendiri aja sebagian besar benci vine ent. keliatan banget kayak gak ada tegas-tegasnya mengurus artis atau mengklarifikasi berita.,netral
"dan yg booster bisa jadi orang yg ga bodoh dan ekonominya ga pas pasan, jd ga ada masalah buat swab, ..jadinya ketahuan positif deh",netral
"kamu masih saja seperti anak-anak.. bagiku, balas dendam adalah segalanya.. kalau dendamku bisa terbalaskan. sasuke to naruto",netral
"gatau ya mungkin bkn dia benci, cuma cemburu aja ngiranya aku ngambil kepunyaan dia. well namanya org ga mungkin sempurna kan, udh berusaha jdi org baik juga yg gasuka pasti ada.",netral
"cara terbaik untuk membalas dendam terhadap orang yang menghina anda, adalah menjadi lebih berhasil daripadanya.",netral
"marah itu gampang. tapi marah kepada siapa, dengan kadar kemarahan yang pas, pada saat dan tujuan yang tepat, serta dengan cara yang benar itu yang sulit.  (aristoteles)",netral
"inconsistent. tidak menentu, serba berlawanan, dengan tindakan dan emosi yang tidak berdasarkan logika.",netral
sa gak pernah berhenti geleng liat dokter2 pake tiktot. rawan berbuat bodoh & multitafsir di platform itu. gak semua kita mahir menempatkan diri dan menata ekspektasi orang lain di ranah publik.,netral
sebanyak 85% wanita dan 73% pria mengakui bahwa rasa marah dan kesedihan akan berkurang setelah menangis.,netral
"bahaha pingsan mah pingsan aja mun pake chat dolo. kesian camer lo ntar ngangkat keberatan:') jangan lama lamaa tapinya. orgnyaa biarin duluu aja? kangennyaa dah luber luberr gimanaa dong? tp senengkaan liat dia walo marah? seenggaknya bpkk lega, dia ga kek yg bapak pikirin",netral
madzhab : 1.hanafi cadar sunnah dan wajib ktk khawatir nimbulin fitnah 2. maliki sunnah dan wjb jika khawatir fitnah 3. syafi'i cadar wajib 4. hambali cadar wajib lah yg pada benci ini kalian maksudnya apa kalau blm bisa diem aja. kalau sampeyan benci dipertanyakan kelean sapah,netral
"normal. aku selalu pesan kat adik aku jangan merayau merata2. jangan pergi kedai depan takut nanti kene langgar dengan motor. kalau lapar pergi bilik ayah, angkat, mintak makanan dengan diorang. (bagi siap2 makanan)",netral
"telah tertulis dalam hikmah, sesungguhnya dari sifat malu itu terdapat ketenangan dan ketentraman."" (hr. bukhari)",netral
sp tau bangun kaget,netral
tuhan selalu memilki cara tuk membuka matamu atas orang-orang yg berusaha memanfaatkanmu. jangan pernah ragu akan hal itu.,netral
kaget nikah bagus juga walaupun sedikit gimana gitu okee besok-besok nonton di wetv,netral
anggota dpr kaget terus teriak ..bebaskan rizik dewa baliho,netral
aku kurg tau jg yg yedamtpi kok yedam pas dia buka masked nya pada kaget gtu yaa brarti klo jwoo ntr brarti udh pada tau dongg,netral
sampe skrg gw ngatau tadi pas dia di rs bocah yg takut sama dia cwk apa cwk,netral
akhir nya 1 fandom kgk jadi malu,netral
download video 2021 indonesia terbaru,netral
ayo nder lirik dia sebelum mootsnya makin khawatir btw ini thread jualan dia ya nder,netral
aku masih megang cs juga (buka preloved buku) dan suka dapat pertanyaan detail kaya gini meski mereka gajadi beli. awal-awal agak males sih tapi makin kesini aku sadar juga karena zaman sekarang banyak yang jual barang palsu dgn harga normal. jadi penjual emang harus sabar,netral
untung bukan kereta api nya yg kaget..,netral
fomo adalah singkatan dari fear of missing out yang berkaitan dengan sebuah perasaan yang takut tertinggal atau ketinggalan karena tidak mengikuti sebuah aktivitas atau tren tertentu.,netral
"ncts! yang lagi nunggu comeback nct mana suaranyaa?? yukk sini kita menabung buat persiapan cb, biar ga panik nanti kalo announce cb bole dm tanya"" dulu kok",netral
"debut 20 tahun, boa sebut pertama kali lakukan hal ini bareng member got the beat, bikin karina aespa dan taeyeon snsd kaget",netral
"iyaa aamiin, coba trus aja kalo ga gitu nanti maleman biasanya bisa soalnya yang akses ga banyak. jangan panik okeyy",netral
bappenas mengakui pada saat melakukan kunjungan kerja ke proyek kereta cepat jakarta-bandung ditemukan tukang las yang merupakan tka china.,netral
dengarin musik sambil streaming video klipnya tidak takut ngabisin quota klau pake indihome,netral
kita sangat khawatir ada orang yang melihat dan mendengar maksiat yang kita lakukan di balik dinding sampai kita lupa bahwa ada allah maha melihat di mana pun kita berada dan malaikat-nya yang selalu berada di sisi kita punya pena.,netral
"simpan permanen udh bs mulai nnti jam 3 sore sampe tanggal 15 feb jam 3 sore. data diri, foto semuanya masih bisa diubah klo km blm simpan permanen. saran aku, dr skrng udah isi semua data diri, upload foto dll, jadi ntar tinggal simpan permanen aja, nggak panik sm hal2 lain",netral
"pura-pura kaget, atau mo cuci tangan.",netral
"itu la tu. tgk biceps kiri pun nampak bekas bcg tu. tak kerana vaccine tu, dah cacat kena chicken pox.",netral
apa takut dengan imbas politik akhirnya hukum hanya sebatas lambangkah ?,netral
"jual app premium dari netflix, spotify, disney+, viu, iqiyi, wetv, youtube, hbo go dll harian bulanan payment via ovo, gopay, spay, dana full garansi affordable price trusted 1oo% jangan ragu buat tanya dan dm ya!",netral
ga malu apa?,netral
"jangan takut oleh jarak, karena jarak yg telah mempertemukan kita",netral
"jangan khawatir kalau gavi, araujo yang dikhawatirkan pindah. dapat tawaran dari chelsea dengan gaji gede tuh",netral
kalo makji udah aktif gini pasti otomatis ngarep dapet saldo kaget padahal udah sering nyadar kalo akunku di lapak makji tuh gaib walaupun nimbrung ngeramein tiap hari juga,netral
ya kali baru kaget sekarang,netral
"cara melawan toksik maskulinitas rapuh, salah satunya adalah dengan mendukung laki-laki agar tidak ragu merawat dirinya sendiri.",netral
" dengan majikan lewat 5 minit pun kita takut. tapi dengan allah, kita langsung tak takut. kadang-kadang solat dekat nak habis waktu. - uai",netral
grgr teminum kopi kah jadi gugup tadi?,netral
"dia takut kali aku gk jadi balik gess.. padahal niatku baik buat belikin mereka ikan, udang, dll buat lauk mereka, tapi di sambut gitu. ya ampunn. aku masih blom sadar dstu",netral
claire tersenyum kecil dan menerima permen tersebut dengan suara terima kasih yang pelan. ia membuka bungkusnya dan dengan tanpa ragu mengambil salah satu manisan berbentuk kacang tersebut dan mencicipinya.,netral
"iya""..asal jangan kuat malu",netral
"hati-hati terhadap akun palsu yg mengatasnamakan bank mandiri dan meminta data rahasia. untuk informasi terkait produk dan promo menarik bank mandiri, ibu bisa chat mita di whatsapp official 0811-84-1400. tetap jaga kesehatan selalu. tks~wilsa (end)",netral
"jadi dirimu sendiri agar ketika seseorang mencintai, kamu tak perlu takut jika dia akan temukan dirimu bukan orang yang ingin dia cintai.",netral
"gua kaget pc gua ternyata udah 113:"") termasuk yg otw ke ina:"" maybe untuk ukuran kolektor gua termasuk paling sedikit:"" soalnya ini digabung sm pc grup lain:"" (cmn ya paling sekitar 20 pc sih dari grup lain)",netral
"iya,krna malu gk sih pasti jawabnya lgi rebahan mulu",netral
jangan panik nder terakhir tgl 15,netral
gajadi malu aw aw,netral
"oh, lagi lagi alasannya karna takut dipakai buat hal hal negatif (kayanya mereka tau kalo rp itu ada nsfw nsfw nya), makanya sampai saat ini baru aktris thai aja yang gak mau di pakai wajahnya. aktornya belum.",netral
mam coklat gak takut gigi tuh,netral
ngapain takut,netral
kaget indikasi tidak menguasai persoalan dan tidak memahami perkembangan ..,netral
yah smsm ayok... yaudah siapa takut,netral
jgn malu a,netral
surat ojk palsu eazy property (pt indonesia jaman sekarang) - cc,netral
sabar sabar. kaget sama crossovernya. chigiri pulang kunigami udah nangis noh di pojokan,netral
takut boongan ya ??,netral
akhirnya kita gak malu lagi soalnya bener,netral
"fakta : mengikut kajian tidak boleh berlebihan minum air kelapa, takut nanti jadi santan dlm perut .",netral
saling menyayangi. saling memiliki. saling membutuhkan. saling takut kehilangan. itu yang terpenting.,netral
"oalah roomnya mau ada yang pakai ya, kirain kenapa tbtb end soalnya",netral
"jual app premium dari netflix, spotify, disney+, viu, iqiyi, wetv, youtube, hbo go dll harian bulanan payment via ovo, gopay, spay, dana full garansi affordable price trusted 1oo% jangan ragu buat tanya dan dm ya!",netral
"isin ora kisen. artinya kalau kamu malu maka perutmu tidak akan terisi. jadi, dalam melakukan suatu pekerjaan yang halal jangan malu malu karena malu akan menghambat rejekimu. sekian, terima kasih.",netral
"6. mata berkunang2, kalau main hp makin stress dan panik dibuatnya (paling kerasa pas siang hari) 7. perasaan ku akan timbul gak enak kalau berada didalam kamar yg berkedap, tapi kalau diluar ruangan yg ada hawa2 anginnya gak ada. justru oke banget. sudah jalan 8 hari.",netral
pembelian panik sebabkan kekurangan telur ayam,netral
selamat siang sender!! kebetulan saya avail sekarang dan lagi senggang banget cause i don't have anything to do now. bisa banget nanti kuta ngobrol-ngobrol dan jika kamu butuh saran saya akan bersenang hati memberikannya. bisa banget buat cerita apapun tanpa takut saya akan melayani,netral
"bigbang alive tour 2012 emang udah lewat, tp bwt para vip yg mau koleksi aksesorisnya jgn khawatir langsung cek favorit kami aja =)",netral
saturasi elu diatas 97 kan? iya.. gue mau test maju mundur takut semoga lu cepat sembuh istirahat yang banyak. jangan banyak pikiran,netral
"halo, cantik kebetulan aku sering di curhatin soal per move-on an, dan aku bisa kasih advice dengan jujur dan tegas but still in a gentle way, aku sering dijuluki counselor sama temen-temen aku, jadi jangan ragu ya buat cerita sama aku.",netral
"maksudku perjalananmu ke sini. . tapi, junsoo-ya sudah bertahan sampai sejauh ini, sangat menakjubkan! erangan itu”” meski samar terdengar pada indera pendengaran”” roman cemas tetap terpampang secara jelas. mereka, kan sudah lama dipisah oleh jarak, chaewon ”",netral
anak sd jaman sekarang gaada takut2nya ya. jangankan sama ujan sama gurunya aja gk takut kayanya mereka cuma takut kalo gk dapet uang jajan,netral
aku ikut ngerasain malunya gkpp kita berbagi malu,netral
"harga sesuai pasaran kak, takut merusak harga pasar wkwk",netral
chaeng kaget ga ya? berasa di surga gitu ga sih? disamperin bidadari,netral
"bukan cakep yg feminim tp kek ""nih cewe seems like she make rules of her life"" ya semua orang gitu kali ya tapi smth different she looks like an independent fierce woman. tapi ga bikin takut, kliatan friendly. yeu sotoy bingits",netral
"kaget doang, heran doang, ngemeng doang..",netral
"halo dearest sender, ayo sini sama kak vin kita ngobrol. kak vin dengerin keluh kesah kamu sekalian kasih saran. jangan takut untuk keluarin semua keresahan dan isi hati kamu ya. tentunya tidak judgemental kok. kalau kamu tertarik, boleh langsung hubungi",netral
ngapain takut buka 1st acc kan aku punya allah,netral
"trailer film kaget nikah eps 10 udh keluar, jangan lupa nikmati burgernya. kelahiran 2025 jangan nonton dulu, soalnya belum dewasa.",netral
jangan tegang tegang kak,netral
"gue jg tadi salah nder jawabnya, tpi bomat, who cares? biarin ajaa. lagian lu dah hebat mau dan berani jawab pertanyaan gurunya, jadi gausah malu ya nder",netral
kalo mereka main bareng lagi gue ga kaget sihh,netral
pake ikut2an kaget segala,netral
pura-pura kaget biar dia gak malu,netral
"heran doang, kaget doang, ngemeng doang..",netral
"saya avail hari, besok sampai tanggal 11. saya bukan hantu jadi tak suka ghosting, malah suka nyariin takut kamu hilang. vibes saya banyak yang bilang om-om dari segi dewasa dan jokesnya juga, ditambah selera humor saya rendah jadi ya lucu terus, sayanya.",netral
hi kak! lagi cari app prem? pengen cepet juga? ada nih! lengkap + fast respon + testi on pinned yaa yuk langsung dm! t jual netflix murah spotify wetv kaget nikah all of us are dead,netral
ada nih kak isvaya ( ) nderr! kalo masih ragu boleh cek dulu profiles nya di flipbook atau langsung aja dm ke charie yaa,netral
sorry tp kenapa takut eh kalau cert mysj jadi putih? as long kite bertegas dah amik 2 dose. should be fight jela balik kan? even kj ugut mcm tu,netral
"jangan takut akan perubahan kita mungkin kehilangan sesuatu yang baik, namun kita akan peroleh sesuatu yang lebih baik lagi",netral
yang serius wa aja saya enggak menerima brondong yang malu,netral
"dikit2 kaget dikit2 kaget, kaget koq cuma sedikit",netral
"aku ga bisa rekomendasiin punya aku, soalnya ada cacat dikit trus bau karet nya nyengat banget banyak ko toko yang jual, kamu ketik aja sendal beruang",netral
kalau takut kelupaan atau ga keburu bisa mintol temen buat login nder :'d semoga bisa cepet login lagi yaa,netral
7 arti mimpi menggali kuburan yang menakutkan: tak perlu takut saat mengalami mimpi menggali kuburan.,netral
kalau ketemu dongkrak antik apa gak malah takut itu bocah?,netral
"salah satu sudut bibirnya kembali tertarik ke atas membuat senyum tipis terpatri pada paras tampan miliknya. dengan penuh semangat ia melanjutkan bait dari lagu anak sekolah ini. ""tiap kali kau bermanja gemetar rasa di dada ingin kubisikkan cinta tapi hati ini malu jadinya""",netral
sini bestie hi kak! lagi cari app prem? pengen cepet juga? ada nih! lengkap + fast respon + testi on pinned yaa yuk langsung dm! t jual netflix murah spotify wetv kaget nikah all of us are dead,netral
"follow aja deh nel coba, nnti lo kenalin sendiri ankanya kyl gimna. tp jgn kaget aklo kisah cinta dia sangat amat teramat kasihan nih acc nya .nnajeaa",netral
"hai kak eka, terima kasih jika tidak ada hal lain yang ingin ditanyakan, jangan ragu hubungi kami ya kak apabila ada yang ingin ditanyakan. salam^nisa",netral
tida kaget karena u deserve it,netral
"/ina ga perlu terbeban harus menang ya, orang blnya juga panik semua di sini, jadi tenang ja",netral
"hi kak, mohon maaf terkait kendalanya. terima kasih telah menggunakan layanan anteraja ya kak. apabila ada kendala lain jangan ragu untuk menghubungi kami ya kak. terima kasih ^wh",netral
ini telat sih tapi ada 1 line dari au kamu yg paling memorable lupa structure kalimat spesifiknya gimana tapi seinget aku bukan karena tegang tapi karena sayang.. - gak telat sama sekali tell me anytime amd i'll still listen. aku ..,netral
varian omicron memiliki karakteristik yang cepat menular dengan gejala klinis yang lebih ringan bahkan tanpa gejala dibandingkan varian sebelumnya. bagi yang terkonfirmasi positif tetap tenang dan jangan panik. selalu jaga prokes 5m,netral
"kerana berita palsu bisnes kami jatuh, sos aminah hassan mahu kembali bangkit",netral
"join bn la. dapat makan mewah. tak cheapskate. baru semangat buat kerja. tengok semua muka ada senyum. yang muda cheapskate sangat. muka memaseng tegang. tengok bn memaseng pay attention bila ada yg melawak. kalau tgk meja muda, memaseng tunduk je pandang lauk sendiri",netral
"dia bikin thread, nanti dia yang malu sendiri pasti. krn bukan tanggung jwb seller kalo udah dilogin",netral
benerr koo artinya bikin kaget,netral
"amin, smoga semua doa baikpun berbalik ke kamu ya akutuh pgn iseng apply fs cm kok aku ragu, bakor ku blm fasih dan kayanya aku bakal mematung kl hadapan lgsg sm nana. tapi kl utk konser msh bs diusahakan",netral
"gak usah takut, angkat tangan aja trus bilang ""sorry but i have a question""",netral
"introvert juga tidak sama dengan pemalu atau takut dengan sosialisasi. introvert sama aja kayak org pada umumnya, sosialisasi itu tidak sulit bagi mereka cuman sosialisasi itu menguras energy.",netral
"menurutku ya secara acting dah ga diraguin lagi ya si prilly, dapet pesannya juga kok. cuman dr segi alur agak gak pas. bikin kaget kenapa bisa begini/begitu, akhirannya agak gantung juga. 7,5/100.",netral
"takpe kalau u rasa yakin,teruskan jangan takut",netral
pejabat pd kaget mulu tp jantungnya kuat aja ya soalnya kagetnya aslinya ga kaget jg..ehh gimana? maksudnya udah tau,netral
ada dengar ceramah ustaz ni pasal riak. macam kalau kita pergi rumah orangkan kita nak solat sunat tapi takut riak. teruskan solat jangan tinggal kerana kalau kita tinggalkan solat kerana riak itu adalah riak.,netral
start 12k aja yu hi kak! lagi cari app prem? pengen cepet juga? ada nih! lengkap + fast respon + testi on pinned yaa yuk langsung dm! t jual netflix murah spotify wetv kaget nikah all of us are dead,netral
gpp kalo ga aneh takut new owner,netral
aku sebenernya panik tpi ttp cantik,netral
"udh makan sayang? ""udah. mam lgsg aja, aku jd takut."" .. ""nes prnh ngerasa rumah kita terlalu sepi ga sih?"" ""iya. tp gpp, kan udh biasa."" ""kamu kesepian ga, sendirian di rumah? gaada temennya."" ""hmm .. kadang. tp kan aku bs main ke rumah temen."" .. ""mam ini ada apa sih?""",netral
"udah ah kamunya, ada2 aja hehe.. lanjut yah tante, hadiah utamanya blm nih, pengen rasain mulut tante hmmhh..iya-iya,tapi jgn disini yah..di kamar tante aja yuk..malu nih di dpn niko hehe..oke deh.. setuju jaka. mereka kemudian bangkit dan menuju kamar anisa",netral
untung g malu se-fandom,netral
"malu di jalan, sesat bertanya",netral
"ketika ragu menghampiri, ikuti kata hati. beri pertanyaan, rasakan jawaban. terkadang, kamu harus belajar untuk mempercayai hati.",netral
infp keknya panik di semua hal sih,netral
panik knp atuh kk,netral
"nani?? watashi daijoubu desu, tidak perlu khawatir susan-chan",netral
sini q tmnin biar mm gk takut klo gelap,netral
"bukannya yang ""sudah"" malah dihimbau untuk dilindungi dari yang ""belum"", karena ada khawatir bagi yg ""sudah"" akan jatuh sakit oleh kehadiran mereka yg ""belum""..? belum lagi wacana meski ""sudah"" tetap masih ""bisa"".. pandemi ini memang sebuah test iq",netral
nggak kaget. ada pula management rating apps di play store,netral
bissmillahirohmanirrohim aja sih. pada takut ina masuk grup neraka padahal ina sering buat tu grup jadi neraka,netral
lama lama kan juga terbiasa. teknik ke accounting ya kaget dan gugup karna baru awal,netral
gak heran. coba apalagi bisanya cma begitu doang,netral
"aku last seen aja sih, sampe kadang lupa kalo wa tuh ada last seennya, tapi enak aja gitu gatau kenapa, kalo centang biru aku tetep nyalain biar yg ngechat tuh ga panik dan udh yakin aku baca kalau hal penting",netral
kenapa komennya pada takut sih??,netral
"jangankan jatuh setetes air matamu, selembar daun jatuh pun allah tahu, jangan kau ragu akan kebesaran tuhan mu, yang telah mencukupi semua kebutuhan mu",netral
"cara jitu lepas dari tanggung jawab : ""saya kaget""",netral
jangan takut aku ga gigit kok,netral
"i ran alone around 8pm kat kj area, parked my car tepi jalan and dah finished 2-3 loop kot masa tu. then one uncle tanya you tak takut ke lari sorang ni? i said ok je uncle dah biasa sampai la round ke 3, from afar i saw a guy usha2 dalam kereta i. so i stopped 100m apart",netral
"semangat lzj, ketemu lky lagi, semoga bisa menang ya sekarang, takut banyak yang anu lagi nanti kalau kalah, stay strong",netral
"udh di anggep anak y mana ada takutnya dia, selain itu dia emg percaya sama hal begitu",netral
gak malu,netral
20. (orang yang mendapat malu di suatu pertemuan) i vote for at the 2022,netral
"aku pernah, jadi nanti dikasih pertanyaan kamu seorang individualis atau berkelompok jawab iya tidak ragu ragu, gitu doang",netral
"tugasnya membina seluruh prajurit tni ad utk membela nkri dari rongrongan kkb sdr dudung,tp kita bisa lihat di rusia,usa,(konflik ukraina)inggris saat prang malvinas dulu,para jendralnya memimpin terus dilapngan,mrk pd berani turun kelapngan,memang militer didik utk itu,gak takut",netral
ngga malu??,netral
"kalo nggak kaget, ya heran.. cukup di situ saja",netral
"sebenarnya.. aku ragu. tapi baiklah. dia mengulurkan tangannya malu-malu pada sang kawan. ""jangan bawa aku ke tempat yang aneh-aneh, ya.""",netral
alamat palsu apa harapan palsu?,netral
"pebalap motogp, enea bastianini, sampai harus memakai alat semacam tongkat untuk mengusir hewan yang ia sebut 'batman' itu.",netral
jenis takut penyapu tuu,netral
"jangan pernah memberi seseorang harapan, jika kamu tak ingin memenuhinya. lebih baik jujur meski pilu, dari pada bahagia tapi palsu.",netral
"itu maksud sendernya "" alhamdulillah nggak malu "" gitu yorobun",netral
malu dia tuh,netral
"sini ka! dijamin file kamu bakal aman karena no repository, no self plagiarism fast proses murah (start from 2k aja) bisa qris pastinya trusted 100% bisa liat testimonials di pinned ku ya! jangan ragu mau cek di aku! fastresp?",netral
"ku bantu benerin nder :""",netral
"nah iya, mending kalo ada personal chat atau undangan langsung ke kita baru deh dateng semangat sender! kamu gak malu-maluin ko, km kan juga di ajak",netral
"dana receh buat 10 org gaiss, doain aku bigwin siang ini makasii",netral
loka open verif dijamin amanah trusted juga mastip 15 maret 2022 ramah kok pren tidak galak (.) jangan ragu langsung dm/wa di bionya ya! yg mau verif lainnya juga bisa fast respon : 2,netral
kayak nya pada panik simpen permanen data ya?,netral
kaget kan lo,netral
jelas agar orang ngga takut sama tni..,netral
gapapa kaget aja,netral
exol juaranya malu-maluin fandom sendiri,netral
mahfud mengatakan berita hoaks ini banyak tersebar di sejumlah platform. termasuk media sosial yang sebenarnya diharap jadi wadah interaksi warga secara positif,netral
"kalo itu jangan deh, mending parfum soalnya dia kan mirip2 bentukannya, nanti kalo bed takut diekspedisi kena btw berapaan jualnya?",netral
justru yg kalo pas main malah pake baju haram itu yg bikin malu. masa sekitar rumah kerudungan giliran keluar malah buka bukaan. justru kebanyakan orng keluar kerudungan tpi daerah rumah ke warung suka pd males (meski harusnya ttp hijaban soalnya wajib nutup aurat),netral
aph yg membuat mu ragu nak?,netral
"kalo dia emang tidak panik, tinggal lepas tangan, toh akan di bela pendukung nya..",netral
"halo kesayangan kakak! kak vin hadir, mau cerita sini sama kakak? kakak udah pernah ngerasain dan sering dicurhatin soal pergamonan. bisa kasih kamu wake up call, biar kamu bisa menentukan langkah kami selanjutnya. tapi jangan takut, kak vin ga akan paksa kamu pake yang serem2",netral
"kriteria titit yang enak versi rina: panjang tebal, lurus atau bengkok ke atas, kuat, gampang tegang, lama keluarnya, periode refraktori yang singkat, bisa beberapa rounde.",netral
"berapa episode ""siapa takut jatuh cinta""????",netral
gue sebagai mantan yeen lovers merasa malu semoga dia cepet tobat dan bantink stir jadi yeen pobic ya.. gws buat temen kamu,netral
iyoo daa kawannyo pon banyak nan malu daa caliak ke norak-annya,netral
"jangan khawatir curtis jones ada di list b, jadi masih punya kesempatan lihat gocekan maut jones di ucl nanti.",netral
yang suka malu-maluin siapa nih? kamu kah?,netral
aslii tu orgnya aja hampir mau mukul tp kayanya mikir mikir krn itu anak orang takut jadi dia yg salah,netral
alamat palsu,netral
"pantesan gelarnya diduga palsu, minimal hasil nyuap. sok keren gunakan istilah coattail (coat tail) . buzzer yg profesornya aja kualitasnya begini, apalagi yg cuma ikut liqo 3 minggu.",netral
akan menyelesaikan masalah kita dan kita tidak perlu takut lagi kepada dos kelapan. fasa klinikal dos kesembilan akan mengesahkan bahawa antibodi akan stabil selepas dos kesepuluh. dos kesebelas akan menjamin bahawa mutasi baru tidak akan terhasil dan tiada sebab untuk kita,netral
"bolos, katanya takut kena congorna",netral
tuh testi dari orang yg make maskernya . jangan ragu lagi guys buruan pesen aja,netral
kaget? takut karna kemarin mintanya kurang banyak..??,netral
"apa lah nak jadi. cuba terapkan dalam diri kehidupan, kalau mampu jangan ambil bahagian orang yang tak mampu. sebab takut atas sebab ketamakkan kita, orang yang betul2 perlu tak dapat bahagian dia. kau rasa halal ke bahagian yang kau ambil tu kalau dah menipu?",netral
engga soalnya rambut gw jelek + malu auratnya keliatan kaya ga nyaman gitu kalo gw,netral
ga takut tp gapernah,netral
"halo siang kak , nyambung ke ursula nih^^ sorry udah bikin gelisah izin cek ya - ursula",netral
langsung swab pcr ya nder. gausah takut. nanti obatnya gratis ko dari pemerintah. nothing to worries biar ga nyebarin ke yang lain juga kalau udah ketahuan,netral
bersabar itu jauh berbeda dengan tidak bertindak karena pesimis dan takut. bersabar itu bertahan dalam sikap baik,netral
"sebentar lagi mereka kaget, karena ada rencana akan ada ibukota halu",netral
. kaget. beneran rp thai yang cewek kayanya lama-lama bakal gak ada rpnya. itu berati bener ya soalnya fanbase sana mah official gitu.,netral
"jangankan fandom lain, orang orang 1 fandom mereka yang malu sama kelakuan circle ini aja ga di dengerin haha kalo sakit psikis better bawa ke psikiater si.",netral
gw baru tau yukimi keluar band gegara punggungnya bakal cacat kalo doi masih main drum..,netral
rasul palsu kayaknya..,netral
"itu ceweknya udah kepalang malu juga teh jadi buru buru dibalikin, mau bayarin ntar dikira apa lagi gitu kan, orang gak kenal",netral
seperti tki yg kaget dengan germerlap kota kuala lumpur,netral
tanpa baju kita malu tanpa media sosial kita bosan tanpa orangtua kita takkan ada di dunia ini tanpa allah we're nothing.,netral
ga jadi malu satu fandom,netral
jangan ragu-ragu?,netral
malu mu mahkota yg tidak perlukan singgahsana~~,netral
o engga jadi deng. kayanya itu pas kota udah temenan ama orang dapet tiket y g c?,netral
masih bisa sampai tanggal 14 jangan panik tenang aja,netral
"takut tapi tetap percayalah diri, bismilah yuk bisa yuk",netral
berani menahan malu demi menyusui anaknya itulah seorang ibu,netral
"kami respon via dm ya kak, untuk nomor internetnya yang di info via mention harap dihapus ya karena merupakan privasi pelanggan yang khawatir di salah gunakan oleh pihak yang tidak bertanggung jawab, terima kasih. - lia",netral
hapuskan semua gelisah,netral
"wts acc rp y13 f1k - v email (dpt pass email), vall + 1k - go green - masuk ht mt - jarang ke ?72h - bukan bekas sus - enak di upfoll 65k,,t. wts tawarin need murce ijo",netral
paling enak tuh berkreasi di kostan emang,netral
"erick thohir ajak pr warga manfaatkan lahan perumahan mjdi lokasi pertanian. erick pun gagas energi tani. gerakan ini utk membumikan semangat bertani dlm masyarakat bisa menghasilkan produk2 pertanian secara mandiri.,",netral
aku bahagia karena satu hal karena aku bermimpi. aku suka sekali bermimpi dan selalu berusaha untuk mewujudkan nya. -hara (kara),netral
bahagia rasanya putri asli papua kakak fientje maritje suebu sebagai duta besar ri untuk selandia baru. papua = torang torang = indonesia indonesia = papua papua harus tetap bersama indonesia.,netral
"kalau komik gl gini jarang yg sad ending, biasanya konfliknya yg banyak tp akhirnya bahagia, beda kalau udah masuk di drama, biasanya kbnyakan sad ending",netral
"mungkin lain kali dia bisa menyatakannya secara jelas. walau begini, dia cukup senang. semuanya tenang sampai matanya bertemu dengan mata inupi yang baru saja datang.,inupi terlihat marah dan kesal, dari tatapannya saja draken sudah tahu. ia berdehem kecil namun draken-",netral
"yaudah aku pulang, babai kawan kawan semoga kalian bersenang senang",netral
"halo pagi pagi enak nya jajan di ada nihh langsung proses langsung copas!! fast seperti burok, trusted legal & bergaransi payment all e-wallet ?qris dm?a",netral
enak bobo aja,netral
hidupnya dari bangun tidur sampai tidur kembali diatur oleh sang ibu yang percaya apa yang dilakukannya adalah untuk kebaikan. samidare tumbuh besar menjadi kurang berekspresi. namun untuk menyalurkan idenya dia memiliki hobi membuat puisi. setidaknya ada yang membuatnya bahagia,netral
enak menambah tingkat kemageran,netral
kirimlah bangsa 10 kg perbulan.... perjenisnya..,netral
kupat gak enak,netral
harus bahagia,netral
"random facts 1. cinta mati mtk wajib minat kalau kimia cuma suka aja 2. senang bikin nama panggilan aneh buat teman dekat 3. mudah mules 4. temen gue banyak yang sesat, krn gue tp 5. mau jadi anime,",netral
"orang hadir di hidupmu karena sebuah alasan. mereka berimu bahagia dan kecewa. ada yg sesaat, tapi ada yg selamanya,",netral
"mau tya, mna lbh tahan donat panggang atau goreng dan lbh enak mana?",netral
"wikipedia reminder -- moa, yuk biasakan buat buka wikipedia txt minimal 1x?ari buat social rate juga!, ubah ke mode desktop scroll?aca selama 3-5 menit",netral
"vitamin, susu, makanan yg enak",netral
mondol sekamar 5 orang..ngirit masak rame2..ada yg bawa panci..kompor..dandang..beras.. kurang enak..banyakin micin..,netral
"bahagia adalah ketika dapat bersama, saling mencinta tanpa mempermasalahkan kekurangan yg kita punya.",netral
sesiapa yang membuat ibu dan bapaknya gembira (memberi keridhoan) maka sesungguhnya ia mendapat ridho allah s.w.t. (hadis riwayat bukhari) perjuangan penerapan syariah ..,netral
tidak ada semangat,netral
yg kaca lebih enak menurutku tapi boleh tu dicoba versi kemasan kotaknya~,netral
masih mendung cerah,netral
enak bgt jd mba nain,netral
enak aja,netral
pake popsocket enak ga si? aku belom pernah coba soalnya wkwk,netral
tangannya di gips aja masih semangat main.,netral
bmkg memprakirakan bahwa hujan ringan berpotensi terjadi di sejumlah kota besar di indonesia.,netral
"menteri bumn 2 mengajak para warga memanfaatkan lahan perumahan menjadi lokasi2 pertanian. erick thohir pun menggagas program bernama2 energi tani2 atau et. dia menjelaskan, gerakan energi tani bertujuan membumikan semangat bertani.",netral
hoam semangat kerja,netral
ayam penyet sambel ijo kak. enak sih. tp nguantri banget,netral
lebih enak sahabat dulu baru jadian terus nikah,netral
asal bapak senang,netral
dia memberi kekuatan pada yang lemah dan menambah semangat kepada yang tiada berdaya,netral
"parah iyo, enak rebahan cuy mbi ndelok udan",netral
bukan uang banyak yg perlu kita punya. tapi ngobrolin rencana2 indah aja udah bisa bikin kita bahagia. - mama,netral
cucianku numpuk gara2 hujan semalam untung cuacanya cerah hari ini,netral
"karena blm dapet gantinya, karena blm tentu kerjaan yg baru lebih enak drpd yg lama",netral
malah minyak satu harga adanya cuma di awang awang.. kudu produksi sendiri minyaknya..,netral
enak gasih digituin?,netral
gawajib nder. apalagi maaih bisa jangkau materi dari guru semangat sekolahnya,netral
",, jadi lapang terang enak ya buat jalan..",netral
namanya juga hidup enak ga enak ya tetep harus kita nikmati,netral
nanti tunggu free aja biar enak sleepkol dan vc nua,netral
oyi sek isuk wes udan ngene enak e lapo,netral
teh susu yang bikin enak apanya?,netral
"ketika kamu gembira, kegembiraanmu tidak melampaui hakmu.ketika kamu berkuasa, kamu tidak mengambil sesuatu yang bukan hakmu. itulah adab orang beriman",netral
"dengan bersyukur kita akan senantiasa diliputi rasa damai,tentram dan bahagia",netral
enak nya makan yang anget2 ni,netral
jadikanlah dirimu alasan orang lain tersenyum bahagia. :),netral
belum sarapan sih.. ini lagi ujan indomie soto plus telur enak kali ya,netral
"ceria dan bersinar selalu itu aku melody | oshimen melodyjkt48 & officialjkt48 | share info , quiz , games | |",netral
"aplikasi premium,2» henlo benlo ! aku jual app premium nih. ngga enak 'kan kalau acara asikmu diganggu iklan, yuk beli app prem di aku ! trusted legal bergaransi proses cepet minat? dm or tele ?anathaa",netral
"jika anda ingin bahagia, menikahlah dengan pria yang berwibawa. wii .. bawa mobil. wii... bawa duit.",netral
jangan mengeluhkan masalah yang datang dalam hidupmu. terkadang kamu harus merasakan sakit untuk dapat mensyukuri bahagia.,netral
"diet paling enak, disukai semua orang,turun bb cepat orderwa 085799289494 bbm:d19cb7a3",netral
"jangan pikirkan kegagalan kemarin, hari ini sudah lain, sukses pasti diraih selama semangat masih menyengat.",netral
"setuju. apalagi kalau ada edukasi seks serta aborsi yang baik, orang-orang jadi paham bagaimana harus memperlakukan seks dan akibat2nya. selama ini orang-orang hanya fokus ke makin bayak seks bebas, makin enak, dst. it's not even the point",netral
mari kak wa aja viu start 6k aja uda puas make sebulan. bisa req harga r utk c juga ¢¢ untuk sementara payment via shopee pay ditutup ya. shopee pay aku error. ¢¢ aku ready preset lightroom (via gdrive) ¢¢ no rush order,netral
"ular ,buaya , tikus jg klw udah dipanggang pasti enak",netral
"untuk meraih sukses, kita perlu motivasi kuat! namun untuk bahagia, kita bisa menikmatinya justru saat istirahat & bersyukur. (anonim)",netral
terkadang diam itu lebih enak,netral
"bener wkwk, jual beli itu suka suka whales, dikira whales satu doang ada banyak, dan grupnya juga pisah pisah, mau jual beli juga suka suka dia, malah kalau dia jual ga bilang, tiba2 sorr aja, bilangnya cuman pas serok, patokan paling enak ya tradfi sama makro ekonomi",netral
turun bb 8kg (testi wmp) solusi diet enak tanpa repot hanya rutin minum wmp juice aj order bbm wa 089654598758,netral
"usul oppa diterima ! senyuman pun diberikan pada pemuda; sebanyak apapun kue yang dia makan, bukan masalah. sebab ia suka makanan manis itu . oppa tau tempat beli kue paling enak tidak ? kalau tidak tahu, eun ae tau sekali.,",netral
jangan merasa puas dengan pengetahuan yang anda miliki karna samudra ilmu membentang begitu sangat luas dan dalam.,netral
masih semangat retwit nggak?,netral
bakar lumbung mereka curi beras mereka biarkan mereka lapar.. kemudian datanglah pada mereka dan bagikan sepotong roti katakan pada mereka kamu sangat mencintai dan ingin mereka bahagia yakinlah dgn begitu kamu akan dicintai mereka kemudian minta mereka memilih mu jadi raja,netral
"namun, waktu kamu kembali untuk mengikuti gp99 ada perasaan senang, sedih, khawatir. karena jauh dari rumah, karena adanya rasisme, karena situasi cn kr. namun disana kamu bisa kembali membuktikan kemampuanmu.",netral
"bibi masak sayur bening katuk dong sama bakwan jagung,pake sambel terasi sama ayam goreng enak nih bi mau itu menunya iya tapi gk ada sayur katuk. aku anterin yuk ke pasar,"" yaudh ayuk "" . mb bgt liat org makan begitu kmrn di rs",netral
kasi garam biar enak,netral
apa itu semangat?,netral
legowo itu adalah semangat.,netral
bubur gak enak,netral
"kita sering mengira diri ini lemah, kadang suka nggak puas atas pencapaian saat ini, tapi coba analisis lagi. kita juga udah melakukan hal dengan cukup baik, tidak menyerah aja itu udah point' plus, jadi mungkin bakalan baik lagi klo meyakini kemampuan diri sendiri.",netral
orang yang mata batinnya baik akan bisa menerima kenyataan sebagai fakta & ia akan bahagia,netral
"q lak pas dolan nang pondk mojo, area pethok-keniten-bendo mojo ada lho, malah seng enak iku keniten.. pernah soale q mas",netral
gak ileran ituu enak aja,netral
"lanjut gais. bbc skincare ini produk local ya, yang paling aku cinta n demen itu karna tekstur creamnya lembut ga lengket di aplikasiin ke muka enteng kaya ga pake apa2, ga ngedempul, kulit muka jadi cerah n glowing natural",netral
"erick thohir menjelaskan, tujuan gerakan et ini dibentuk guna membumikan semangat bertani masyarakat. ia pun ingin agar masyarakat dapat memanfaatkan lahan perumahan menjadi lokasi pertanian.,",netral
"kompor induksi ga cocok untuk masakan asia terutama masakan indonesia contohnya mau bikin nasi goreng ga bakal enak pake kompor induksi. nasi goreng butuh panas yang membara, sedangkan kompor induksi persebaran panas nya aja lama bgt.",netral
sarapan pake nasgor enak gk yh,netral
"bahagia itu sederhana, cukup dengan selalu bersyukur ke pada allah swt..",netral
"kalo emak ku koleksi kopi top yg gratis gelas kata mas kopi nya enak, yaudah ibuk beli, sekalian dapet gelas nya",netral
belum sarapan nunggu menang biar ada semangat lagi bang,netral
"justru dibikin biar inget kalo sakit tuh ga enak kan, musti jaga kesehatan jadinya",netral
enak asal jgn diaduk,netral
"rehat sejenak dulu kok, kalo dah full gaskeun lagi biar enak",netral
ada satu lagii harganya lebih mahal tapi emang bahannya enak banget. tar ya ku cek2 lagi,netral
"morning, semangat tipes nya.",netral
cerah,netral
"ini kalo aku ya. paling ga bisa pake skincare kalo blm mandi. jadi aku selalu skincare setiap abis mandi. kalo malem gmn? ya mau tidur aku baru mandi. di rumah gerah soalnya, jd enak kalo mandi sebelum tidur.",netral
"tumben banget pagi pagi udah semangat, biasanya lelah letih lesu",netral
kayaknya bakalan enak banget,netral
betull itu enak,netral
"tapi kalau pengin paham lebih enak baca recap di youtube?google daripada pas lagi dalam in game, coba search dan baca2",netral
isu pasal pendidikan yang paling aku tak puas hati dari dulu is kenapa sjk boleh dapat fasiliti lengkap compare dgn smk?k.,netral
kok bisa kamu semangat,netral
"belum coba keduanya sih. btw, ada gaksih yang pake serum vit c bukannya tambah cerah malah hiperpigmentasi alias tambah gelap mukanya?",netral
yg enak yak..,netral
"menteri bumn erick thohir mengajak para warga manfaatkan lahan perumahan mjd lokasi pertanian. erick thohir pun mnggagas program energi tani (et). energi tani brtujuan mmbumikn semangat bertani shingga masyrkt mnghasilkn produk"" pertanian scra mandiri.",netral
ketoprak lebih enak ya bang,netral
"kata temenku enak, tpi aiu belum pernah nyoba",netral
semangat kerja tinggi memang tak menjamin kita sukses. tapi tanpa semangat sudah pasti kita tak akan sukses.,netral
kebahagiaan akan datang ketika anda mampu membuat orang lain bahagia.,netral
"akhirnya setelah beberapa pertimbangan gw ga deactivate, tp gw logout dari apps untuk akun alter gw ini. ya karena gw masih belum bisa lepas aja sih. tahun kemarin gw rasa gw udah cukup puas bermain disini. berarti dm gw masih terbuka, walaupun ga tau kapan bakal bales dmnya",netral
sahabat adalah mereka yang mampu mengeluarkan kemampuan terbaik yg ada dalam diri kamu. mereka yg selalu berimu semangat.,netral
awali harimu dengan mendoakan seluruh keluargamu dan hidupmu agar bisa melalui hari ini dengan bahagia.,netral
keknya pancake enak ya,netral
"setiap orang punya rumah , tapi tidak setiap rumah memiliki warna yang cerah sesuai keinginannya",netral
"tak peduli dengan apapun yang terjadi hari ini. miliki senyum yang membuatmu terlihat bahagia, dan doa yang membuatmu lebih kuat!",netral
enak aja pingsan. aku kan anak sehat tubuh kuat,netral
",, terima kementerian bumn pak mentri bumn erick thohir yo dukung gerakan energi tani (et) untuk produk tani mandiri semangat terus pak,",netral
kegagalan pasti ada tetap semangat jangan putus asa elangga,netral
dr playlist semangat pagi,netral
lah anj enak banget??,netral
gua dah nyusun jadwal+dosen enak jdi pas di buka tinggal pilih kelas yg dah gua catet,netral
"dulu pake pinguin, beli merek yg ad tasnya aja gitu. bei yg ponco aja lebih enak dinpake",netral
"2022 aku tau berat banget kedepannya. jujur jalanku buntu aku cuma mau ikut alurnya aja. tapi aku percaya sedih itu kaya bahagia, semuanya sementara. habis sedih pasti nanti bahagia kok, begitupun sebaliknya. semuanya bersifat sementara gapapa kok ya kan hatinya seluas samudra",netral
nasi cikur teh nasi goreng pk cikur kitu teh..?? enak? *pakenanyaa,netral
",, dengan et (energi tani) semoga petani bisa membumikan semangat bertani,erick thohir",netral
"springhill f tier breakfast, yang enak cuma sosisnya",netral
"selalu guru inget krn kelasnya beda aja vibesnya, penyerap energi guru guru krn kayak guru sblm masuk kelas mipa 3 awalnya santai santai aja ada yg semangat pas keluar kelas gue serasa logging out keserap energinya ama kelas gue",netral
semangat nge ga,netral
semangat 45,netral
"jangan pernah lelah dan putus semangat, karna ini derby della madoninna,milano siamo noi,momen derby della madoninna kapan yang tak terlupakan buat kalian?,",netral
jangan takut karena menang itu membuat mu bahagia,netral
jika kamu melihat matahari saja tidak sanggup apalagi melihat sang pecipta,netral
"para kecoak dan tikus curut setiap pagi sarapan dengan melakukan onani imajinasi lewat tagar yg mrka but sendiri. iya, karena cuma dengan cara itu mrk bisa merasakan senang dan menang",netral
"emang kalo cewek dan cowok sahabatan tanpa melibatkan 'perasaan' itu terkesan tidak mungkin ya?? padahal sahabatan dengan lawan jenis itu enak banget kalo lagi saling curhat, apalagi tentang pasangan masing-masing. yaa, walaupun sering dicemburuin sama pacar sahabat kita",netral
"hi teman smartfren, biar makin semangat lihat kucing lucu, gemesin banget ya kak. terima kasih-alin",netral
"tak perlu kesempurnaan untuk bisa berbahagia, jika kesederhanaan mampu membuatmu menjadi bahagia",netral
"kalo abis sakit lalu sebats udah berasa enak lagi, itu tanda kalo sudah sembuh",netral
lockey sejati semangat,netral
apa aku beres 2 rumah dulu ya?? biar enak,netral
"pemilu itu cuma masalah selera ibaratnya ada yang senang pake wc duduk yang lain senang wc jongkok,yang keluar sama aja tai",netral
enak enak aja ah kak,netral
info warung babi enak malang,netral
udah semua nder dan aku suka semuanyatp ngga tau knp yg bebas laktosa lebih enak dri pda yg full cream,netral
modal semangat tok,netral
"semoga cerah siang nanti, mau ambil buku sekalian ke mas pepen",netral
eco farming punya cerita. salam tani makmur,netral
nih 3 semangat banget anjirr,netral
"jaga kesehatan mental anda dengan lima tips sederhana inimental yang sehat, tidaklah melulu harus bahagia atau tak memiliki beban sama sekali. meskipun kita memiliki beban yang cenderung berat, akan",netral
segerin dulu.. biar semangat,netral
yuu semangat mekipun ga keluar air susunya,netral
jinjin rocky gabisa minum gpp itu gabaik kok emang enak cola tapi jangan sering ya kk aku dah gak sering kalo dulu langganan,netral
tetap semangat demi membayar kewajiban,netral
"dengan senang hati & terima kasih konfirmasinya. jika kamu membutuhkan informasi, jangan sungkan untuk chat kami kembali ya atau kamu jg bs mendapatkan informasi melalui help center via aplikasi ataupun website have a nice day. terima kasih by ts",netral
"alhamdulillah..12 set lagi pagi ini dgn nafas ngos..ngossan..sebab kata adinda melawan si umi hrs dgn olah raga, istirahat cukup dan makan enak, ya kan,",netral
"cewek merasa bahagia ketika pasangan meng-anggap dia ada, meng-anggap dia penting, dan meng-anggap dia cewek satu-satunya",netral
processed food sana murah n senang dpt. fast food restaurant tu bersepah n murah.,netral
"menghimpun potensi menjayakan indonesia selamat menjalankan rakernas i rpi. salam sehat, tetap semangat! yanuardi syukur presiden perkumpulan rumah produktif indonesia,",netral
kalo support enak keknya combo sama ayaka,netral
yg enak yg mana,netral
"ini penilaian objektif ya nder, menurutku dari pemikiran yg km ungkapkan di menfess ini bahkan menunjukkan km belum cukup matang dan dewasa nder, yg diliat jgn imajinasi masa depanmu yg bahagia, pikirinnya kira2 nanti resiko cerainya seberapa besar ya? u will think twice",netral
enak buat tidur,netral
la lepa kata sup lagi best kat padang brown,netral
enak dong,netral
gini kan enak,netral
"bagiku,juara itu posisi dimna ada rasa puas yg mndtngkan kebahagiaan untk aku,mkhlk sekitar,tentu juga tuhan.smpai2 tuhan&makhluk bahagia akan lahirnya aku cnth kecil semut yg bahagia krn aku mmbrinya sbutir gula i",netral
"ga makan duit haram kak, makan nasi lebih enak.",netral
"mimpi qasim 2015- nabi muhammad saw bersabda, ini adalah islam saya dan kerana qasim melakukan segalanya kerana allah & saya berkata demikian, allah akan memberi mereka pahala yg berlipat ganda. ramai muslim di seluruh dunia mendakwa dia adalah imam al-mahdi tetapi dia menolak.",netral
"selamat pagi simeulue , sabtu semarak akhir minggu bersama teman-temanmu apakah kamu merasa masa kecilmu lebih bahagia dari kebanyakan orang? download neo bank masukan kode referral ha4yk2 dapat hadiah tunai rp 18.9rb perjuangan penerapan syariah",netral
"banyaknya petani yang tersebar di seluruh indonesia, menteri bumn gagas program energi tani (et) dengan tujuan membumikan semangat bertani sehingga para petani menghasilkan produk-produk pertanian secara mandiri.",netral
"lebih mending kecanduan si jadi enak ngabisin obatnya, ya gak sih?",netral
"semangat nder, kalau mau cerita silahkan",netral
"juara bukan hanya sekedar usaha dan menang, tapi harus bisa bersyukur, kalau gk ada rasa bersyukur tidak akan ada rasa puasnya dan tidak akan tenang, jadi ingatlah utk bisa bersyukur",netral
bahagia adalah milik mereka yang bangga menjadi dirinya sendiri,netral
"bunga matahari biar cerah, trims",netral
"bagiku,juara itu posisi dimna ada rasa puas yg mndtngkan kebahagiaan",netral
"maksutt? bukannya malah enak kalo ada pc yaa, bisa ku kolek, kalo station brrti gaada album n pc nya?",netral
"bagiku,juara itu posisi dimna ada rasa puas yg mndtngkan kebahagiaan untk aku,mkhlk sekitar,tentu juga tuhan.smpai2 tuhan&makhluk bahagia akan lahirnya aku cnth kecil semut yg bahagia krn aku mmbrinya sbutir gula h",netral
"ada 5 cara belajarmelihat, mendengar, mengamalkan, tdk cepat merasa puas & terus mengulanginya lagi.",netral
"enak, cantik",netral
"bos! ada f yg mau ditemenin morning enak? dm yuk sini, gue m ada di like, itsyourfriend",netral
jangan lupa bahagia,netral
ah kalok dilihat si gak enak,netral
"ngaruhh bngt,dulu pas kelas 8 suka mapel b ing ehh gurune ga enak bngt nyebelin juga jd ga suka b ing sm ga masuk materinya,trs pas guru itu digantiin sm guru lain materinya bisa masuk terus seru juga",netral
"oalahh.. yowes dh, semangat",netral
semangat loyonya,netral
orang2 jago banget menghakimi orang lain sekana akan yang mereka liat itu selalu salah ya.. padahal mereka gatau orang yang mereka hakimi itu salah satu orang yang gak seberuntung mereka.. semoga kalian gapernah ngerasain gagal nikah selalu bahagia dn pnya pwsangan yg baik,netral
lebih enak lg kalo mutualan,netral
"kamu boleh kok, dan kalau butuh temen cerita kamu bisa dm aku yaa. semangat nder",netral
"met pagi semua socialthreeners dimanapun anda berada.. biar semangat, yok donlot kumpulan foto ips3",netral
engga. tetep tergantung calon pasangan sikapnya gimana. jangan takut. oke? kalau jodoh nanti dimudahkan jalannya. jangan lupa untuk memperbaiki diri sampai menemukan tirik terbaikmu semangat senderr,netral
bersabarlah wahai hati tatkala ada orang membencimu.sesunguhnya manusia tidak pernah puas mencari kelemahan diri masing-masing :'),netral
tapi jus oreo g bakalan enak kalo g pake filling,netral
"pagii tweeps.. selamat awali sabtu dengan semangat menggebu. awali aktivitas dengan berdoa.,grafik covid19 kelihatannya meninggi. stay safe, jangan lupa tetap jaga prokes ya..",netral
nih biar lebih semangat,netral
"ssst iku sing waktu itu nyalon gubernur kalah telak itu bukan ? seriusan nanya. sepertinya negeri ini mjd tkesan tdk baik2 saja sejak bnyak yg kalah pilpres?ilgub?ilbub?pileg. tmasuk sejak byknya mentri & pjabat bumn dipecat, tmasuk pensiunan pjabat yg blm puas",netral
"udah cari grabmart lah, tokopedia fresh, aplah semacamnya tetep sih paling enak mah wassap kang sayur soalnya bisa nitip apaan aja yang gak ada di cart",netral
beliin mama rukuh biar semangat ibadah njoo,netral
"dengerin kata abang , dulu abang umur 19 tahun bisa dapet piala fa. kalo ade gagal gpp semangat perjalanan masih panjang tapi abang pesen jangan kaya si kayu ijo itu yak!!",netral
"wts rp receh 2±400f,15k ?acc 2, verif all ( dapat email & pass ) 2, masuk ht & mt non moots (boleh test) 2, enak dibuat upfoll 2, go green 2, dapat wa ba verif 2, mastip 17 maret 2022",netral
"dulu setiap lahan kosong bisa disulap jadi lapangan, sekarang kita memilih sewa untuk senang.",netral
"memotivasi mereka untuk belajar dan pintar. orang-orang tua merekapun jg senang dgn adanya pondok pintar papua inu. ucapan terimakasih para orang tua diberikan untuk para satgas yonif.,",netral
"untuk merasa bahagia, bingung, kecewa, sedih, atau marah adalah masalah keputusan. bila anda memutuskan untuk merasa berbahagia maka bahagialah anda. dengannya, kebahagiaan anda adalah sebetulnya hasil dari ketepatan keputusan-keputusan anda",netral
"dulu wkt meniatkan untuk ikut mbkm aja w mikir2 khawatir kalau skripsi w jd gakepegang krn w daftar start-up. semoga kedepannya pada bisa lebih bijak, kadang keputusan yang udah diambil itu gak bisa kita mau 'ah berenti aja', terus orang lain akan jawab dengan senang hati 'ok'.",netral
enak tuh,netral
punten mama rossa beneran melupakan al andin baby z. al bukan anaknya mama rossa ya. sampai ketika mama rossa bahagia aja ditinggalin al,netral
"pilihlah warna warna cerah, seperti hijau, biru, atau pink, untuk warna lantai dan tembok kamar mandi anda.",netral
bahagia bukan berarti segalanya sempurna. bahagia adalah ketika kamu memutuskan tuk melihat segala sesuatu secara sempurna.,netral
"menteri bumn erick thohir menggagas energi tani (et) yang bertujuan membumikan semangat bertani kepada masyarakat,agar bisa menghasilkan produk-produk pertanian secara mandiri.,",netral
semangat.jangan cengeng.sini cerita sama kita,netral
"safir digulirkan ke arah dimana gerobak penjual crepes berada, yang dijual oleh ahjussi paling berbakat ( menurutnya ) membuat crepes, disana. . . katanya, ini crepes paling enak di seoul! padahal dia cuma tahu tempat ini, itupun karena dekat &",netral
wah senang disangka 00 line tampak muda aku disana sujiya?,netral
semangat dong nitip rok sebentar,netral
"orang-orang yang suka berkata jujur mendapatkan tiga hal, kepercayaan, cinta, dan rasa hormat. (khalifah ali bin abi thalib)",netral
buat bass ada kak raska . kak raska ini dari dulu suka banget sama bass. makanya pas ada rencana bikin band langsung deh dia gercep buat ikut sebagai bassist,netral
itu makanan kesukaan dia kan? entah makanan kesukaan dia atau dia emg suka sama ayam itu. dia juga bbrp kali mentioned ayam itu di livenya,netral
"di tengah2 generasi yang butuh instant gratification, ternyata kesabaran itu kunci utama yang dibutuhkan untuk bertumbuh. ini ada 1 quote dari leo tolstoy. yang gue suka banget yang menggambarkan tentang proses dan waktu.",netral
"/ju mbl mbl murah banget loochh ayo guys join go miracle, suka dr0p jajan murce rd sering open sh4ring merch juga dan sekarang lagi open tabungan buat cb bangtan baru dr0p jimin unyel nih, yuk gass join link di rep yaa",netral
"setuju banget, lama-lama juga agak gimana gitu liat yang suka bilang begitu.",netral
"capitano rela dipotong gaji untuk bertahan, tapi milannya keterlaluan nawarin angka gaji barunya. emang suka banget manajemen skrng lepas pemain jd free..",netral
"olaa its acaa! ayoo nonton sama acaa kebetulan acaa available hari ini dan seterusnya,, acaa juga suka banget nonton nanti acaa kasih watching list acaa! kalo sender berminat bisa langsung dm dan ini card acaa yaa",netral
"ppp! buat kalian yang butuh epha app prem yg murah, fastrespon dan suka kasi promo, aku opres batch 2 sampe full member nih! mau intip pl atau mau nanya2 dulu? bisa banget! rep aja nanti kuketuk dm-nya ;3",netral
yahh anjir ada tu 1 lagi yg gw suka banget tp lupa judulnya. apa ya,netral
"mbl mbl murah banget loochh kuy! guys join go miracle, suka dr0p jajan murce rd sering open sh4ring merch juga dan sekarang lagi open tabungan buat cb bangtan tabungan mulai 25k aja guys yuk gass join link di rep yaa",netral
"mbl mbl murah banget loochh ayo guys join go miracle, suka dr0p jajan murce rd sering open sh4ring merch juga dan sekarang lagi open tabungan buat cb bangtan tabungan mulai 25k aja guys yuk gass join link di rep yaa",netral
"bapakku arsitek, dan klo bikin rumah selalu ada bagian terbukanya katanya biar gak panas. alias biar hemat ac. dan bagian terbukanya gede banget. tp aku gk suka. soalnya klo hujan selalu ketampon! alian air hujan yg kena angin msk ke bagian tumah yg tertutup atap.",netral
"aku tau ini pasti terdengar tidak nyaman. tapi ya gimana kalo sop nya memang gitu. tapi aku kalo dipanggil ibu suka kaget dan ekspresinya kelihatan gitu, jadi dipanggilnya mba. gpp, gpp. kamu harus terbiasa.",netral
"dulu gue pernah diajarin buat cari tau apa yang gue ""suka"" dan ""bisa"". ini exercise yang cukup unik, karena ini logical banget. ketika kita mau nge ""flow"", ya kita musti start untuk bergerak aja dari hal2 yang keliatan. nanti kepercayaan diri akan terbangun sendirinya.",netral
zoo apa bener sgm yg bebas laktosa ini bisa buat kitten? aku ada kitten umur 7 hari yg ditinggal induknya. aku udah coba kasih growsy gak suka,netral
"ketika kita suka sama suatu hal, pasti itu akan jadi kekuatan kita. karena ya ketika kita ngerjain itu, everything is flowing and we feel happy. tapi kan, kita lagi kena impostor syndrome,lagi gak pd banget sama diri kita. gimana cara cari tau apa yang jadi kekuatan kita?",netral
"kayanya dlu gua suka honeystar deh, udh lama banget ga makan cereal",netral
kasih gue satu alasan kenapa pada g suka matcha? hmm?,netral
"ya walaupun kadang gue kalo kesel suka kelewat batas. tp skrg gue lg berusaha banget biar ga negatif"" amat jadi orang minimal sopan lah",netral
kamu kenapa suka banget buka kartu haha.,netral
"jaman dulu w naksir seseorang masih kasih usaha buat deketin walaupun gak pengen confess apalagi jadi pacar. dulu seneng bgt bisa intens sms an dg dia. sekarang mah boro-boro. adulting makes me focus on myself. kalopun suka seseorang, yaudah suka aja. gitu tok.",netral
saya lebih suka otoriternya alm pak harto. harga dikontrol mafia pangan gak berkutik. migas dikontrol gak ada yg berani nimbun. preman disikat masyarakat aman tentram. sayang org2 disekelilingnya kurang baik. ada gbhn dan repelita arah pembangunan yg jelas.,netral
jangan masuk psikologi kalau gak suka hitung-hitungan atau gak suka berusaha. di psikologi ga harus pinter yang penting tekun dan konsisten karena banyak banget matkul yang sifat penugasannya jangka panjang dan butuh kesabaran dan konsistensi dari diri sendiri,netral
"terus suatu ketika ada temen aku bilang dia jadi suka sama youngk dan dia kasih tau aku day6, saat itu aku udah tau day6 sih tp membernya nggak tau siapa aja kecuali si jae sama youngk didengerin lah aku lagu day6 you were beautiful dan diracuni suara youngk eh tapi aku malah",netral
"ok dah tu, sorg marah ss akhirnya jd org kuat ss, sorg marah dsai at the end mntk kerusi..tu la cinta itu buta, mula2 gaduh, lps tu suka..",netral
"sender suka banget member di era-era di bawah ini. sehenernya ini pilihan yang sulit, mengingat semua member pada cakep2 di era apapun itu, hehe. kalau versi kalian gimana nih?",netral
yang ni tak payah cakap banyak. tengok muka pun tahu jenis suka buat onar. terima kasih kerana report kami akan masukkan dalam list untuk report klik:,netral
"jadi bakal lebih bagus kalo lu minat baca dan suka sama b ingg, karena sumbernya juga kebanyakan berbahasa inggris. 3. kalo lu males hafalan atau benci banget sama banyaknya teori. karena awal lu masuk aja lu bakal berkenalan sama teori teori umumnya tokoh tokoh psi",netral
"scorpio sekalinya udah suka atau sayang sama orang (gak harus pacar, temen pun berlaku) semua bakal dia kasih.. tapi sekalinya orang itu ngecewain dia, dia bakal inget terus kesalahan itu dan dendam",netral
konten bigo banget ini kak kokoh suka nonton video beginian di bigo terus dia kirim ke aku. lumayan penghasilannya minimal 5jt perbualan dari management.,netral
"terima kasih ke dosen ""makasih"" ke orang yg ga suka ""maaciw"" ke temen deket ""mksh"" ke orang yg selalu ganggu hidup aing",netral
njir dlu gue suka banget baca komik. ga tau pokoknya banyak dlu mah.. tp komik yang seri nya dikit,netral
happy weekend .. siapa hayo yang suka ga enakan ? jangan diterusin loh mitra mtb. malah susah sendiri yang ada .. kalau mitra mtb termasuk orang yang susah bilang tidak atau apa adanya meski bikin ga enak suasana ? kasih tau donk di,netral
suka banget ga bales wa. btw kak ian kenapa marah-marah,netral
"suka ada kok yang jual set, baru semalem juga ada di go 375k dapet set, malah biasanya ada yang jual di bawah itu juga. kalo cuma melet doang 150k aja udah overprice apalagi 250k. mending sabar dulu kak walau ada uangnya tapi jangan kasih buat seller ga waras.",netral
"tp gaperlu pura2 excited soalnya anak kecil gampang ngeh kalo kita pura2 apalagi kalo berlebihan. jd kalo ga bener2 tertarik bs cukup nanya2 aja ttg kesukaan mereka itu, mereka jg suka sih ditanya tanya gt",netral
b .. meskipun hype banget tapi kalau aku nggak terlalu suka sama alurnya ya nggak aku tonton..kadang mager juga buat nonton jadi cuman spoiler aja jadi tau ceritanya meskipun nggak nonton,netral
"untung nyokap tipe yang apa apa nanya gua dulu, walau kadang guanya musti sabar banget jelasin ini itu karena beliau suka lebih percaya omongan temen temennya. kita yang lebih muda yang lebih tau, jadi tanggung jawab kita juga buat ngawasin orang tua main ginian",netral
pull & bear atau uniqlo. tapi so far masih paling suka uniqlo sih karena awett poll uda 7-8 tahunan dan masih bagus banget. kalo p&b gatau kenapa lebih gambar grembel grembel gitu bahannya dan resletingnya rusak terus,netral
"orang yang suka berkata jujur mendapatkan tiga hal, : kepercayaan, cinta, dan rasa hormat",netral
"suka tidak selalu berarti cinta, bisa saja rasa kagum",netral
"manusia suka banget sm angka, salah ga menurutmu?",netral
"gak sibuk banget, tapi emang suka gak mood aktif disini",netral
"arlian melanjutkan ""soalnya arlian emang suka bikin kue banyak gitu dan kadang di bagiin ke temen. sayangnya lupa nanya alamat kakak waktu itu jadi gak sempat anterin kesana."" atentsinya kembali berfokus pada sang lawan bicara ketika kak laura bercerita mengenai akhir pekannya.",netral
"sebagai manusia lo harus punya 1 dari 3 aspek ini. kecerdasan, sikap, fisik. biar ada ""tapi""nya. dia kan bego, jelek, tapi sopan banget dia, suka nolongin gw. atau ni anak galak tukang boong, jelek pula tapi dia pinter si nilai gw bagus temenan sama dia. minimal punya 1.",netral
ini org kayaknya suka banget sama bruno mars,netral
keringet itu reaksi tubuh yang normal dan gak bisa kita kontrol ini peraturan nyusahin banget terutama buat orang yang gampang keringetan kayak aku. lagi duduk diem aja suka keringetan. makanya pas istirahat banyak yang lebih milih duduk diem aja biar gak keringetan wkwk,netral
libra salah diartiin php mulu padahal behaviournya aja yg suka bikin nyaman orang2 sekitarnya.,netral
"scorpio, asmara: jika sudah punya kekasih, maka perlu kesetiaan dan perasaan cinta yang tinggi, jangan suka bermain api.",netral
rata2 klo cuma follow ngga ada deh yg pake proof. aku pribadi suka kasih karena biar ga ke kelewat jeda waktu yg 3 menit,netral
"gara2 the whole local thingy discussion ini jadi kepikiran kalo seungmin tuh anak smandel banget nak ips ketos suka lomba debat atau ikut olim, selalu 5s tiap ketemu guru, sering dispen buat jadi perwakilan sekolah, tinggal di menteng kawasan perumahan atau apartemen elite",netral
"kalo itu temen deket, kadang mereka kyk gitu tuh krn nganggep kamu santai, ga mudah marah, jd mereka nyaman aja godain km. solusinya km lebih tegas lagi aja, lebih ditunjukin kl km ga suka, jgn terlalu ga enakan..",netral
"trus pas pulang, kn aku dianter sma kak yer, nah aku bilang deh ke kak yer.. trus kta kak yer, dikantornya tuh banyak banget yg suka sma kakak, sering ngajak lunch bareng or keluar pas weekend bareng.. tapi ya gitu gk ditanggepin aja malas soalnya",netral
"- (10/10) gw suka jadi wanita misterius - (100/10) omg lucu banget capa ini - (8/10) ni pasti temen smp - (8,5/10) do you get deja vuu",netral
"banget nomor 3 bikin geleng-geleng kepala, i can be cute and mature at the same time, suka banget babying and pampering pasangannya. suka share tmi apalagi dengerin cerita tentang keseharian kamu sambil pukpuk gimana? kita juga bisa pacaran love hate relationship yang",netral
tipe orang yang slowrespon alias males banget jawabin chat orang tapi paling suka kalo ada yang cerita panjang lebar bikin jengkel,netral
"bagi gua yang taurus, ya taulah kebanyakan taurus tuh keras kepalanya banget banget, egoisnya tinggi, sok cuek padahal mah baperan, kalo soal cinta taurus susah buka hati tapi sekali nemu 1 yang dia suka dan dia sreg dia bakal bucin banget meskipun endingnya putus",netral
"suka ngga suka, sukanya karena panggilannya lucu2 aja sma dah akrab dan dikasih sma mbah dan ortu. ga terlalu suka karena terlalu pasaran banget, selalu nemu yg namanya ""putri"" dmn2 wkwk",netral
"bnr banget, btw beliau kan salafi yak jadi ajaran nya keras banget sesuai tuntunan alquran dan al hadist, tp emg banyak banget yg suka fitnah beliau",netral
haii guys maaf ya dadakan aku minta maaf banget sama kalian kalo aku punya salah selama ini maaf banget kalo aku suka bandel ga nurut nakal dan lain sebagainya sebenarnya aku nulis ini cuma gabut ya guys,netral
semua kucing suka nongki di sandal kah?? kucingku juga suka banget nongki di sandal,netral
"makasih banyak ya kamu udah suka & berani bilang kayak gini sm aku.. tapi maaf karena aku kayaknya masih nyaman sendiri, maaf ya. semoga kamu bertemu sama orang yang lebih baik-! aku biasanya gt, kdg lgsg aku block",netral
"tell seller yang open sharing photopack sg22 suka capek ga jualin sisa sharing? kayak susah banget ada yang ngelirik polaroid sama pc konsep. sekalinya ada cust yang mau beli pola sama pc konsep langsung mikir ""omg ada malaikat"" karena sesusah ituu",netral
"mending mamanya h serumah ma mereka deh, jdi kalo diundang mana mana kan biaa buat alasan ga enak ninggalin sendiri mertua di rumah.. mamamya h juga sayang banget sama f kan jdi aman ga kayak mertua yg suka recokin menantunya",netral
tentastic! halo unis aku mau nanya boleh? kalo emoticon (?) ptg apa ya? soalnya aku kadang suka bingung kalo ada update gitu aku masih baru banget jadi gak tau huhu tia!,netral
"breadtalknya aku kasih temen, ngga suka abon rasanya aneh wkwk itu dibeliin cust",netral
"iya kan? mana kadang ada yang out of context banget deh replynya. kalau si adi ini kayaknya agak ngegas orangnya, nggak kayak si audsun yang somewhat terkesan lebih chill? nah, tapi si audsun nih suka ngereply random banget dah. tapi eh jangan-jangan mereka berdua temanan..?",netral
"betuul, aku suka di tl tapi pengen di dm juga cuman monoton banget kalau di dm makanya aku suka ghosting",netral
"gue tim yang kalau dikasih coklat, itu coklat gue kasih lagi ke orang lain. karena gue gak suka coklat.",netral
kalo males ngecas dan suka banget pake headset mending yg kabel,netral
"kalau saya sih lebih suka dibujuk tapi kalau dia minta waktu yaudah kasih waktu buat dia sendiri dulu, abis itu baru dibujuk",netral
aku suka kopi yg mmg tanpa gula atau hanya sedikit gula. cuma kalo terlalu kentel berasa banget kan ampasnya,netral
"aa aku ga ngerokok kak dan beneran ga ngerokok, samsek ga diem2 ngerokok, padahal papah perokok akut, terus dulu sempet di kasih rokok buat 'ngetest' tapi dia ga suka, sampe sekarang ga ngerokok. temen2nya pada rokok tapi dia tetep ngga. jadi masih ada cowo yang ga ngerokok:d",netral
"sakit tenggorokan awalnya, trs jadi demam naik turun, kepala suka pusing banget, trs flu dan batuk dehh, kalo nemj gejala gitu mending swab pcr aja, kalo emg (+) ntar suruh lapor ke puskesmas/rtmu klo emg gejala ringan disuruh isoman aja, rajin rajin berjemur, makan sehat, vitamin diperbanyak",netral
"bukan ganti sih, tapi suka bikin oleng, bangtan tuh kuat banget daya tariknya",netral
"iya yaa, dulu suka banget bacain cerbung coboy junior yg cast nya iqbaal",netral
"tapi sayang aku gabegitu suka foto foto, tapi kadang suka iri melihat hasil foto dari iphone. hmm",netral
biasanya ini hari sabtu. hari yg aku suka banget tapi hari ini lagi bener2 capek,netral
rasa lada nya strong banget.. lebih suka yg dikit ladanya,netral
"sch! sender pernah dikasih ini sama guru sender waktu smp mak jelbb pas dikasih , sekarang sender udah sma klas 2 tpi masih suka youtube-an apa lagi ngdrakor, bener bener susah banget lepasnya",netral
"gapyear! kalian yang bangun jam 3-4 pagi terus belajar dan ga ngantuk lagi di jam sekarang gimana tipsnya? sender suka ngantuk sekarang meskipun udh tidur cepet, dan banyak minum air putih banyak, terima kasih",netral
kadang tetangga sih suka reseg eh si a aja dah nikah masa kamu belum ih kesel banget pdhl kan nikah bukan lomba btw aku jual spotify premium 3 bulan cuma 35k dan masi banyak app premium lainnya yuk buruan order,netral
"ya karena,aku gk suka cinta cintaan",netral
"kadang suka cape ngehunter suka bosen juga, idk perasaan dulu sm sekarang pas ngehunter tuh udh kyk beda banget, dulu kyk nenggebu gebu semangat 45 buat ngert tp sekarang nggak kyk males banget gk ada semangat2 nya",netral
"bukan gak suka sih, suka bgt, dulu beli buku banyak sampe numpuk dirak. tp sekarang sayang aja gitu, abis baca tumpuk tumpuk, karena jarang bgt baca ulang, paling cepet juga 6bln-1thn tuh baru baca ulang. jd sekarang sistemnya beli-baca-jual lagi. yg penting baca yg ori.",netral
"saya tidak di ajarkan bermulut manis dan bermuka lebih dari satu. suka, saya katakan. benci, saya tunjukan. sayang, saya buktikan. krna sya bukan yng memberi senyum kebhongan",netral
tim yang suka banget liat angka tabungan nambah tp teteup ga pelit sama diri sendiri apalagi buat makan + ga pelit juga buat beli beli kado dll. kalau barang mahal ya nabung dulu atau nunggu ada bonus baru deh beli. ga tiap bulan belanja barang mahal berkedok self reward,netral
suka itu masalah rasa..dan kalo sudah tresno akan terus d puja..sama seperti para pendukung pak anies dan pak ganjar yg tidak pernah goyah sedikitpun walao kabar negativ menerpa,netral
aku juga orangnya sweet ke pasangan suka banget ngasi kamu sesuatu yang bikin kamu salah tingkah dan juga untuk love languange kala woa sama qt jadi gaakan ngerasa kebosanan kalau pacaran sama kala nantinyaa,netral
"sedikit informasi tentang saya, saya ini enfp, terus punya love language woa sama quality time, saya juga suka banget cerita tentang semua hal, juga dengerin cerita orang-orang, ya intinya saya bawel. saya mulai avail tanggal 16 nanti.",netral
"halo halo! kenalan dulu yuk sama darion main fc aku jungkook nih, dan kurang lebih ngerti dan paham banget lah sikapnya jungkook. mau jungkook ver baby atau ver talented bisa banget. aku sendiri orang yang talktive dan bubbly kalo chat, flirty, manja, dan suka pampering partner",netral
"oh kirain alergi gitu, sukaa banget sih soalnya enak tapi tergantung yang jual ya kadang suka amis.",netral
"aku tipe org ya make ""iya"" ke org2 tertentu. baik yg ga aku kenal, atau yg udah aku ga suka lagi. kalo ""iyaa"" ofc ke orang2 yang deket banget sama aku dan aku udah kenal dia banget2",netral
"single?karena gak ada yg suka,lagian udah nyaman mencintai yg jauh disana",netral
kalo emang suka banget sama bandnya pilih konser sih,netral
moodswing banget ga beb? suka galau klo disuruh milih ga? cepet bgt berubah pikiran ga? pacar gue ampe pusing klo nyuruh gue milih barang,netral
"namanya fani orang yg paling ga tau cara bersyukur orang yg kalo ko nasehatin, ngga bakal di dengar batu batu batu sedikit buat nyaman, bakal selalu dipercaya sedikit suka, ngga bakal di tegur sapa labil labil labil mudah stress kalo terobsesi, harus dikejar dan terakhir,boring",netral
"huhu jiheon graduation yaabakalan kangen belajar bareng jiheon,aku kalo ngerjain tugas suka sekalian nonton vlog jiheon yg belajar. biar kaya belajar bareng jiheon gt sedih banget jiheon ga bisa datang gradupadahal pgn liat dia",netral
"film ini semacam tribute untuk dunia jurnalisme. penggemar wes anderson sudah pasti bakalan suka sama film ini. tapi buat aku yang hanya penikmat film biasa, nonton the french dispatch kyk abis lari 10 km, capek. banyak sub plot dan banyak banget hal yg mau diceritain. tapi..",netral
"paling suka dg kisah nya danan dan cahyo sayang aku ketinggalan banyak, karena baru gabung di tweet aku baru baca kisah desa tanggul mayit dan gending alas mayit pengin tau kisah dari awal tapi bingung gimana nyari nya karena baru di tweeter..",netral
"gua suka kpop krn ada dita nya, kenapa lu mau bilang gua overproud? ya emang iya, suka suka gua, gua gak ganggu kesukaan lu, jadi mari saling respect satu sama lain",netral
"jadi kemaren di kasih sama temen sekerdus gitu, katanya isinya acak dan ada ceker. gue kan suka ceker jadi seneng dong, gue buka ini karena gue kira ceker tanpa tulang gitu. pas udah di buka sachet nya taro di piring, anjir belalang gede",netral
"yang tak suka kesukaan masing-masing,",netral
mantan istri bongkar trik cinta ferry irawan: ke saya masih suka kirim..,netral
banget sama orang yang kalo di ajak bicara suka ngomong hah,netral
"percaya banget, soalnya mamaku cakep banget.. terus sampe skrg aja suka ada bapak2 genit (huek) yang godain mamakku..",netral
"cannot relate kebalik, anak-anak malah suka banget nempel padahal akunya diem aja. tau-tau ngusel, tidur di pangkuan, minta digendong, disuapin, ngajak main, dll. beberapa kali juga nemu balita nyasar yang lari ke aku dikira aku emaknya. apakah aku infp kw?",netral
"dulu (kesannya lama banget) waktu awal (early 2020 ?) suka sama ni cowok, cuma ada 3-4 acc doang yang isinya screencaps mark gini",netral
"mun aku lah ni versi aku bila jadi mantan dan dapat barang2 dari mantanku aku mun dasar suka dan tepakai pasti ku pakai tarus aku ingat barang nya aja sih, lain orang nya yg membari siapa aku kda peduli wkwk makai barang barian nya bukan berarti aku masih cinta itu kalo aku",netral
"ga suka panggilan 'yang', 'sayang', atau 'ayang', tapi kalo kamu yang manggil kok aku diam?",netral
"kadang aku kalau lagi mode reader suka dm authornya apalagi kalau alurnya bagus. sayang gitu kalau puebinya acak2an. tp sekarang udah nggak sih, kalau diminta aja ngasih krisannya. sempet ada yg marah2 dulu di wp gara2 readernya ngoreksi tulisan dia, padahal bahasanya sopan2",netral
"kenapa ya, kalo au bxg peran mingyu tuh pasti jadi cowo sempurna yang buciin banget sama cewenya, kalo wonu perannya pasti jadi cowo brengsek yang suka nyakitin cewenya. tp kenapa pas au minwon mingyunya yg jd cowo brengsek se brengsek-brengseknya cowo dan wonu jd yg tersakiti.",netral
"kalo suka lauren layne, samantha chase, boleh banget ngobrol2",netral
"aku waktu sekolah ga suka nebeng ke temen cowo, bahkan ga pernah kayanya, soalnya ga nyaman aja gitu. kalo gada kendaraan mending pake kendaraan umum, atau nelpon orng rumah minta jemput.",netral
"who knows mungkin dinegara mereka, mereka ga bisa dapet impress sebanyak itu, tp begitu ke indo mereka bisa jd lebih terkenal, dihargai, jangan pake kata dimanfaatin mungkin bisa di blg nanti mereka ngomong gini gue suka banget di indonesia mereka baik2",netral
"kata bang koi ""itu yg suka komen kpop plostak plastik plostak plastik itu uda kasih kerja ke berapa orang ya""",netral
atau kalau mau kasih bunga mending yg ada pot nya sekalian. kali aja kalau cwe nya suka koleksi bunga hidup.,netral
"abis liat cinta laura diwawancarai, selama beliau ngomong saya ngangguk-ngangguk aja soalnya merasa relate. cuman motivasinya aja yang kalah gede saya suka males hh ""saya merasa kebahagiaan saya datang bukan karena saya sendiri, tapi ketika saya membantu atau memberi dampak",netral
kalo suka yang tema kerajaan harus banget baca arus balik sama arok dedes sih,netral
kita hidup ni janganlah ada pilih kasih especially dalam keluarga. nenek aku dulu masa kecil suka bandingkan dan lebihkan anak makcik aku dan layan adik beradik aku teruk sebab apa? sbb ayah aku tak sekaya dorg. masa arwah atuk aku meninggal,netral
"jujur kak, aku orangnya paling gabisa dan gamau baca fanfic yg nama artisnya diganti, sekalipun ada face claimnya, tetep aja gabisa, bayanginnya susah.. tap.. - seneng banget kamu suka aku jg kadang buat mereka ga ooc sihh biar lebih bis..",netral
"usaha banget cari duit.. btw yg jajan di kantor ku suka gitu pas misal gak masuk apa gk jajan maksa gitu nitip2in jajan .. akhir nya besok nya tak bilangin .. ""besok2 jangan gitu ya.. soalnya emang lagi gk pengn jajan.. """,netral
"dalam cinta, jangan pernah meninggalkan seseorang yg kamu cinta hanya untuk seseorang yg kamu pikir kamu suka.",netral
"apakah anda mendengarkan allah?..apabila kita lebih suka mendengarkan suara hamba tuhan, lebih suka mendengar kesaksian-kesaksian daripada mendengarkan tuhan sendiri, hal itu sesungguhnya menunjukkan betapa kurangnya kasih kita kepada allah. ~oswald chambers	Neutral
orang yang paling buruk itu adalah buzzer, mengadu domba antar sesama muslim dengan fitnahan dan cacian. dan nabi bersabda seburuk-buruknya kalian adalah yg suka mengadu domba saudara muslim yg saling cinta"" - nasehat pagi sayyidil habib",netral
"oke bahas concern pertama. 1. uang hilang krn pejabat korupsi. bp jamsostek itu diaudit sayang, segala pengeluaran harus dilaporkan. jd ga semudah itu korupsi. gue aja mau klaim uang taksi suka mager krn ribet, jd seringnya relain ajalah.",netral
"jadi tuh perumahan tempat tinggalku sering banget ada pengamen atau kadang suka ada yang nawarin barang gitu loh, nah waktu itu dirumah cuma ada bapakku doang karena aku sama kakakku lagi ke kampus, ibuku lagi ke warung sayur terus ada tukang ngamen kebetulan bapakku-",netral
"hurmm.. macam komputer riba, apa yang jadi telah pun terjadi, maka kita kenali diri dan berlapang dada, nikmati hidup dengan kasih sayang, kompen bahagia..",netral
"makanya cewek2 pada seneng sama dia, kalau suga ada yg isengin pasti cewek2 di kelasnya langsung pada maju semua. dia juga sama anak cowoknya klop banget, kalau jamkos suka main futsal di lapangan. pokonya dia kesayangan semuanya deh, soalnya anaknya sama siapa aja cocok",netral
sederhana saja. kalau sombong; banyak yg nggak suka. kalau rendah hati; banyak yg seneng & nyaman denganmu.,netral
"aku gasuka valentine, aku juga gabisa gombal, tapi kalo kalian suka.. mending gausah deh. soalnya setiap hari kan udah hari kasih sayang, ngapain gombal kalo emng kalian udah teristimewa kaya coklat di hari valentine",netral
"orang yang suka berkata jujur akan mendapatkan 3 hal, yaitu : kepercayan, cinta dan rasa hormat",netral
"haii, terima kasih sudah menjelaskan nya dengan bahasa yang baik. aku lebih suka penjelasan dan pembahasan kamu yang kayak gini. daripada kebanyakanborang2 yang qrt di base kemarin. aku minta maaf karena sering pke aku pikir ini sma aja kayak yg wp gitu dan karena banyak yg pake”",netral
"nnti kasih tau aku via dm yaa klo km udh follow akunku, masalahnya kdg aku suka gatau ada org follow",netral
"bikin sendiri. tapi jarang banget sih, soalnya mamah kan udah tau apa yg aku ga suka jadi ga bakal masak itu",netral
"ga berlaku sama aku yg ga suka minum dingin dan berasa rasa, jarang banget ke area ini malahan. aku biasanya langsung ke rak susu yg dibawahnya juga ada air mineral",netral
"kadang juga di kasih target yg lebih tinggi,dg adendum siap resign atau mengundurkan diri dg suka rela tanpa tuntutan apapn kpd perusaahaan kalo tdk bisa mencapai target dari peeusahaan,dan itu ditandatangani diatas materai",netral
pdhl kalau beli di ojek online ini cepet banget loh pelayanannya. jd aku kira suka kosong gt,netral
karena gue mutualan ig sama dia dan gue suka liat dia coment di postingan nya deobo. yaudah lah gue pengen kenalan tuh tapi takut banget soal nya dia kayak cuek gitu : lah kan lu mutualan sama dia kok lu mau kenalan lagi sih? dia itu temen tk gue,netral
gue kecil kenyang banget dipukul ibu gue. tapi sekarang gue bercandaannya suka manggil manggil dia make namanya doang. habit keluarga beda beda,netral
"terima kasih dasom-ah, kamu suka kah kopi seperti ini?",netral
"dia susah diajak cerita, anaknya lebih suka dengerin cerita orang lain. jadi, ya dia bakal ovt, ngeluh, atau apapun di twitter nya karena dia ngerasa lebih nyaman cerita di priv daripada ke orang lain, ya walaupun bakal dilihat juga sama orang",netral
"temen ku banyak ternyata . suka bingung sama orang yang kalo chatingan tuh ada aja yang dibahas, kalo aku tuh males, semales itu apa lagi setelah nikah, suami dirumah terus, mau chatingan ama siapa lagi coba, kalo ngga penting penting banget palingan cuma jadi penonton story",netral
"sksksk bener banget, pas ngajar gua cuman cengo aja ngeliatin, nanya ke temen ni orang ngomong apa. mana pelajaran ipa..tapi kalo di fb suka comment2an bahkan chattingan sama mr.nyaa",netral
"lao yan, karena dia tuh tipe-tipe tsundere. suka banget goda ah qiao. meskipun begitu, dia selalu nolong ah qiao",netral
"tuhan itu maha memberi, dia suka melihat manusia yang suka memberi, sebab itulah dia ciptakan kekasihmu agar kau bisa memberinya cinta",netral
"aku suka dari rg sama pahamify sering ngadain gratis, trus ig juga banyak tapi ribet banget syaratnya suruh share grup kadang",netral
"suka rebahan, tapi pengen dapet cuan tambahan? bisa banget sob.. yuk gabung di sobat indihome sekarang juga dan dapatkan uang hingga ratusan ribu rupiah dengan modal hanya smartphone kamu dimanapun dan kapanpun..",netral
ada yang pernah suka sama temen sendiri yang udah deket banget gak? terus klian mendem aja jangan confess atau gimana?,netral
"pake apa yg membuatmu nyaman nder mau platform bimbel yg mana, sesuaikan kebutuhan. jangan hanya ngikut tmen suka yang mana, nggak harus sama kek tmen gak apa ko nder..",netral
"papa aku tu suka banget tau min belanja di toko ijo,pokoknya dia kalau beli barang kalau bukan di toko ijo dia ga mau beli",netral
inisial orang yang lu suka dan sayang ?,netral
"set komemoratif ulangtahun jubli emas mrsm ke-50 bakal dilancarkan 14 februari ini edisi terhad & eksklusif kehebatan tidak dilahirkan, ianya dicipta kehidupan, suka duka, pengalaman dan cinta pertama bermula di mrsm abadikan kenangan anda pada ulangtahun ke 50 mrsm.",netral
"ada yang suka baca wattpad ngga? aku ada wattpad prem sharing sebulan gakepake sayang banget:"" belinya tanggal 2 feb, yang mau rep aja ya.. yang duluan aku dm. maaf pinjem ht",netral
"gue tipe orang yang kalo udah suka sama orang, bakal suka banget, kalo benci..ya benci banget",netral
"ga ada. aneh, org mah suka cerita mimpi ini mimpi itu, gue malah jarang banget mimpi, ada bagian malem itu mimpi, mimpinya jg suka gajelas jd pas bangun gue lupa tapi agak terkejut gitu",netral
"ah kakiku nyaman! aku mau berdandan,tp tetap paling suka pakai sepatu kets! - miiko",netral
paginya baik apa kusut?,netral
"ayaka menampakkan ekspresi cemberutnya ketika mendengar ucapan yang dilontarkan ayato, ""sungguh?? pekerjaan ayaka sudah selesai sejak tadi."" ayaka menggembungkan pipi kanannya kecewa. ""onii-sama sendiri bagaimana? apa pekerjaannya sulit?""",netral
lrt memang ajaib orang-orang sebelah sana tu dan ini bukan yg pertama kalinya mereka kecewa karena kemakan ekspetasi berlebihan mereka sendiri kan,netral
"sabarlah wahai diriku, sesungguhnya allah bersama orang-orang yang sabar itulah yang selalu aku katakan dalam hati untuk menenangkan diri.. ketika hatiku terluka.",netral
"abisan masih sedih kalo keinget yg unspeakable, jadi biar move on sedihnya, dilanjut baca cerita sedih lainnya",netral
sedih knp?,netral
"mrk 6:31 lalu ia berkata kepada mereka: ""marilah ke tempat yang sunyi, supaya kita sendirian, dan beristirahatlah seketika!"" sebab memang begitu banyaknya orang yang datang dan yang pergi, sehingga makanpun mereka tidak sempat. -- jangan lupa sarapan. selamat pagi.",netral
"eng! nya ""aku jga sedih kalo kmu sedih"" itu ""i'm sad that you're sad"" bukan?",netral
"ronaldo: 'gak usah sedih, kayak aku ini loh main bagus atau jelek gaji tetep selangit..' elanga: 'nggeh do, bar iki langsung party wae aku..'",netral
ih sedih masa. semangat akak,netral
kenapa hati mu lagi sepi ? ya karna kalau rame lanjut part 2,netral
"jangan pernah merasa sedih dikala sendiri, coba lihat kelangit, mataharipun selalu sendiri tapi tetap memberikan cahaya sin",netral
"sedih boleh. tapi jangan terlarut. sayang kalau wajahmu harus terus basah karena air mata. percayalah, ada pelangi setelah hujan",netral
"ppp! aku baru banget opress app prem nih masih sepi, jadi prosesnya bisa cepet, start mulai 500p. lagi ngadain event juga yg mau intip pl rep yuk",netral
i know that some ppl disappointed with his official appearance. kalo gw sih enggak kecewa sama sekali because pretty ayato is justice,netral
tapi.. lebih sedih lagi kalau pergi tanpa mengatakan apapun! - mitsuhiko tsuburaya,netral
kegaduhan yg ditimbulkan dan efek demo bersilit silitnya sampe skrg ga ilang2. meski pd akhirnya mrk marah krn kecewa jebul sing didukung malah pada dadi mentri kabeh,netral
"media official tv nasional kok ikutan ng goreng eh maklum kan udah sepi, jadi ikutan ngegosip",netral
"lah itu mah kesntuh semua sarafnya, stres sedih marah frustasi cemas mual tegang langsung bablas ilang mana cantik banget genggamannya",netral
"dari pasa sedih, sini kita hibur di gdm dan have fun aja",netral
pengen berduaan tengah malem di tempat sepi sm suami sampe kita digrebek polisi/satpol pp terus tunjukin aja buku nikah kita ke depan komuknya,netral
"salah lah wkwk ntar orang orang pada ikutan sedih, ya walaupun gua gk sedih sih",netral
"jika kau tertawa kau akan bahagia, walau disaat sedih apapun [jaguar d sauro]",netral
"ya sepi kan masih pagi ini, tapi pasar rame deh kek nya",netral
"bahagia secukupnya, sedih seperlunya, mencintai sewajarnya, membenci sekedarnya, bersyukur sebanyak-banyaknya.",netral
"having faith is a bless. pas lagi sedih atau down, berserah diri ke tuhan bikin tenang, dan kaya dibikin batasan biar ga depresi amat.",netral
"ini sepi banget dah, pada kemana ya?",netral
"kirain jumat loh, vibesnya kaya hari jumat sepi gitu",netral
"oke, pertama-tama. ulangi kalimat enih. ""cih, kudaranai watashi bangun di 2022 dan belum menjadi character anime serta belum tinggal di isekai. ck watashi sangat kecewa.""",netral
disini sepi yak,netral
ngga sedih tapi juga ngga seneng lempeng aja nih mood w,netral
sepi,netral
"rumahnya luas tp sempit, tinggi, tengahnya ruang tv kamarnya 3 muterin ruangan. di situ ak keluar bentar di teras soalnya sepi kan, itu mobil masih pada lewat trs aku bilang ma temenku kok masih pada bawa mobil sih berarti belum separah itu kan??",netral
"jangan sedih jangan galau gue punya mbah dukun langganan yang mujarab, kalau mau gue kasih alamatnya nanti nih.",netral
"orang hadir di hidupmu karena sebuah alasan. mereka berimu bahagia dan kecewa. ada yg sesaat, tapi ada yg selamanya,",netral
winner $200 aamiin pede aja dulu. biar ga keliatan menyedihkan. pickaw masih sepi senyap dari minggu lalu,netral
"park shin hye, son yejin. bagiku kek 2 itu ratunya drama sedih",netral
kan bener masih sepi,netral
"jika hari ini masih ada yang menangis, semoga tangisan itu bukan tangis kesedihan. ^^",netral
memang sedang sepi. selamat pagi. ^^,netral
anak susah makan? kurus? bunda jgn sedih. mrpro atasi msalah gngguan susah mkan order: wa 085799289494 bbm:d19cb7a3,netral
kisah ini tidak bisa menjadi bahagia ataupun sedih,netral
gk tau mau sedih apa seneng,netral
eiyy ngga repott seriuss duariuss deh apa yang ngga buat daraa¼ soo jangan sedih yaa pasti ada kok yang mau baca cerita kamuu,netral
tlku sepi mari cri moots baru,netral
"dulu waktu denger lagu kukira kau rumah, udah stop gamau denger lagi. (karna lagunya sedih banget) sekarang malah fyp d tiktok mulu..",netral
"aku lagi hari terakhir di bali, suwepi. udah kayak kota mati. belum banyak aktivitas sejak pandemi. bener sepi pol.",netral
hoy tl sepi nih,netral
tetap mendukung walau sering kecewa. -fans mu,netral
astagfirullah gak jadi sedih baca tweet sendiri,netral
sepi dehh,netral
gua tadi ngebatin.. kok stasiun sepi banget.. trus baru inget hari ini hari sabtu dan orang2x kebanyakan ga kerja,netral
beberapa orang nangis bukan karena sedih. tapi karena fyp tiktok isinya moment earthmix.,netral
hari ini bahagia atau kecewa?,netral
"jangan kecewa, kalau orang sunda masih pilih partainya arteria itu namanya keterlaluan..",netral
"jangan sedih bila belum dipromosi karena tidak pandai cari muka, 'muka' akan datang jika anda tetap bekerja dengan hati.",netral
"dulu pas jadi maba pernah pulang ngelewatin perbatasan provinsi jam setengah 9 malem, perbatasannya tuh hutan bukit gitu, sepi, paling cuma ada truk2 gede dan jarang banget lewat, motor samsek ga ada. dan itu pertama kali motoran jauh berjam-jam yang sampe ke luar kota.",netral
acc real sepi? yuk join. admin member baik hati dan tidak sombong'-')b,netral
"apabila kita memiliki kebesaran hati maka kita tdk akan mudah marah, kecewa dan tersinggung.",netral
"banyak orang bahagia hari ini, yang sakit disembuhkan, yang sehat dijaga kesehatannya. yang sedih, semoga cepat bahagia.",netral
dijalan sepi banget ni yang kerja tempat ku tok po,netral
"jangan sedih ,, indonesia merdeka itu karna bersatu bukan berdua..",netral
joke tu lawak love tu sayang like tu suka sad tu sedih,netral
haruskah aq buat fesbuk agar twitter ini semakin sepi,netral
"dan pun ketika jatuh/gagal, kamu gak akan sedih dan kecewa berlebihan. tetap semangatttsss",netral
"but if u get easily attached pasti sedih pisah sama dedek2 kucing, jadi ya siapin aja mental ya",netral
"semua hanya soal waktu. hitam atau putih, baik atau buruk, kalah atau menang, sedih maupun bahagia semua akan berlalu begitu saja.",netral
sepi banget dah,netral
kok sepi yakk tl gw,netral
"nothing is impossible emang benar adanya, bukan hanya melulu tentang harapan dan rasa senang, tetapi kecewa dan rasa sedih pun ikut andil di dalamnya",netral
"pemenang : dapat bersyukur saat kecewa. dapat tersenyum saat terluka. dapat bangkit, ketika terjatuh.",netral
"gw bukan orang kaya, tapi gw orang senang. gw gak punya harta, tapi gw punya bahagia. obay kusut (cowok yg mudah dikenal sukar dilupakan) salam rock n roll..",netral
padahal lapaknya sepi ya.,netral
mjb dipancing pake lagu2 yang sedih ajaa,netral
daripada kecewa mending kecewe,netral
"tapi soal kerudung.. nggk gw gak bisa. keeudung yang mleyat mleyot, terus kusut sana sini eww no. bisa sih pake kerudung yang rabani. tapi hari jum'at - sabtu wajib pakai yang ada logo sekolahnya. daan kalo misal gw siap"" 5 menit (tapi kayaknya bakal lebih) terus perjalanan -",netral
"guyss, aku minta tolong banget bantu ramein saldo dipinned yaa? masih sepi bgt entriesnya , ini ga community pertama kalau hasilnya bagus, semoga kedepannya aku bisa bawain kalian saldo"" lain dengan nominal lebih besar, tolong banget join yaa",netral
gatau gi rasanya ga seneng tp jg ga sedih,netral
gatau harus sedih tapi agak seneng juga..,netral
"hidup adalah pilihan. apapun yang membuatmu sedih, tinggalkan. dan apapun yang membuatmu tersenyum, pertahankan.",netral
"antara seneng ama sedih, seneng nya dapet skin harga jutaan rupiah, sedihnya ga dapet skin yg dipengen ya allah bkn hamba tidak bersyukur, tp hoki seumur hidupnya kok mode on sih",netral
"bulu-bulu mereka jadi tempat penampung tangis dan air mata haha bener bangett. walaupun ga mudah perjuangannya buat bikin mereka hidup tetap sehat dan bahagia sampai akhir, it's all worth it. very much. to be able to provide them with happiness, padahal sebelumnya tidak seperti itu",netral
"enggak sedih kok , cuma inget doang kesalahan emang bawa ini mobil , harusnya mobil laen",netral
"kita selalu brsama, senang sedih kita lalui brsama disaat kita sudah lulus sekolah kita mulai brlanjak dewasa, brpisah unt mr_anoncyber",netral
"baru pertama kali ada yang ingin lihat kami berkelahi, biasanya banyak yang bingung. karena terlihat serius ketimbang bercanda. jangan terlalu sedih dan jangan banyak dipikirkan, ai. banyak berdo'a saja mudah-mudahan abangmu berubah.",netral
tag doinya biar gak sepi liburannya,netral
"ga blh sedih"" yaa",netral
jangan lupa sarapan min.. karena sedih itu juga butuh tenaga haha,netral
"beria lah hype cerita ku kira kau rumah tu, tgk tgk tak sedih pun.. ni semua marketing indo ceh",netral
"pasti sedih dan capek jugaa, semangat ya firdyy",netral
"sudah makan belum bang, janganlah marah atau sedih karena kalah..",netral
"jika kamu merasa sepi, apalagi saat berada dalam proses berbenah diri, tak mengapa. bukan mereka yang menjauh, tetapi dirimulah yang sedang memfilter, siapakah orang-orang yang layak hidup bersamamu.",netral
"kalo w biasanya nyeletuk ""kok sepi apani"" tapi ga kenceng kenceng amat",netral
kayaknya masih sepi ya apa lanjutin snowdrop dulu..,netral
selamat pagi,netral
"ditutupin, dia berhak ngasih liat apa aja yg dia rasain dan mark harus tau kalo disini banyak orang yg sayang sama dia dan siap support dia, siap jg nguatin dia kalo dia lg capek lagi sedih. mark hrus tau, dia bisa jdi salah satu alasan banyak orang buat bahagia, harus semangat",netral
kemaren di tempat saya ada truk angkut air isi ulang yg terguling juga tapi tidak ada yg menjarah padahal situasi sepi,netral
morningg bestiee!! sepi amat deh,netral
"masih sepi sepi aja nih, jejangan yg nanggepin emang bot dan bajer doang ye? xixixi",netral
"jangan merasa kesepian saat sedang berbenah diri, karna di situlah saat kamu koreksi sapa ja yg pantas tuk hidupmu",netral
bersyukur itu adalah tidak mudah kecewa dengan apa pun yang terjadi dan tidak mengeluh dengan semua yang harus dihadapi.,netral
iyh ak tw sepi jg ko. ak buka ya kdng2 apdet bias doang ama scroll2 tok.,netral
"huuh pasti ada dari mereka yang mau menjatuhkan 1: sekian juta orang.. allah sayang sama kamu, allah mau kamu istirahat dulu skrg gpp nikmati aja rulesnya gak boleh marah ataupun sedih semua pasti ada yg lebih indah dari ini",netral
"sarapan dlu bang biar bahagia, jangan sedih",netral
"ini pada pindah ke fb apa? sepi amat, tumben loh ini wkwk",netral
"baru nyadar klo jomblo itu tak selalu berarti sepi, dan pacaran itu tak berarti selalu happy!",netral
"link nonton tsuma shogakusei ni naru,drama jepang penuh tawa dan tangis",netral
[+] enak banget kalo gerimis gini alun2 sepi jadi bisa dikit2 buka masker [-] gerimis,netral
"hiduplah sbg pejuang, seorang pejuang boleh suatu saat sakit / sedih. tapi ia tak boleh menyerah dgn kelemahannya, keterbatasannya dan kesedihannya. ia harus bangkit mewujudkan mimpi dan kesuksesan. sebab kesuksesan dan kebahagiaan ibarat piala yg semua orang berhak merebutnya.",netral
"dok hari ini sendiri ya, perawat gigi nya libur lah pantes kok jm segini masi sepi",netral
"acc ba aku mau mutualan dong, sepi bgt",netral
"* malam 1 nenek pake baju tipis. malam 2 nenek pake bikini, kakek kaget doang. malam 3 nenek telanjang bulat, kakek malah bilang, ""baju kusut kok dipake!""",netral
"kita gabisa misahin org yg bucin meski pasangannya toxic. udah habis hampir 10 tahun nelen stress tentang hal yang gabisa gue kendalikan, kena imbas mental juga sampai bablas selfharming depan mereka. histeris saking meledak. kalau dia sedih gue gaperlu menyalahkan diri sendiri",netral
iya ya kaya kaget gak si atau sedih seneng apa gimana,netral
dikamu sepi?,netral
masih sepi ya,netral
kok sepi?pada tidur ?,netral
sepi itu datang lagi motivasinya pun kembali turun tetap berusaha kuat agar apa yg ingin dicapai tidak terlewat,netral
coba diliat lagi alasan dia sedih kenapa biar gk nyesal nantinya,netral
"setelah kita ke psikolog biasanya nih.. kita ke trigger lagi ke masa lalu yang bikin kita sedih, takut dll. tapi disitu kita juga sadar, oh iya ya diumur segitu gue udah kaya gini, udah kaya gitu..",netral
"seneng dan sedih di saat yang bersamaan seneng karena di kasih semangat sama abang tapi juga sedih, karena jadi inget sama autumn abang hobi",netral
masa sepii?kok sepi?,netral
"aku ke cafe, tp cafe yg sepi gitu, kayak starbucks atau roketo kalo di dom aku",netral
"brother of the year, dahh jgn sedih lg yaa",netral
kua mana aja yg sepi biar cepet,netral
"tak perlu kecewa, kalah dan menang dalam permainan hal biasa.",netral
"kyknya gue mati rasa.. gak deng, bukan mati rasa cuman belum move on aja makanya dibikin baper ga baper baper, awalnya ditinggikan trs skrang dijatuhkanpun ga ngerasa sedih juga",netral
"masih tingginya kasus omicron di indonesia, membuat para pelaku industri pariwisata di bali mengaku sangat khawatir dengan kondisi saat ini.meskipun pemerintah telah mencabut pembatasan wna yang ingin berkunjung ke indonesia, namun kunjungan wisatawan asing ke bali masih sepi",netral
sesungguhnya allah tidak suka dengan orang yang selalu berwajah muram di hadapan kawan-kawannya. (hr dailami),netral
ya allah smoga bapaknya lekas sembuh yaa i hope there is a good news for them! buat temennya snder jangan menyerah sama hidup kalo nyerah nanti orang tua kamu sedih. masih banyak hal indah yg menanti jd terus hidup yaa kita sama2 berjuang! semangaat,netral
"jangan sedih, mereka tiang, kita normal kok.",netral
disini sepi banget,netral
"tinggalin semua orang yg sekiranya toxic buat lu. lu gabole sedih woyy !!! ini uda jalan lu yg uda diatur sama allah,so ya lu harus memahami dan harus bisa mengerti terus jadi bisa mencintai. semua orang juga punya kelebihan-kekurangan masing2.",netral
"ronaldo berkata :"" jangan sedih yak, besok abang beliin truck.""",netral
kalian bisa dengerin mitski tanpa ikut sedih padahal g bisa relate gitu?,netral
sepi euy,netral
twitter makin sepi apa yang fake udah pada mati ya,netral
gak jadi sedih,netral
"tapi menurut gua lu juga jangan terlalu cuek atau kecewa sama orang loh.. soalnya lu harus sadarin juga, ga semua org harus ngertiin lu, dan orang yang datang kehidupan lu juga gak selalu mau lu kayak gmn sikap orgnya, setiap individu memiliki karakter yang berbeda",netral
terima jasa menghibur biar gak sedih,netral
ramai berjajar sepi bernalar lupa batang akar demi sekedar lembar tanpa daftar,netral
"lapor komandan saat ini pagi pukul jam 07.04 wib bagian indonesia perjodohan masih terpantau sepi belum ada perubahan status sampai saat ini "" terima harapan """,netral
"jangan kesal klo dia masih bisa bawel u/ ngingetin km, justru km harusnya sedih klo dia udh ga pernah bawel dan ga pernah ngingetin km lagi.",netral
cari tempat sepi buat enaena,netral
notif terpantau sepi,netral
kalo ada orang mukanya murung fix fans mu,netral
alhamdulillah baik. banyak bgt sih sejak udah mulai cut off orang orang yg sering bikin sedih,netral
"melodyjkt48: meski ada hal sedih ataupun hal yang memberatkan, tak apa asal yang bahagia lebih banyak ",netral
sedih tgok vdeo rayan tu. semoga selamat semuanya.,netral
"saya paham. kamu sbnrnya cerita cuma mau didengar dan disupport aja. karna emg org klo lg sedih sbnrnya lebih butuh didengar daripada diberi judgement, right? tapi sy jg paham posisi bestiemu, dia khawatir thdp kamu dan mau yg terbaik buat km. dia gamau liat km sedih",netral
sidang polri cukup sepi hari ini,netral
"kelas gue ya gitu deh kayak kelas biasa, sesi a ribut bgt tp sesi b nya sepi bgt huhu hobinya ngevlog dikelas apa aja kalau ada kegiatan selalu dibikin vlog",netral
"kalau yg berkunjung ke suatu daerah itu spt , , dijamin pasti sepi kerumunan, ga ada satu pun masyarakat yg keluar!! kuncinya jgn yg ke daerah, biar mrk aja yg ke daerah.",netral
msih sepi apakah masih pda tdur / udh pda sekolah?,netral
jangan sedih 43 206 via,netral
"lah siapa lagi wkwk teman sedih senang aku dari lama banget yaampun, dia mau curhat aja aku rela ghosting dunia.",netral
"tapi ngga jadi sedih, wong ekskul nya ngga seru * tersenyum indah menawan spt cekep (cewek cakep)",netral
"nonton film kak, kalau belum pernah nntn miracle in cell no.7 bole coba. sama dengerin podcast2 yg sedih gituu kak",netral
kok sepi rep nya gak kek pas masa-masa penjilat,netral
"sepi bangett iyaa, kayanya sih paling fanlive sm cb. tapi klo ada schedule lain apa ya hmmmmm",netral
"aku sempat bertanya dalam hati 'apa mungkin dia juga merasa sepi?' kalau iya, aku ingin mengajak nya sepi bersama. -pram",netral
"antigen di stasiun, 35k, was wes wos 5 menit (kalo sepi)",netral
pantesan temlen sepi mu kalah maning tho ..,netral
kalo gak takut sedih emang gak waras,netral
"kenapa ya gue sering banget punya pikiran yang kontras kalau lagi sedih wkwkkw gue selalu nyalahin orang kalau gue sedih, tapi pas udah gak sedih i feel like i wantto cherish them",netral
tetap jadi org yg bahagia sebab setan itu datang dari perasaan tertekan dan sedih nice quotes bu guru untuk mamih satu lagi mih. tetap lah trsenyum mskpn di anggap gemblung.sebab senyum adlh sbgian dr ibadah dan hal yg paling dibenci org2 yg tdk suka dgn mu,netral
"melankolis mudah untuk sedih, gelisah, galau dan melow.",netral
"ronaldo ""gak usah sedih gue juga dulu kayak elu.. tapi parahan elu sih""",netral
makin kesini makin sepi karena udah pada close sama inactive kan sha?,netral
i'm back setelah sekian lama sunyi je acc aku kan,netral
"akibat fauzan terlalu kecewa dengan sang ayah yang memaksanya untuk mengikuti jejaknya menjadi seorang akuntan. itu bukan mimpinya sama sekali, dirinya tak memiliki bakat di sana.",netral
"fauzan yang mendengarkan kemurkaan sang ayah ketika dirinya mengutarakan mimpinya merasa kecewa. ia pikir, dirinya tak akan disuruh mengikuti ego sang ayah. seperti kakaknya, ronan, yang dipatahkan jua mimpinya untuk menjadi seorang pemusik.",netral
"takdir bagi mereka yang ikhlas, takder bagi mereka yang kecewa.",netral
"semoga allah melimpahkan banyak rezeki orang orang yang bersangkutan, agar tidak membuat sedih mama dan saya, dengan tidak mengambil alih pesanan orang. semoga allah menggantikan rezeki baik berkali lipat untuk mama agar bisa terus membayar cicilan rumahnya. aamiin.",netral
txt members jg lagi pada sepi sepi ae keknya lagi ada schedule y kemaren,netral
"selamat pagi, jgn pada kecewa.. ini wiken loh",netral
"bentar lagi yaa riin :) kalo rumah sepi, langsung pergi",netral
tolong banget join pinned ya besti 28k sepi bgtt ini yuk kesempatan besar buat win nih,netral
arya saloka kepergok tahan tawa di adegan sedih hingga minta maaf: editor video lupa potong adegan via,netral
pasti masih sepi,netral
secreto ku sepi yh setelah ak ga update au:d,netral
"rangnick: ""sangat kecewa, kami seharusnya menang dan mematikan pertandingan di babak pertama. sangat disayangkan peluang yang terkena tiang gawang, penalti yang gagal dan banyak peluang. seharusnya 2-0 atau 3-0.""",netral
"bagaimana kalian mengatasi rutinitas yang membosankan di kantor? kr! posisi kerja sendirian, sepi dan gabut. jd kalo pagi2 gini berangkat ke kantor bawaannya maless.",netral
kalo sedih kenapa?,netral
":: ih kok sedih, sabtu jam 7 ku gak ada excited nonton bad and crazy",netral
"jangan jari shamming nder kasian sedih ntr dia, km gak mau kan dibilang jelek aneh di antara temen""mu",netral
selamat pagi mih dede fatih dah bs selfi donk pake hp de ahma ne lagi mau ucapin selamat pagi ah ma . tetap jadi orang yg humble ya ahma. tetap jadi org yg bahagia sebab setan itu datang dari perasaan tertekan dan sedih sekian tausiah dede fatih,netral
sama² sedih brarti jodoh,netral
"kalau gak punya siapa2 sih bodoamat ya, adanya tl sepi sih join agency wkwk",netral
walaupun aku sedikit kecewa td malam krn bang twittis ngorok di space tp user gitar aku pengen ucapin selamat pagi bang jgn lupa ngopi . ada ga bang kopi merk suzuki?,netral
genshin emang game yang terlalu sepi untuk segi open world. bahkan horizon (game-nya) aloy gak sesepi ini. npc ada yg jalan-jalan dan berburu gitu.,netral
sedih? apa itu sedih?,netral
sepi banget pickawku,netral
sepi banget?,netral
"sama lah juga, cerita sedih hutang negara 1 trillion, rakyat siap menderma dalam tabung harapan, alih-alih kau meeting minum gloria jean's, minum evian. benda bebal ni menyebabkan ph tumbang dalam prk dan prn. marhean kepala hangguk.",netral
berpisah dengan meraka yang kau cintai itu sedih tapi temanmu akan selalu membantumu menanggung kesedihan itu. erza scarlet,netral
sepi.. tidur lagi ah .,netral
"congrats kak fik, tuh tak kasih congrats biar ga sepi sepu amat",netral
saturday gini tl gua sepi,netral
pickaw pn sepi mulu,netral
sampe jam sgini rumah msie sepi blom ada yg bangun,netral
"jika tidak dapat menggembirakan kedua ibu bapamu, jangan menjadikan hati mereka sedih kerana sikapmu selamat pagi semua",netral
pagi.. kok sepi?,netral
sepertinya harus cari teman lagi karena timeline sepi sekali,netral
lune mau temenan ga? nanti gue mention sepi banget ga ada temen ngobrol. rep panggil nama gue ya,netral
kalo sabtu jalanan sepi.,netral
"cuma karena kyohei gak banyak disorot di truth, ada yg gak mau beli dvdnya, wkwk. aku paham dia kecewa, aku pun kemarin sampe nyari-nyari keberadaan kyohei, tapi kan isi dvd katakon gak cuma truth doang, bambang. di spl misalnya, kyohei banyak disorot kok",netral
tumben masih sepi,netral
"buset, ujung ke ujung inimah. berapa jam perjalanan pulang pergi om?",netral
"jangan larut dalam kesedihan, ingat lah bahwa tuhan mengirimkan sedih dan bahagia kepada kita dalam satu paket. ..",netral
"semoga rezeki wlw udh dr kemaren mau beli aki motor sama bayar spp anak bang , ngojeknya lg sepi jd nunggak bayar spp nya semoga diqobul amin",netral
"ketika kamu bersyukur, kamu tak akan merasa sedih pun merasa kekurangan dan ketika kamu mengeluh, akan bertambah kesusahan",netral
harus beli donat biar ga sedih,netral
"bismillah.. assalamu'alaikum.. semangaat pagi.. ``yakinlah setiap hal yang kamu perjuangkan, pasti akan bertemu dengan hasil yang kamu inginkan. meski tak sama persis, meski jalannya penuh tangis, tetaplah semangat. kamu kuat, kamu hebat.``",netral
"sepi banget,",netral
"mau tau promonya dong, sapiens sm sepi itu jadi brp yaa?",netral
"belajar memahami bahwa tak semua keinginan bisa terpenuhi, barangkali obat terbaik tuk mencegah kecewa dan sakit hati",netral
pernah kah anda mndengar crt kbahagian yg hakiki di dunia yg fana ini.. trus kesenangan yg hakiki itu yg bgmn.. tak pernah merasa sedih gitu.. trus misal kalo laki sudah tidak kuat lemah cari nafkah apa layak di tinggal pergi.. di usir..,netral
kos gue sepi banget oadahal udah setengah 7,netral
"krisis moral sudah ke sumsum tulang, sedih, tp ini nyata, menjadi terasa wajar kita diganjar kepemimpinan seperti sekarang. saatnya bangkit, perbaiki moral masing2, kembali ke ajaran agama masing2. ini satu2nya cara mengembalikan sisi kemanusiaan yg bermoral.",netral
"hanya ada dua pilihan dalam cinta, bahagia atau kecewa. dan peringatan untuk siapapun yang bermain dengan cinta, harus siap merasakan keduanya.",netral
morning ninyan! awak jangan ikut murung jugak okay?,netral
"wah, timeline saya masih sepi sekali *menyapu timeline*",netral
"kata2 motivasi dari ibuku buat aku gak ada yang namanya hidup itu bahagia terus, jadi kalo ada masalah itu udah lumrah. jadi adek jangan sedih lama lama karena hari ini baru dapet musalah, gak papa yang penting kita sabar dan tetap bersyukur pasti bisa ngelewatinnyaa",netral
"selain kecewa, gua juga rada heran eib ini dari awal banyak aja yg nimbrung baik yg sok paham, ga sesuai konteks, dll. mulai dari persoalan gaji volunteer dsb sampe akhirnya eib dihentikan. tapi it's oke gua salut sama sikap sebagai penikmat karyanya.",netral
"jangan sedih bila belum memiliki materi, sedihlah jika kekayaan hati belum dimiliki",netral
guys yuk mumpung masih sepi join 21k di pinned ku dulu ya,netral
"jika kamu cinta dia, biarkan dia menjadi dirinya sendiri, maka kamu tidak akan kecewa ketika mereka tidak seperti yang kamu inginkan.",netral
biar gak sedih-sedih amat aku harus selalu ingat kalo mereka gak nyata,netral
biar ga sepi-sepi amat berandanya,netral
"skrg tl gue jam segini sepi, dlu rame",netral
"mental terbiasa instan hrs dihilangkan. dlm semua hal, sukses butuh proses dan tentunya hrs dibarengi progress. trofi hny bonus slm proses membangun tim yg solid. kecewa dg kekalahan dan kegagalan itu wajar. tp itu adlh jln yg hrs dilalui. badai pasti berlalu.",netral
"rangnick: ""sangat kecewa. kami seharusnya menang dan dapat menyelesaikannya di babak pertama. tiang gawang, penalti gagal dan banyak peluang. seharusnya 2-0 atau 3-0."" (bbc)",netral
sepi banget yuk join cuman rep doang gausah follow!,netral
sepi~,netral
perasaan takut kecewa hanya akan membuat kita takut menatap masa depan.,netral
buat apa sedih hati.,netral
denger denger rp makin sepi ya,netral
"rangnick: ""siapapun bisa membayangkan bagaimana yang dirasakan elanga. dia hancur dan benar-benar kecewa."" (bbc)",netral
"jika kau tertawa kau akan bahagia, walau disaat sedih apapun",netral
maksutnya kenapa sedih.,netral
"normaly 1 jam itu 1 juzz, perlu waktu 30 jam untuk khatam. sementar 1 hari itu 24 jam, maka perlu percepatan waktu utk khatam 1 hari tanpa makan, minum, istirahat. percepatan 2x saja terdengar suara kusut apa lagi 7x. yg seperti dia nggak perlu dihukum, bakal mati sendirinya.",netral
"(untuk minato) "" jangan terlihat begitu sedih minato. aku bahagia. kebahagiaan itu karena kau mencintaiku """,netral
"gunakan syukur ketika kamu dicintai, dan gunakan sabar ketika kamu dibenci. jangan ada sesal, jangan ada sebal.",netral
oh..sepi,netral
"ketulusan hati sepasang manusia kan tetap terjaga, sampai salah satu dari mereka merasakan sakitnya kecewa, atau berjumpa dengan sang pencipta",netral
"pengumuman final yang ditunggu-tunggu setelah berbulan-bulan berlalu. pastinya sedih, ya. but, ambil sisi baiknya. kita bisa liat denise lagi dengan kegiatannya. jangan judge pihak ini dan itu. semua sudah ambil keputusan terbaik. and well .. welcome back our mm",netral
sepi amat,netral
tidak seharusnya kecewa dan terluka membuatmu terpuruk. tapi itu adalah indikasi bahwa ada yang harus kamu perbaiki dalam dirimu.,netral
"kadang-kadang, capek lalu kecewa yaitu harga yang perlu dibayar untuk beli bahagia.",netral
"assalammualaikum wr. wb jangan lupa bahagia di pagi ini, nikmati kopi meski kopi itu pahit sambil dengarkan musik classic rock bila engkau izinkan hengky supit cover by:obay kusut",netral
"jangan terlalu sedih, inget musim depan manchester united merayakan 10th jadi pecundang liga inggris simpan dulu sedihmu kawan",netral
rata² 84 milih unpad keperawatan cih wkwk terlalu nekat abis klo milih jurusan yg sepi peminat takut salah jurusan.. gpp la cb aja msh ada pmdp poltekkes semoga sy lolos pmdp poltekkes kep bogor / keb bogor aamin,netral
"regina, kalau ingin cerita boleh dm aku ya regina. jangan sakiti diri kamu. aku mungkin blm tahu permasalahan km, tpi aku mengerti jk km lg ga baik aja. semoga km selalu diberi kekuatan ya regina. km boleh sedih, tpi km harus tetap semangat dan hadapi sgalanya. aku dsini regina.",netral
"karena skrg udah jelas, fokusku skrg ke mereka aja. ot6. msh sedih tp gpp, skrg eonni"" butuh lockey juga.",netral
saya kerja di jababeka dua kak rumah di cengkareng..paling pas krl aja udah kontra flow jadi sepi,netral
halo barang x sedang cari partner 3s. saya 23th tinggal d jakarta. privasi aman. mr.p big long. dijamin wife tidak kecewa .,netral
"sudah dikejutkan tampa di bangunin lagi, kamar sudah sepi dan berangkat ke masjid, sholikhah semunya anak"" ada perkembangan ni",netral
bogor sepi ya bang,netral
selamat pagi untuk jiwa jiwaa yang sepi,netral
udah seminggu gak on tw sepi sepi aja,netral
"follow ca ore yok, sepi :v .kangkeceh",netral
"setiap kali meeting, makin kusut and pressured. elek lah makin meeting makin tambah idea, ada usul aku ni master student kah research untuk 3 bulan jadi cam setaun dibuatnya sebelum tidur nebes, bangun tidur makin nebes",netral
berbahagialah jika kamu masih bisa merasa sedih karena itu artinya kamu siap menerima kebahagiaan yg lebih bahagia gigitch,netral
"rangnick: ""sangat kecewa, kami seharusnya menang dan menutup pertandingan di babak pertama. crossbar, tiang gawang, penalti yang gagal, dan banyak peluang. seharusnya 2-0 atau 3-0."" () bisa 5-0 malah..",netral
ada dua pengaruh rasa sakit : rasa sakit yang membuatmu kecewa dan rasa sakit yang mengubah dirimu,netral
"akun wayv sepi, akun w jdi ikutan sepi dh jrang ngetweet",netral
"rangnick: ""siapa pun bisa membayangkan bagaimana dia [elanga], dia hancur dan benar-benar kecewa."" (itv)",netral
"soalnya ga sesusah to m1p1 kok beneran, bacaannya juga pendek2, tapi ya gitu berbobot bgt buat otak pas masuk tka sumpah panas bgt, ac ga kerasa sama sekali mana sunyi, cuma ada suara kendaraan dari luar, bunyi klik2 mouse, sama bunyi kresek2 sarung tangan kebelet pipis",netral
"ada yang buat dakwah melalui kempen. ada yang buat dakwah dengan memberi kesedaran. ada yang buat dakwah dengan polisi. ada yang buat dakwah dengan penguatkuasaan. yang sedih, yang memperlekeh mana² usaha.",netral
bukan hanya seperti hotel..tempat hiburan atau kuburan..shg sepi dari ibadah,netral
terkadang lebih baik dianggap pemilih dari pada salah pilih.,netral
"kalo gigit bibir termasuk ga sih kak? ky aku kalo lagi emosi, lagi sedih, tu bawaannya gigit bibir bagian bawah sampe rasanya kebas gitu, pernah saking kencengnya takut sobek",netral
tetap semangat biar cepat sembuh y pak rektor tweeter sepi tanpa mu bagaikan sayur tanpa ikan asin..,netral
"semakin kita meremehkan lawannya, besar kemungkinan akan kecewa dengan hasilnya.",netral
"lucu, sedih, serem kek kok bisa sii",netral
"jangan sedih bro, gw juga suka gagal penalty",netral
"ohh hari ini, tumben masih sepi? wkwkw",netral
"ketika kau merasa sepi,,mengapa kau menghampiri ku dan bersandiwara?",netral
paling sepi,netral
"wkwkwk can relate, antara seneng apa sedih, gatau seneng awet muda apa sedih dikira anak kecil",netral
"wkwk gapapa kok, sedih kaya gt wajar..mending nonton moment bw dah skrg wkwkw.. kalo ga rewatch 2getheer..",netral
daripada sepi meningan tambahin followers kamu disini,netral
"padahal akun ini sepi, beda sama first acc ku tapi aku lebih betah disini",netral
"karena tau rasa kesepian, manusia akan menjadi lebih baik. karena tau rasa sedih, manusia akan menjadi kuat. (princess tutu)",netral
"yang terbaik adalah percaya dan berlindung hanya pada tuhan, bukan pada manusia. karena akan ada kecewa jika terlalu percaya pada manusia.",netral
sahabat adalah mereka yg tahu bahwa ada sedih di matamu ketika seluruh dunia percaya dengan senyum di wajahmu.,netral
"terkadang, bukan karena dusta, kamu membenci seseorang, tapi karena sedih menerima kenyataan bahwa dia tak bisa lagi kamu percaya",netral
kita dipertemukan oleh sepi dan dipisahkan karna gengsi,netral
